<annotation>
    <folder>OurDataset</folder>
    <filename>007-4741-200.jpg</filename>
    <size>
        <width>2736</width>
        <height>1824</height>
        <depth>3</depth>
    </size>
    <object>
        <name>ex</name>
        <pose>Unspecified</pose>
        <truncated>0</truncated>
        <difficult>0</difficult>
        <bndbox>
            <xmin>941</xmin>
            <ymin>1021</ymin>
            <xmax>959</xmax>
            <ymax>1035</ymax>
        </bndbox>
    </object>
    <object>
        <name>ex</name>
        <pose>Unspecified</pose>
        <truncated>0</truncated>
        <difficult>0</difficult>
        <bndbox>
            <xmin>997</xmin>
            <ymin>709</ymin>
            <xmax>1013</xmax>
            <ymax>719</ymax>
        </bndbox>
    </object>
    <object>
        <name>ex</name>
        <pose>Unspecified</pose>
        <truncated>0</truncated>
        <difficult>0</difficult>
        <bndbox>
            <xmin>1055</xmin>
            <ymin>583</ymin>
            <xmax>1065</xmax>
            <ymax>597</ymax>
        </bndbox>
    </object>
    <object>
        <name>ex</name>
        <pose>Unspecified</pose>
        <truncated>0</truncated>
        <difficult>0</difficult>
        <bndbox>
            <xmin>1139</xmin>
            <ymin>727</ymin>
            <xmax>1165</xmax>
            <ymax>747</ymax>
        </bndbox>
    </object>
    <object>
        <name>ex</name>
        <pose>Unspecified</pose>
        <truncated>0</truncated>
        <difficult>0</difficult>
        <bndbox>
            <xmin>1145</xmin>
            <ymin>753</ymin>
            <xmax>1157</xmax>
            <ymax>769</ymax>
        </bndbox>
    </object>
    <object>
        <name>ex</name>
        <pose>Unspecified</pose>
        <truncated>0</truncated>
        <difficult>0</difficult>
        <bndbox>
            <xmin>1353</xmin>
            <ymin>215</ymin>
            <xmax>1421</xmax>
            <ymax>245</ymax>
        </bndbox>
    </object>
    <object>
        <name>ex</name>
        <pose>Unspecified</pose>
        <truncated>0</truncated>
        <difficult>0</difficult>
        <bndbox>
            <xmin>1353</xmin>
            <ymin>387</ymin>
            <xmax>1379</xmax>
            <ymax>421</ymax>
        </bndbox>
    </object>
    <object>
        <name>ex</name>
        <pose>Unspecified</pose>
        <truncated>0</truncated>
        <difficult>0</difficult>
        <bndbox>
            <xmin>1373</xmin>
            <ymin>445</ymin>
            <xmax>1389</xmax>
            <ymax>461</ymax>
        </bndbox>
    </object>
    <object>
        <name>ex</name>
        <pose>Unspecified</pose>
        <truncated>0</truncated>
        <difficult>0</difficult>
        <bndbox>
            <xmin>1381</xmin>
            <ymin>465</ymin>
            <xmax>1395</xmax>
            <ymax>493</ymax>
        </bndbox>
    </object>
    <object>
        <name>ex</name>
        <pose>Unspecified</pose>
        <truncated>0</truncated>
        <difficult>0</difficult>
        <bndbox>
            <xmin>1383</xmin>
            <ymin>413</ymin>
            <xmax>1389</xmax>
            <ymax>419</ymax>
        </bndbox>
    </object>
    <object>
        <name>ex</name>
        <pose>Unspecified</pose>
        <truncated>0</truncated>
        <difficult>0</difficult>
        <bndbox>
            <xmin>1395</xmin>
            <ymin>507</ymin>
            <xmax>1405</xmax>
            <ymax>513</ymax>
        </bndbox>
    </object>
    <object>
        <name>ex</name>
        <pose>Unspecified</pose>
        <truncated>0</truncated>
        <difficult>0</difficult>
        <bndbox>
            <xmin>1399</xmin>
            <ymin>491</ymin>
            <xmax>1407</xmax>
            <ymax>499</ymax>
        </bndbox>
    </object>
    <object>
        <name>ex</name>
        <pose>Unspecified</pose>
        <truncated>0</truncated>
        <difficult>0</difficult>
        <bndbox>
            <xmin>1411</xmin>
            <ymin>493</ymin>
            <xmax>1417</xmax>
            <ymax>499</ymax>
        </bndbox>
    </object>
    <object>
        <name>ex</name>
        <pose>Unspecified</pose>
        <truncated>0</truncated>
        <difficult>0</difficult>
        <bndbox>
            <xmin>1457</xmin>
            <ymin>407</ymin>
            <xmax>1467</xmax>
            <ymax>417</ymax>
        </bndbox>
    </object>
    <object>
        <name>ex</name>
        <pose>Unspecified</pose>
        <truncated>0</truncated>
        <difficult>0</difficult>
        <bndbox>
            <xmin>1475</xmin>
            <ymin>383</ymin>
            <xmax>1523</xmax>
            <ymax>451</ymax>
        </bndbox>
    </object>
    <object>
        <name>ex</name>
        <pose>Unspecified</pose>
        <truncated>0</truncated>
        <difficult>0</difficult>
        <bndbox>
            <xmin>1501</xmin>
            <ymin>1241</ymin>
            <xmax>1515</xmax>
            <ymax>1249</ymax>
        </bndbox>
    </object>
    <object>
        <name>ma</name>
        <pose>Unspecified</pose>
        <truncated>0</truncated>
        <difficult>0</difficult>
        <bndbox>
            <xmin>971</xmin>
            <ymin>1015</ymin>
            <xmax>983</xmax>
            <ymax>1029</ymax>
        </bndbox>
    </object>
    <object>
        <name>ma</name>
        <pose>Unspecified</pose>
        <truncated>0</truncated>
        <difficult>0</difficult>
        <bndbox>
            <xmin>1231</xmin>
            <ymin>1371</ymin>
            <xmax>1235</xmax>
            <ymax>1375</ymax>
        </bndbox>
    </object>
    <object>
        <name>ma</name>
        <pose>Unspecified</pose>
        <truncated>0</truncated>
        <difficult>0</difficult>
        <bndbox>
            <xmin>1303</xmin>
            <ymin>1263</ymin>
            <xmax>1313</xmax>
            <ymax>1269</ymax>
        </bndbox>
    </object>
    <object>
        <name>ma</name>
        <pose>Unspecified</pose>
        <truncated>0</truncated>
        <difficult>0</difficult>
        <bndbox>
            <xmin>1325</xmin>
            <ymin>1263</ymin>
            <xmax>1329</xmax>
            <ymax>1265</ymax>
        </bndbox>
    </object>
    <object>
        <name>ma</name>
        <pose>Unspecified</pose>
        <truncated>0</truncated>
        <difficult>0</difficult>
        <bndbox>
            <xmin>1345</xmin>
            <ymin>1177</ymin>
            <xmax>1353</xmax>
            <ymax>1187</ymax>
        </bndbox>
    </object>
    <object>
        <name>ma</name>
        <pose>Unspecified</pose>
        <truncated>0</truncated>
        <difficult>0</difficult>
        <bndbox>
            <xmin>1617</xmin>
            <ymin>295</ymin>
            <xmax>1627</xmax>
            <ymax>305</ymax>
        </bndbox>
    </object>
    <object>
        <name>ma</name>
        <pose>Unspecified</pose>
        <truncated>0</truncated>
        <difficult>0</difficult>
        <bndbox>
            <xmin>1633</xmin>
            <ymin>289</ymin>
            <xmax>1643</xmax>
            <ymax>297</ymax>
        </bndbox>
    </object>
    <object>
        <name>ma</name>
        <pose>Unspecified</pose>
        <truncated>0</truncated>
        <difficult>0</difficult>
        <bndbox>
            <xmin>1981</xmin>
            <ymin>1177</ymin>
            <xmax>1991</xmax>
            <ymax>1187</ymax>
        </bndbox>
    </object>
    <object>
        <name>he</name>
        <pose>Unspecified</pose>
        <truncated>0</truncated>
        <difficult>0</difficult>
        <bndbox>
            <xmin>959</xmin>
            <ymin>1117</ymin>
            <xmax>969</xmax>
            <ymax>1123</ymax>
        </bndbox>
    </object>
    <object>
        <name>he</name>
        <pose>Unspecified</pose>
        <truncated>0</truncated>
        <difficult>0</difficult>
        <bndbox>
            <xmin>971</xmin>
            <ymin>1103</ymin>
            <xmax>981</xmax>
            <ymax>1115</ymax>
        </bndbox>
    </object>
    <object>
        <name>he</name>
        <pose>Unspecified</pose>
        <truncated>0</truncated>
        <difficult>0</difficult>
        <bndbox>
            <xmin>1021</xmin>
            <ymin>1151</ymin>
            <xmax>1029</xmax>
            <ymax>1171</ymax>
        </bndbox>
    </object>
    <object>
        <name>he</name>
        <pose>Unspecified</pose>
        <truncated>0</truncated>
        <difficult>0</difficult>
        <bndbox>
            <xmin>1029</xmin>
            <ymin>1123</ymin>
            <xmax>1043</xmax>
            <ymax>1141</ymax>
        </bndbox>
    </object>
    <object>
        <name>he</name>
        <pose>Unspecified</pose>
        <truncated>0</truncated>
        <difficult>0</difficult>
        <bndbox>
            <xmin>1083</xmin>
            <ymin>669</ymin>
            <xmax>1125</xmax>
            <ymax>711</ymax>
        </bndbox>
    </object>
    <object>
        <name>he</name>
        <pose>Unspecified</pose>
        <truncated>0</truncated>
        <difficult>0</difficult>
        <bndbox>
            <xmin>1097</xmin>
            <ymin>839</ymin>
            <xmax>1109</xmax>
            <ymax>853</ymax>
        </bndbox>
    </object>
    <object>
        <name>he</name>
        <pose>Unspecified</pose>
        <truncated>0</truncated>
        <difficult>0</difficult>
        <bndbox>
            <xmin>1107</xmin>
            <ymin>1123</ymin>
            <xmax>1115</xmax>
            <ymax>1131</ymax>
        </bndbox>
    </object>
    <object>
        <name>he</name>
        <pose>Unspecified</pose>
        <truncated>0</truncated>
        <difficult>0</difficult>
        <bndbox>
            <xmin>1123</xmin>
            <ymin>1127</ymin>
            <xmax>1139</xmax>
            <ymax>1145</ymax>
        </bndbox>
    </object>
    <object>
        <name>he</name>
        <pose>Unspecified</pose>
        <truncated>0</truncated>
        <difficult>0</difficult>
        <bndbox>
            <xmin>1129</xmin>
            <ymin>1429</ymin>
            <xmax>1149</xmax>
            <ymax>1449</ymax>
        </bndbox>
    </object>
    <object>
        <name>he</name>
        <pose>Unspecified</pose>
        <truncated>0</truncated>
        <difficult>0</difficult>
        <bndbox>
            <xmin>1177</xmin>
            <ymin>659</ymin>
            <xmax>1201</xmax>
            <ymax>679</ymax>
        </bndbox>
    </object>
    <object>
        <name>he</name>
        <pose>Unspecified</pose>
        <truncated>0</truncated>
        <difficult>0</difficult>
        <bndbox>
            <xmin>1201</xmin>
            <ymin>1135</ymin>
            <xmax>1247</xmax>
            <ymax>1173</ymax>
        </bndbox>
    </object>
    <object>
        <name>he</name>
        <pose>Unspecified</pose>
        <truncated>0</truncated>
        <difficult>0</difficult>
        <bndbox>
            <xmin>1251</xmin>
            <ymin>1317</ymin>
            <xmax>1305</xmax>
            <ymax>1339</ymax>
        </bndbox>
    </object>
    <object>
        <name>he</name>
        <pose>Unspecified</pose>
        <truncated>0</truncated>
        <difficult>0</difficult>
        <bndbox>
            <xmin>1271</xmin>
            <ymin>1573</ymin>
            <xmax>1289</xmax>
            <ymax>1595</ymax>
        </bndbox>
    </object>
    <object>
        <name>he</name>
        <pose>Unspecified</pose>
        <truncated>0</truncated>
        <difficult>0</difficult>
        <bndbox>
            <xmin>1281</xmin>
            <ymin>1709</ymin>
            <xmax>1287</xmax>
            <ymax>1721</ymax>
        </bndbox>
    </object>
    <object>
        <name>he</name>
        <pose>Unspecified</pose>
        <truncated>0</truncated>
        <difficult>0</difficult>
        <bndbox>
            <xmin>1295</xmin>
            <ymin>1385</ymin>
            <xmax>1389</xmax>
            <ymax>1453</ymax>
        </bndbox>
    </object>
    <object>
        <name>he</name>
        <pose>Unspecified</pose>
        <truncated>0</truncated>
        <difficult>0</difficult>
        <bndbox>
            <xmin>1297</xmin>
            <ymin>1257</ymin>
            <xmax>1335</xmax>
            <ymax>1271</ymax>
        </bndbox>
    </object>
    <object>
        <name>he</name>
        <pose>Unspecified</pose>
        <truncated>0</truncated>
        <difficult>0</difficult>
        <bndbox>
            <xmin>1313</xmin>
            <ymin>1319</ymin>
            <xmax>1321</xmax>
            <ymax>1325</ymax>
        </bndbox>
    </object>
    <object>
        <name>he</name>
        <pose>Unspecified</pose>
        <truncated>0</truncated>
        <difficult>0</difficult>
        <bndbox>
            <xmin>1341</xmin>
            <ymin>425</ymin>
            <xmax>1367</xmax>
            <ymax>471</ymax>
        </bndbox>
    </object>
    <object>
        <name>he</name>
        <pose>Unspecified</pose>
        <truncated>0</truncated>
        <difficult>0</difficult>
        <bndbox>
            <xmin>1403</xmin>
            <ymin>455</ymin>
            <xmax>1435</xmax>
            <ymax>475</ymax>
        </bndbox>
    </object>
    <object>
        <name>he</name>
        <pose>Unspecified</pose>
        <truncated>0</truncated>
        <difficult>0</difficult>
        <bndbox>
            <xmin>1419</xmin>
            <ymin>407</ymin>
            <xmax>1447</xmax>
            <ymax>423</ymax>
        </bndbox>
    </object>
    <object>
        <name>he</name>
        <pose>Unspecified</pose>
        <truncated>0</truncated>
        <difficult>0</difficult>
        <bndbox>
            <xmin>1451</xmin>
            <ymin>449</ymin>
            <xmax>1465</xmax>
            <ymax>477</ymax>
        </bndbox>
    </object>
    <object>
        <name>he</name>
        <pose>Unspecified</pose>
        <truncated>0</truncated>
        <difficult>0</difficult>
        <bndbox>
            <xmin>1523</xmin>
            <ymin>251</ymin>
            <xmax>1531</xmax>
            <ymax>261</ymax>
        </bndbox>
    </object>
    <object>
        <name>he</name>
        <pose>Unspecified</pose>
        <truncated>0</truncated>
        <difficult>0</difficult>
        <bndbox>
            <xmin>1529</xmin>
            <ymin>227</ymin>
            <xmax>1541</xmax>
            <ymax>249</ymax>
        </bndbox>
    </object>
    <object>
        <name>he</name>
        <pose>Unspecified</pose>
        <truncated>0</truncated>
        <difficult>0</difficult>
        <bndbox>
            <xmin>1587</xmin>
            <ymin>589</ymin>
            <xmax>1621</xmax>
            <ymax>607</ymax>
        </bndbox>
    </object>
    <object>
        <name>he</name>
        <pose>Unspecified</pose>
        <truncated>0</truncated>
        <difficult>0</difficult>
        <bndbox>
            <xmin>1591</xmin>
            <ymin>1351</ymin>
            <xmax>1639</xmax>
            <ymax>1385</ymax>
        </bndbox>
    </object>
    <object>
        <name>he</name>
        <pose>Unspecified</pose>
        <truncated>0</truncated>
        <difficult>0</difficult>
        <bndbox>
            <xmin>1611</xmin>
            <ymin>1435</ymin>
            <xmax>1647</xmax>
            <ymax>1461</ymax>
        </bndbox>
    </object>
    <object>
        <name>he</name>
        <pose>Unspecified</pose>
        <truncated>0</truncated>
        <difficult>0</difficult>
        <bndbox>
            <xmin>1639</xmin>
            <ymin>1509</ymin>
            <xmax>1651</xmax>
            <ymax>1527</ymax>
        </bndbox>
    </object>
    <object>
        <name>he</name>
        <pose>Unspecified</pose>
        <truncated>0</truncated>
        <difficult>0</difficult>
        <bndbox>
            <xmin>1647</xmin>
            <ymin>1395</ymin>
            <xmax>1667</xmax>
            <ymax>1407</ymax>
        </bndbox>
    </object>
    <object>
        <name>he</name>
        <pose>Unspecified</pose>
        <truncated>0</truncated>
        <difficult>0</difficult>
        <bndbox>
            <xmin>1649</xmin>
            <ymin>1211</ymin>
            <xmax>1729</xmax>
            <ymax>1251</ymax>
        </bndbox>
    </object>
    <object>
        <name>he</name>
        <pose>Unspecified</pose>
        <truncated>0</truncated>
        <difficult>0</difficult>
        <bndbox>
            <xmin>1669</xmin>
            <ymin>1311</ymin>
            <xmax>1689</xmax>
            <ymax>1327</ymax>
        </bndbox>
    </object>
    <object>
        <name>he</name>
        <pose>Unspecified</pose>
        <truncated>0</truncated>
        <difficult>0</difficult>
        <bndbox>
            <xmin>1677</xmin>
            <ymin>1351</ymin>
            <xmax>1685</xmax>
            <ymax>1365</ymax>
        </bndbox>
    </object>
    <object>
        <name>he</name>
        <pose>Unspecified</pose>
        <truncated>0</truncated>
        <difficult>0</difficult>
        <bndbox>
            <xmin>1737</xmin>
            <ymin>1423</ymin>
            <xmax>1753</xmax>
            <ymax>1433</ymax>
        </bndbox>
    </object>
    <object>
        <name>he</name>
        <pose>Unspecified</pose>
        <truncated>0</truncated>
        <difficult>0</difficult>
        <bndbox>
            <xmin>1743</xmin>
            <ymin>353</ymin>
            <xmax>1769</xmax>
            <ymax>387</ymax>
        </bndbox>
    </object>
    <object>
        <name>he</name>
        <pose>Unspecified</pose>
        <truncated>0</truncated>
        <difficult>0</difficult>
        <bndbox>
            <xmin>1797</xmin>
            <ymin>1249</ymin>
            <xmax>1813</xmax>
            <ymax>1263</ymax>
        </bndbox>
    </object>
    <object>
        <name>he</name>
        <pose>Unspecified</pose>
        <truncated>0</truncated>
        <difficult>0</difficult>
        <bndbox>
            <xmin>1799</xmin>
            <ymin>233</ymin>
            <xmax>1813</xmax>
            <ymax>247</ymax>
        </bndbox>
    </object>
    <object>
        <name>he</name>
        <pose>Unspecified</pose>
        <truncated>0</truncated>
        <difficult>0</difficult>
        <bndbox>
            <xmin>1803</xmin>
            <ymin>1299</ymin>
            <xmax>1817</xmax>
            <ymax>1319</ymax>
        </bndbox>
    </object>
    <object>
        <name>he</name>
        <pose>Unspecified</pose>
        <truncated>0</truncated>
        <difficult>0</difficult>
        <bndbox>
            <xmin>1865</xmin>
            <ymin>1399</ymin>
            <xmax>1909</xmax>
            <ymax>1467</ymax>
        </bndbox>
    </object>
    <object>
        <name>he</name>
        <pose>Unspecified</pose>
        <truncated>0</truncated>
        <difficult>0</difficult>
        <bndbox>
            <xmin>2059</xmin>
            <ymin>1235</ymin>
            <xmax>2111</xmax>
            <ymax>1263</ymax>
        </bndbox>
    </object>
    <object>
        <name>he</name>
        <pose>Unspecified</pose>
        <truncated>0</truncated>
        <difficult>0</difficult>
        <bndbox>
            <xmin>2087</xmin>
            <ymin>1087</ymin>
            <xmax>2113</xmax>
            <ymax>1119</ymax>
        </bndbox>
    </object>
    <object>
        <name>ex</name>
        <pose>Unspecified</pose>
        <truncated>0</truncated>
        <difficult>0</difficult>
        <bndbox>
            <xmin>941</xmin>
            <ymin>1021</ymin>
            <xmax>959</xmax>
            <ymax>1035</ymax>
        </bndbox>
    </object>
    <object>
        <name>ex</name>
        <pose>Unspecified</pose>
        <truncated>0</truncated>
        <difficult>0</difficult>
        <bndbox>
            <xmin>997</xmin>
            <ymin>709</ymin>
            <xmax>1013</xmax>
            <ymax>719</ymax>
        </bndbox>
    </object>
    <object>
        <name>ex</name>
        <pose>Unspecified</pose>
        <truncated>0</truncated>
        <difficult>0</difficult>
        <bndbox>
            <xmin>1055</xmin>
            <ymin>583</ymin>
            <xmax>1065</xmax>
            <ymax>597</ymax>
        </bndbox>
    </object>
    <object>
        <name>ex</name>
        <pose>Unspecified</pose>
        <truncated>0</truncated>
        <difficult>0</difficult>
        <bndbox>
            <xmin>1139</xmin>
            <ymin>727</ymin>
            <xmax>1165</xmax>
            <ymax>747</ymax>
        </bndbox>
    </object>
    <object>
        <name>ex</name>
        <pose>Unspecified</pose>
        <truncated>0</truncated>
        <difficult>0</difficult>
        <bndbox>
            <xmin>1145</xmin>
            <ymin>753</ymin>
            <xmax>1157</xmax>
            <ymax>769</ymax>
        </bndbox>
    </object>
    <object>
        <name>ex</name>
        <pose>Unspecified</pose>
        <truncated>0</truncated>
        <difficult>0</difficult>
        <bndbox>
            <xmin>1353</xmin>
            <ymin>215</ymin>
            <xmax>1421</xmax>
            <ymax>245</ymax>
        </bndbox>
    </object>
    <object>
        <name>ex</name>
        <pose>Unspecified</pose>
        <truncated>0</truncated>
        <difficult>0</difficult>
        <bndbox>
            <xmin>1353</xmin>
            <ymin>387</ymin>
            <xmax>1379</xmax>
            <ymax>421</ymax>
        </bndbox>
    </object>
    <object>
        <name>ex</name>
        <pose>Unspecified</pose>
        <truncated>0</truncated>
        <difficult>0</difficult>
        <bndbox>
            <xmin>1373</xmin>
            <ymin>445</ymin>
            <xmax>1389</xmax>
            <ymax>461</ymax>
        </bndbox>
    </object>
    <object>
        <name>ex</name>
        <pose>Unspecified</pose>
        <truncated>0</truncated>
        <difficult>0</difficult>
        <bndbox>
            <xmin>1381</xmin>
            <ymin>465</ymin>
            <xmax>1395</xmax>
            <ymax>493</ymax>
        </bndbox>
    </object>
    <object>
        <name>ex</name>
        <pose>Unspecified</pose>
        <truncated>0</truncated>
        <difficult>0</difficult>
        <bndbox>
            <xmin>1383</xmin>
            <ymin>413</ymin>
            <xmax>1389</xmax>
            <ymax>419</ymax>
        </bndbox>
    </object>
    <object>
        <name>ex</name>
        <pose>Unspecified</pose>
        <truncated>0</truncated>
        <difficult>0</difficult>
        <bndbox>
            <xmin>1395</xmin>
            <ymin>507</ymin>
            <xmax>1405</xmax>
            <ymax>513</ymax>
        </bndbox>
    </object>
    <object>
        <name>ex</name>
        <pose>Unspecified</pose>
        <truncated>0</truncated>
        <difficult>0</difficult>
        <bndbox>
            <xmin>1399</xmin>
            <ymin>491</ymin>
            <xmax>1407</xmax>
            <ymax>499</ymax>
        </bndbox>
    </object>
    <object>
        <name>ex</name>
        <pose>Unspecified</pose>
        <truncated>0</truncated>
        <difficult>0</difficult>
        <bndbox>
            <xmin>1411</xmin>
            <ymin>493</ymin>
            <xmax>1417</xmax>
            <ymax>499</ymax>
        </bndbox>
    </object>
    <object>
        <name>ex</name>
        <pose>Unspecified</pose>
        <truncated>0</truncated>
        <difficult>0</difficult>
        <bndbox>
            <xmin>1457</xmin>
            <ymin>407</ymin>
            <xmax>1467</xmax>
            <ymax>417</ymax>
        </bndbox>
    </object>
    <object>
        <name>ex</name>
        <pose>Unspecified</pose>
        <truncated>0</truncated>
        <difficult>0</difficult>
        <bndbox>
            <xmin>1475</xmin>
            <ymin>383</ymin>
            <xmax>1523</xmax>
            <ymax>451</ymax>
        </bndbox>
    </object>
    <object>
        <name>ex</name>
        <pose>Unspecified</pose>
        <truncated>0</truncated>
        <difficult>0</difficult>
        <bndbox>
            <xmin>1501</xmin>
            <ymin>1241</ymin>
            <xmax>1515</xmax>
            <ymax>1249</ymax>
        </bndbox>
    </object>
    <object>
        <name>ma</name>
        <pose>Unspecified</pose>
        <truncated>0</truncated>
        <difficult>0</difficult>
        <bndbox>
            <xmin>971</xmin>
            <ymin>1015</ymin>
            <xmax>983</xmax>
            <ymax>1029</ymax>
        </bndbox>
    </object>
    <object>
        <name>ma</name>
        <pose>Unspecified</pose>
        <truncated>0</truncated>
        <difficult>0</difficult>
        <bndbox>
            <xmin>1231</xmin>
            <ymin>1371</ymin>
            <xmax>1235</xmax>
            <ymax>1375</ymax>
        </bndbox>
    </object>
    <object>
        <name>ma</name>
        <pose>Unspecified</pose>
        <truncated>0</truncated>
        <difficult>0</difficult>
        <bndbox>
            <xmin>1303</xmin>
            <ymin>1263</ymin>
            <xmax>1313</xmax>
            <ymax>1269</ymax>
        </bndbox>
    </object>
    <object>
        <name>ma</name>
        <pose>Unspecified</pose>
        <truncated>0</truncated>
        <difficult>0</difficult>
        <bndbox>
            <xmin>1325</xmin>
            <ymin>1263</ymin>
            <xmax>1329</xmax>
            <ymax>1265</ymax>
        </bndbox>
    </object>
    <object>
        <name>ma</name>
        <pose>Unspecified</pose>
        <truncated>0</truncated>
        <difficult>0</difficult>
        <bndbox>
            <xmin>1345</xmin>
            <ymin>1177</ymin>
            <xmax>1353</xmax>
            <ymax>1187</ymax>
        </bndbox>
    </object>
    <object>
        <name>ma</name>
        <pose>Unspecified</pose>
        <truncated>0</truncated>
        <difficult>0</difficult>
        <bndbox>
            <xmin>1617</xmin>
            <ymin>295</ymin>
            <xmax>1627</xmax>
            <ymax>305</ymax>
        </bndbox>
    </object>
    <object>
        <name>ma</name>
        <pose>Unspecified</pose>
        <truncated>0</truncated>
        <difficult>0</difficult>
        <bndbox>
            <xmin>1633</xmin>
            <ymin>289</ymin>
            <xmax>1643</xmax>
            <ymax>297</ymax>
        </bndbox>
    </object>
    <object>
        <name>ma</name>
        <pose>Unspecified</pose>
        <truncated>0</truncated>
        <difficult>0</difficult>
        <bndbox>
            <xmin>1981</xmin>
            <ymin>1177</ymin>
            <xmax>1991</xmax>
            <ymax>1187</ymax>
        </bndbox>
    </object>
    <object>
        <name>he</name>
        <pose>Unspecified</pose>
        <truncated>0</truncated>
        <difficult>0</difficult>
        <bndbox>
            <xmin>959</xmin>
            <ymin>1117</ymin>
            <xmax>969</xmax>
            <ymax>1123</ymax>
        </bndbox>
    </object>
    <object>
        <name>he</name>
        <pose>Unspecified</pose>
        <truncated>0</truncated>
        <difficult>0</difficult>
        <bndbox>
            <xmin>971</xmin>
            <ymin>1103</ymin>
            <xmax>981</xmax>
            <ymax>1115</ymax>
        </bndbox>
    </object>
    <object>
        <name>he</name>
        <pose>Unspecified</pose>
        <truncated>0</truncated>
        <difficult>0</difficult>
        <bndbox>
            <xmin>1021</xmin>
            <ymin>1151</ymin>
            <xmax>1029</xmax>
            <ymax>1171</ymax>
        </bndbox>
    </object>
    <object>
        <name>he</name>
        <pose>Unspecified</pose>
        <truncated>0</truncated>
        <difficult>0</difficult>
        <bndbox>
            <xmin>1029</xmin>
            <ymin>1123</ymin>
            <xmax>1043</xmax>
            <ymax>1141</ymax>
        </bndbox>
    </object>
    <object>
        <name>he</name>
        <pose>Unspecified</pose>
        <truncated>0</truncated>
        <difficult>0</difficult>
        <bndbox>
            <xmin>1083</xmin>
            <ymin>669</ymin>
            <xmax>1125</xmax>
            <ymax>711</ymax>
        </bndbox>
    </object>
    <object>
        <name>he</name>
        <pose>Unspecified</pose>
        <truncated>0</truncated>
        <difficult>0</difficult>
        <bndbox>
            <xmin>1097</xmin>
            <ymin>839</ymin>
            <xmax>1109</xmax>
            <ymax>853</ymax>
        </bndbox>
    </object>
    <object>
        <name>he</name>
        <pose>Unspecified</pose>
        <truncated>0</truncated>
        <difficult>0</difficult>
        <bndbox>
            <xmin>1107</xmin>
            <ymin>1123</ymin>
            <xmax>1115</xmax>
            <ymax>1131</ymax>
        </bndbox>
    </object>
    <object>
        <name>he</name>
        <pose>Unspecified</pose>
        <truncated>0</truncated>
        <difficult>0</difficult>
        <bndbox>
            <xmin>1123</xmin>
            <ymin>1127</ymin>
            <xmax>1139</xmax>
            <ymax>1145</ymax>
        </bndbox>
    </object>
    <object>
        <name>he</name>
        <pose>Unspecified</pose>
        <truncated>0</truncated>
        <difficult>0</difficult>
        <bndbox>
            <xmin>1129</xmin>
            <ymin>1429</ymin>
            <xmax>1149</xmax>
            <ymax>1449</ymax>
        </bndbox>
    </object>
    <object>
        <name>he</name>
        <pose>Unspecified</pose>
        <truncated>0</truncated>
        <difficult>0</difficult>
        <bndbox>
            <xmin>1177</xmin>
            <ymin>659</ymin>
            <xmax>1201</xmax>
            <ymax>679</ymax>
        </bndbox>
    </object>
    <object>
        <name>he</name>
        <pose>Unspecified</pose>
        <truncated>0</truncated>
        <difficult>0</difficult>
        <bndbox>
            <xmin>1201</xmin>
            <ymin>1135</ymin>
            <xmax>1247</xmax>
            <ymax>1173</ymax>
        </bndbox>
    </object>
    <object>
        <name>he</name>
        <pose>Unspecified</pose>
        <truncated>0</truncated>
        <difficult>0</difficult>
        <bndbox>
            <xmin>1251</xmin>
            <ymin>1317</ymin>
            <xmax>1305</xmax>
            <ymax>1339</ymax>
        </bndbox>
    </object>
    <object>
        <name>he</name>
        <pose>Unspecified</pose>
        <truncated>0</truncated>
        <difficult>0</difficult>
        <bndbox>
            <xmin>1271</xmin>
            <ymin>1573</ymin>
            <xmax>1289</xmax>
            <ymax>1595</ymax>
        </bndbox>
    </object>
    <object>
        <name>he</name>
        <pose>Unspecified</pose>
        <truncated>0</truncated>
        <difficult>0</difficult>
        <bndbox>
            <xmin>1281</xmin>
            <ymin>1709</ymin>
            <xmax>1287</xmax>
            <ymax>1721</ymax>
        </bndbox>
    </object>
    <object>
        <name>he</name>
        <pose>Unspecified</pose>
        <truncated>0</truncated>
        <difficult>0</difficult>
        <bndbox>
            <xmin>1295</xmin>
            <ymin>1385</ymin>
            <xmax>1389</xmax>
            <ymax>1453</ymax>
        </bndbox>
    </object>
    <object>
        <name>he</name>
        <pose>Unspecified</pose>
        <truncated>0</truncated>
        <difficult>0</difficult>
        <bndbox>
            <xmin>1297</xmin>
            <ymin>1257</ymin>
            <xmax>1335</xmax>
            <ymax>1271</ymax>
        </bndbox>
    </object>
    <object>
        <name>he</name>
        <pose>Unspecified</pose>
        <truncated>0</truncated>
        <difficult>0</difficult>
        <bndbox>
            <xmin>1313</xmin>
            <ymin>1319</ymin>
            <xmax>1321</xmax>
            <ymax>1325</ymax>
        </bndbox>
    </object>
    <object>
        <name>he</name>
        <pose>Unspecified</pose>
        <truncated>0</truncated>
        <difficult>0</difficult>
        <bndbox>
            <xmin>1341</xmin>
            <ymin>425</ymin>
            <xmax>1367</xmax>
            <ymax>471</ymax>
        </bndbox>
    </object>
    <object>
        <name>he</name>
        <pose>Unspecified</pose>
        <truncated>0</truncated>
        <difficult>0</difficult>
        <bndbox>
            <xmin>1403</xmin>
            <ymin>455</ymin>
            <xmax>1435</xmax>
            <ymax>475</ymax>
        </bndbox>
    </object>
    <object>
        <name>he</name>
        <pose>Unspecified</pose>
        <truncated>0</truncated>
        <difficult>0</difficult>
        <bndbox>
            <xmin>1419</xmin>
            <ymin>407</ymin>
            <xmax>1447</xmax>
            <ymax>423</ymax>
        </bndbox>
    </object>
    <object>
        <name>he</name>
        <pose>Unspecified</pose>
        <truncated>0</truncated>
        <difficult>0</difficult>
        <bndbox>
            <xmin>1451</xmin>
            <ymin>449</ymin>
            <xmax>1465</xmax>
            <ymax>477</ymax>
        </bndbox>
    </object>
    <object>
        <name>he</name>
        <pose>Unspecified</pose>
        <truncated>0</truncated>
        <difficult>0</difficult>
        <bndbox>
            <xmin>1523</xmin>
            <ymin>251</ymin>
            <xmax>1531</xmax>
            <ymax>261</ymax>
        </bndbox>
    </object>
    <object>
        <name>he</name>
        <pose>Unspecified</pose>
        <truncated>0</truncated>
        <difficult>0</difficult>
        <bndbox>
            <xmin>1529</xmin>
            <ymin>227</ymin>
            <xmax>1541</xmax>
            <ymax>249</ymax>
        </bndbox>
    </object>
    <object>
        <name>he</name>
        <pose>Unspecified</pose>
        <truncated>0</truncated>
        <difficult>0</difficult>
        <bndbox>
            <xmin>1587</xmin>
            <ymin>589</ymin>
            <xmax>1621</xmax>
            <ymax>607</ymax>
        </bndbox>
    </object>
    <object>
        <name>he</name>
        <pose>Unspecified</pose>
        <truncated>0</truncated>
        <difficult>0</difficult>
        <bndbox>
            <xmin>1591</xmin>
            <ymin>1351</ymin>
            <xmax>1639</xmax>
            <ymax>1385</ymax>
        </bndbox>
    </object>
    <object>
        <name>he</name>
        <pose>Unspecified</pose>
        <truncated>0</truncated>
        <difficult>0</difficult>
        <bndbox>
            <xmin>1611</xmin>
            <ymin>1435</ymin>
            <xmax>1647</xmax>
            <ymax>1461</ymax>
        </bndbox>
    </object>
    <object>
        <name>he</name>
        <pose>Unspecified</pose>
        <truncated>0</truncated>
        <difficult>0</difficult>
        <bndbox>
            <xmin>1639</xmin>
            <ymin>1509</ymin>
            <xmax>1651</xmax>
            <ymax>1527</ymax>
        </bndbox>
    </object>
    <object>
        <name>he</name>
        <pose>Unspecified</pose>
        <truncated>0</truncated>
        <difficult>0</difficult>
        <bndbox>
            <xmin>1647</xmin>
            <ymin>1395</ymin>
            <xmax>1667</xmax>
            <ymax>1407</ymax>
        </bndbox>
    </object>
    <object>
        <name>he</name>
        <pose>Unspecified</pose>
        <truncated>0</truncated>
        <difficult>0</difficult>
        <bndbox>
            <xmin>1649</xmin>
            <ymin>1211</ymin>
            <xmax>1729</xmax>
            <ymax>1251</ymax>
        </bndbox>
    </object>
    <object>
        <name>he</name>
        <pose>Unspecified</pose>
        <truncated>0</truncated>
        <difficult>0</difficult>
        <bndbox>
            <xmin>1669</xmin>
            <ymin>1311</ymin>
            <xmax>1689</xmax>
            <ymax>1327</ymax>
        </bndbox>
    </object>
    <object>
        <name>he</name>
        <pose>Unspecified</pose>
        <truncated>0</truncated>
        <difficult>0</difficult>
        <bndbox>
            <xmin>1677</xmin>
            <ymin>1351</ymin>
            <xmax>1685</xmax>
            <ymax>1365</ymax>
        </bndbox>
    </object>
    <object>
        <name>he</name>
        <pose>Unspecified</pose>
        <truncated>0</truncated>
        <difficult>0</difficult>
        <bndbox>
            <xmin>1737</xmin>
            <ymin>1423</ymin>
            <xmax>1753</xmax>
            <ymax>1433</ymax>
        </bndbox>
    </object>
    <object>
        <name>he</name>
        <pose>Unspecified</pose>
        <truncated>0</truncated>
        <difficult>0</difficult>
        <bndbox>
            <xmin>1743</xmin>
            <ymin>353</ymin>
            <xmax>1769</xmax>
            <ymax>387</ymax>
        </bndbox>
    </object>
    <object>
        <name>he</name>
        <pose>Unspecified</pose>
        <truncated>0</truncated>
        <difficult>0</difficult>
        <bndbox>
            <xmin>1797</xmin>
            <ymin>1249</ymin>
            <xmax>1813</xmax>
            <ymax>1263</ymax>
        </bndbox>
    </object>
    <object>
        <name>he</name>
        <pose>Unspecified</pose>
        <truncated>0</truncated>
        <difficult>0</difficult>
        <bndbox>
            <xmin>1799</xmin>
            <ymin>233</ymin>
            <xmax>1813</xmax>
            <ymax>247</ymax>
        </bndbox>
    </object>
    <object>
        <name>he</name>
        <pose>Unspecified</pose>
        <truncated>0</truncated>
        <difficult>0</difficult>
        <bndbox>
            <xmin>1803</xmin>
            <ymin>1299</ymin>
            <xmax>1817</xmax>
            <ymax>1319</ymax>
        </bndbox>
    </object>
    <object>
        <name>he</name>
        <pose>Unspecified</pose>
        <truncated>0</truncated>
        <difficult>0</difficult>
        <bndbox>
            <xmin>1865</xmin>
            <ymin>1399</ymin>
            <xmax>1909</xmax>
            <ymax>1467</ymax>
        </bndbox>
    </object>
    <object>
        <name>he</name>
        <pose>Unspecified</pose>
        <truncated>0</truncated>
        <difficult>0</difficult>
        <bndbox>
            <xmin>2059</xmin>
            <ymin>1235</ymin>
            <xmax>2111</xmax>
            <ymax>1263</ymax>
        </bndbox>
    </object>
    <object>
        <name>he</name>
        <pose>Unspecified</pose>
        <truncated>0</truncated>
        <difficult>0</difficult>
        <bndbox>
            <xmin>2087</xmin>
            <ymin>1087</ymin>
            <xmax>2113</xmax>
            <ymax>1119</ymax>
        </bndbox>
    </object>
    <object>
        <name>ex</name>
        <pose>Unspecified</pose>
        <truncated>0</truncated>
        <difficult>0</difficult>
        <bndbox>
            <xmin>941</xmin>
            <ymin>1021</ymin>
            <xmax>959</xmax>
            <ymax>1035</ymax>
        </bndbox>
    </object>
    <object>
        <name>ex</name>
        <pose>Unspecified</pose>
        <truncated>0</truncated>
        <difficult>0</difficult>
        <bndbox>
            <xmin>997</xmin>
            <ymin>709</ymin>
            <xmax>1013</xmax>
            <ymax>719</ymax>
        </bndbox>
    </object>
    <object>
        <name>ex</name>
        <pose>Unspecified</pose>
        <truncated>0</truncated>
        <difficult>0</difficult>
        <bndbox>
            <xmin>1055</xmin>
            <ymin>583</ymin>
            <xmax>1065</xmax>
            <ymax>597</ymax>
        </bndbox>
    </object>
    <object>
        <name>ex</name>
        <pose>Unspecified</pose>
        <truncated>0</truncated>
        <difficult>0</difficult>
        <bndbox>
            <xmin>1139</xmin>
            <ymin>727</ymin>
            <xmax>1165</xmax>
            <ymax>747</ymax>
        </bndbox>
    </object>
    <object>
        <name>ex</name>
        <pose>Unspecified</pose>
        <truncated>0</truncated>
        <difficult>0</difficult>
        <bndbox>
            <xmin>1145</xmin>
            <ymin>753</ymin>
            <xmax>1157</xmax>
            <ymax>769</ymax>
        </bndbox>
    </object>
    <object>
        <name>ex</name>
        <pose>Unspecified</pose>
        <truncated>0</truncated>
        <difficult>0</difficult>
        <bndbox>
            <xmin>1353</xmin>
            <ymin>215</ymin>
            <xmax>1421</xmax>
            <ymax>245</ymax>
        </bndbox>
    </object>
    <object>
        <name>ex</name>
        <pose>Unspecified</pose>
        <truncated>0</truncated>
        <difficult>0</difficult>
        <bndbox>
            <xmin>1353</xmin>
            <ymin>387</ymin>
            <xmax>1379</xmax>
            <ymax>421</ymax>
        </bndbox>
    </object>
    <object>
        <name>ex</name>
        <pose>Unspecified</pose>
        <truncated>0</truncated>
        <difficult>0</difficult>
        <bndbox>
            <xmin>1373</xmin>
            <ymin>445</ymin>
            <xmax>1389</xmax>
            <ymax>461</ymax>
        </bndbox>
    </object>
    <object>
        <name>ex</name>
        <pose>Unspecified</pose>
        <truncated>0</truncated>
        <difficult>0</difficult>
        <bndbox>
            <xmin>1381</xmin>
            <ymin>465</ymin>
            <xmax>1395</xmax>
            <ymax>493</ymax>
        </bndbox>
    </object>
    <object>
        <name>ex</name>
        <pose>Unspecified</pose>
        <truncated>0</truncated>
        <difficult>0</difficult>
        <bndbox>
            <xmin>1383</xmin>
            <ymin>413</ymin>
            <xmax>1389</xmax>
            <ymax>419</ymax>
        </bndbox>
    </object>
    <object>
        <name>ex</name>
        <pose>Unspecified</pose>
        <truncated>0</truncated>
        <difficult>0</difficult>
        <bndbox>
            <xmin>1395</xmin>
            <ymin>507</ymin>
            <xmax>1405</xmax>
            <ymax>513</ymax>
        </bndbox>
    </object>
    <object>
        <name>ex</name>
        <pose>Unspecified</pose>
        <truncated>0</truncated>
        <difficult>0</difficult>
        <bndbox>
            <xmin>1399</xmin>
            <ymin>491</ymin>
            <xmax>1407</xmax>
            <ymax>499</ymax>
        </bndbox>
    </object>
    <object>
        <name>ex</name>
        <pose>Unspecified</pose>
        <truncated>0</truncated>
        <difficult>0</difficult>
        <bndbox>
            <xmin>1411</xmin>
            <ymin>493</ymin>
            <xmax>1417</xmax>
            <ymax>499</ymax>
        </bndbox>
    </object>
    <object>
        <name>ex</name>
        <pose>Unspecified</pose>
        <truncated>0</truncated>
        <difficult>0</difficult>
        <bndbox>
            <xmin>1457</xmin>
            <ymin>407</ymin>
            <xmax>1467</xmax>
            <ymax>417</ymax>
        </bndbox>
    </object>
    <object>
        <name>ex</name>
        <pose>Unspecified</pose>
        <truncated>0</truncated>
        <difficult>0</difficult>
        <bndbox>
            <xmin>1475</xmin>
            <ymin>383</ymin>
            <xmax>1523</xmax>
            <ymax>451</ymax>
        </bndbox>
    </object>
    <object>
        <name>ex</name>
        <pose>Unspecified</pose>
        <truncated>0</truncated>
        <difficult>0</difficult>
        <bndbox>
            <xmin>1501</xmin>
            <ymin>1241</ymin>
            <xmax>1515</xmax>
            <ymax>1249</ymax>
        </bndbox>
    </object>
</annotation>