<annotation>
    <folder>OurDataset</folder>
    <filename>007-5459-300.jpg</filename>
    <size>
        <width>2592</width>
        <height>1728</height>
        <depth>3</depth>
    </size>
    <object>
        <name>se</name>
        <pose>Unspecified</pose>
        <truncated>0</truncated>
        <difficult>0</difficult>
        <bndbox>
            <xmin>1087</xmin>
            <ymin>1125</ymin>
            <xmax>1123</xmax>
            <ymax>1169</ymax>
        </bndbox>
    </object>
    <object>
        <name>se</name>
        <pose>Unspecified</pose>
        <truncated>0</truncated>
        <difficult>0</difficult>
        <bndbox>
            <xmin>1101</xmin>
            <ymin>497</ymin>
            <xmax>1143</xmax>
            <ymax>539</ymax>
        </bndbox>
    </object>
    <object>
        <name>se</name>
        <pose>Unspecified</pose>
        <truncated>0</truncated>
        <difficult>0</difficult>
        <bndbox>
            <xmin>1197</xmin>
            <ymin>1189</ymin>
            <xmax>1267</xmax>
            <ymax>1255</ymax>
        </bndbox>
    </object>
    <object>
        <name>ma</name>
        <pose>Unspecified</pose>
        <truncated>0</truncated>
        <difficult>0</difficult>
        <bndbox>
            <xmin>595</xmin>
            <ymin>945</ymin>
            <xmax>601</xmax>
            <ymax>951</ymax>
        </bndbox>
    </object>
    <object>
        <name>ma</name>
        <pose>Unspecified</pose>
        <truncated>0</truncated>
        <difficult>0</difficult>
        <bndbox>
            <xmin>711</xmin>
            <ymin>1181</ymin>
            <xmax>719</xmax>
            <ymax>1195</ymax>
        </bndbox>
    </object>
    <object>
        <name>ma</name>
        <pose>Unspecified</pose>
        <truncated>0</truncated>
        <difficult>0</difficult>
        <bndbox>
            <xmin>783</xmin>
            <ymin>1287</ymin>
            <xmax>791</xmax>
            <ymax>1295</ymax>
        </bndbox>
    </object>
    <object>
        <name>ma</name>
        <pose>Unspecified</pose>
        <truncated>0</truncated>
        <difficult>0</difficult>
        <bndbox>
            <xmin>981</xmin>
            <ymin>289</ymin>
            <xmax>987</xmax>
            <ymax>295</ymax>
        </bndbox>
    </object>
    <object>
        <name>ma</name>
        <pose>Unspecified</pose>
        <truncated>0</truncated>
        <difficult>0</difficult>
        <bndbox>
            <xmin>1359</xmin>
            <ymin>667</ymin>
            <xmax>1367</xmax>
            <ymax>675</ymax>
        </bndbox>
    </object>
    <object>
        <name>ma</name>
        <pose>Unspecified</pose>
        <truncated>0</truncated>
        <difficult>0</difficult>
        <bndbox>
            <xmin>1439</xmin>
            <ymin>177</ymin>
            <xmax>1445</xmax>
            <ymax>183</ymax>
        </bndbox>
    </object>
    <object>
        <name>ma</name>
        <pose>Unspecified</pose>
        <truncated>0</truncated>
        <difficult>0</difficult>
        <bndbox>
            <xmin>1447</xmin>
            <ymin>203</ymin>
            <xmax>1461</xmax>
            <ymax>215</ymax>
        </bndbox>
    </object>
    <object>
        <name>ma</name>
        <pose>Unspecified</pose>
        <truncated>0</truncated>
        <difficult>0</difficult>
        <bndbox>
            <xmin>1453</xmin>
            <ymin>153</ymin>
            <xmax>1459</xmax>
            <ymax>159</ymax>
        </bndbox>
    </object>
    <object>
        <name>ma</name>
        <pose>Unspecified</pose>
        <truncated>0</truncated>
        <difficult>0</difficult>
        <bndbox>
            <xmin>1475</xmin>
            <ymin>173</ymin>
            <xmax>1479</xmax>
            <ymax>179</ymax>
        </bndbox>
    </object>
    <object>
        <name>ma</name>
        <pose>Unspecified</pose>
        <truncated>0</truncated>
        <difficult>0</difficult>
        <bndbox>
            <xmin>1489</xmin>
            <ymin>1373</ymin>
            <xmax>1501</xmax>
            <ymax>1383</ymax>
        </bndbox>
    </object>
    <object>
        <name>ma</name>
        <pose>Unspecified</pose>
        <truncated>0</truncated>
        <difficult>0</difficult>
        <bndbox>
            <xmin>1517</xmin>
            <ymin>1435</ymin>
            <xmax>1527</xmax>
            <ymax>1443</ymax>
        </bndbox>
    </object>
    <object>
        <name>ma</name>
        <pose>Unspecified</pose>
        <truncated>0</truncated>
        <difficult>0</difficult>
        <bndbox>
            <xmin>1545</xmin>
            <ymin>619</ymin>
            <xmax>1555</xmax>
            <ymax>629</ymax>
        </bndbox>
    </object>
    <object>
        <name>ma</name>
        <pose>Unspecified</pose>
        <truncated>0</truncated>
        <difficult>0</difficult>
        <bndbox>
            <xmin>1551</xmin>
            <ymin>1221</ymin>
            <xmax>1567</xmax>
            <ymax>1237</ymax>
        </bndbox>
    </object>
    <object>
        <name>ma</name>
        <pose>Unspecified</pose>
        <truncated>0</truncated>
        <difficult>0</difficult>
        <bndbox>
            <xmin>1591</xmin>
            <ymin>735</ymin>
            <xmax>1597</xmax>
            <ymax>741</ymax>
        </bndbox>
    </object>
    <object>
        <name>ma</name>
        <pose>Unspecified</pose>
        <truncated>0</truncated>
        <difficult>0</difficult>
        <bndbox>
            <xmin>1621</xmin>
            <ymin>215</ymin>
            <xmax>1631</xmax>
            <ymax>223</ymax>
        </bndbox>
    </object>
    <object>
        <name>ma</name>
        <pose>Unspecified</pose>
        <truncated>0</truncated>
        <difficult>0</difficult>
        <bndbox>
            <xmin>1633</xmin>
            <ymin>197</ymin>
            <xmax>1637</xmax>
            <ymax>201</ymax>
        </bndbox>
    </object>
    <object>
        <name>ma</name>
        <pose>Unspecified</pose>
        <truncated>0</truncated>
        <difficult>0</difficult>
        <bndbox>
            <xmin>1677</xmin>
            <ymin>1279</ymin>
            <xmax>1679</xmax>
            <ymax>1283</ymax>
        </bndbox>
    </object>
    <object>
        <name>ma</name>
        <pose>Unspecified</pose>
        <truncated>0</truncated>
        <difficult>0</difficult>
        <bndbox>
            <xmin>1689</xmin>
            <ymin>221</ymin>
            <xmax>1697</xmax>
            <ymax>229</ymax>
        </bndbox>
    </object>
    <object>
        <name>ma</name>
        <pose>Unspecified</pose>
        <truncated>0</truncated>
        <difficult>0</difficult>
        <bndbox>
            <xmin>1837</xmin>
            <ymin>1211</ymin>
            <xmax>1839</xmax>
            <ymax>1213</ymax>
        </bndbox>
    </object>
    <object>
        <name>ma</name>
        <pose>Unspecified</pose>
        <truncated>0</truncated>
        <difficult>0</difficult>
        <bndbox>
            <xmin>1849</xmin>
            <ymin>1215</ymin>
            <xmax>1853</xmax>
            <ymax>1221</ymax>
        </bndbox>
    </object>
    <object>
        <name>ma</name>
        <pose>Unspecified</pose>
        <truncated>0</truncated>
        <difficult>0</difficult>
        <bndbox>
            <xmin>1853</xmin>
            <ymin>1231</ymin>
            <xmax>1861</xmax>
            <ymax>1237</ymax>
        </bndbox>
    </object>
    <object>
        <name>ma</name>
        <pose>Unspecified</pose>
        <truncated>0</truncated>
        <difficult>0</difficult>
        <bndbox>
            <xmin>1855</xmin>
            <ymin>1207</ymin>
            <xmax>1861</xmax>
            <ymax>1215</ymax>
        </bndbox>
    </object>
    <object>
        <name>ma</name>
        <pose>Unspecified</pose>
        <truncated>0</truncated>
        <difficult>0</difficult>
        <bndbox>
            <xmin>1857</xmin>
            <ymin>989</ymin>
            <xmax>1867</xmax>
            <ymax>997</ymax>
        </bndbox>
    </object>
    <object>
        <name>ma</name>
        <pose>Unspecified</pose>
        <truncated>0</truncated>
        <difficult>0</difficult>
        <bndbox>
            <xmin>1885</xmin>
            <ymin>1207</ymin>
            <xmax>1889</xmax>
            <ymax>1211</ymax>
        </bndbox>
    </object>
    <object>
        <name>ma</name>
        <pose>Unspecified</pose>
        <truncated>0</truncated>
        <difficult>0</difficult>
        <bndbox>
            <xmin>1911</xmin>
            <ymin>767</ymin>
            <xmax>1925</xmax>
            <ymax>777</ymax>
        </bndbox>
    </object>
    <object>
        <name>ma</name>
        <pose>Unspecified</pose>
        <truncated>0</truncated>
        <difficult>0</difficult>
        <bndbox>
            <xmin>1961</xmin>
            <ymin>773</ymin>
            <xmax>1979</xmax>
            <ymax>785</ymax>
        </bndbox>
    </object>
    <object>
        <name>ma</name>
        <pose>Unspecified</pose>
        <truncated>0</truncated>
        <difficult>0</difficult>
        <bndbox>
            <xmin>2045</xmin>
            <ymin>711</ymin>
            <xmax>2049</xmax>
            <ymax>715</ymax>
        </bndbox>
    </object>
    <object>
        <name>he</name>
        <pose>Unspecified</pose>
        <truncated>0</truncated>
        <difficult>0</difficult>
        <bndbox>
            <xmin>591</xmin>
            <ymin>933</ymin>
            <xmax>659</xmax>
            <ymax>979</ymax>
        </bndbox>
    </object>
    <object>
        <name>he</name>
        <pose>Unspecified</pose>
        <truncated>0</truncated>
        <difficult>0</difficult>
        <bndbox>
            <xmin>609</xmin>
            <ymin>1195</ymin>
            <xmax>629</xmax>
            <ymax>1215</ymax>
        </bndbox>
    </object>
    <object>
        <name>he</name>
        <pose>Unspecified</pose>
        <truncated>0</truncated>
        <difficult>0</difficult>
        <bndbox>
            <xmin>1033</xmin>
            <ymin>1011</ymin>
            <xmax>1047</xmax>
            <ymax>1023</ymax>
        </bndbox>
    </object>
    <object>
        <name>he</name>
        <pose>Unspecified</pose>
        <truncated>0</truncated>
        <difficult>0</difficult>
        <bndbox>
            <xmin>1159</xmin>
            <ymin>877</ymin>
            <xmax>1187</xmax>
            <ymax>897</ymax>
        </bndbox>
    </object>
    <object>
        <name>he</name>
        <pose>Unspecified</pose>
        <truncated>0</truncated>
        <difficult>0</difficult>
        <bndbox>
            <xmin>1173</xmin>
            <ymin>859</ymin>
            <xmax>1193</xmax>
            <ymax>879</ymax>
        </bndbox>
    </object>
    <object>
        <name>he</name>
        <pose>Unspecified</pose>
        <truncated>0</truncated>
        <difficult>0</difficult>
        <bndbox>
            <xmin>1279</xmin>
            <ymin>835</ymin>
            <xmax>1307</xmax>
            <ymax>859</ymax>
        </bndbox>
    </object>
    <object>
        <name>he</name>
        <pose>Unspecified</pose>
        <truncated>0</truncated>
        <difficult>0</difficult>
        <bndbox>
            <xmin>1797</xmin>
            <ymin>1059</ymin>
            <xmax>1821</xmax>
            <ymax>1087</ymax>
        </bndbox>
    </object>
    <object>
        <name>se</name>
        <pose>Unspecified</pose>
        <truncated>0</truncated>
        <difficult>0</difficult>
        <bndbox>
            <xmin>1087</xmin>
            <ymin>1125</ymin>
            <xmax>1123</xmax>
            <ymax>1169</ymax>
        </bndbox>
    </object>
    <object>
        <name>se</name>
        <pose>Unspecified</pose>
        <truncated>0</truncated>
        <difficult>0</difficult>
        <bndbox>
            <xmin>1101</xmin>
            <ymin>497</ymin>
            <xmax>1143</xmax>
            <ymax>539</ymax>
        </bndbox>
    </object>
    <object>
        <name>se</name>
        <pose>Unspecified</pose>
        <truncated>0</truncated>
        <difficult>0</difficult>
        <bndbox>
            <xmin>1197</xmin>
            <ymin>1189</ymin>
            <xmax>1267</xmax>
            <ymax>1255</ymax>
        </bndbox>
    </object>
    <object>
        <name>ma</name>
        <pose>Unspecified</pose>
        <truncated>0</truncated>
        <difficult>0</difficult>
        <bndbox>
            <xmin>595</xmin>
            <ymin>945</ymin>
            <xmax>601</xmax>
            <ymax>951</ymax>
        </bndbox>
    </object>
    <object>
        <name>ma</name>
        <pose>Unspecified</pose>
        <truncated>0</truncated>
        <difficult>0</difficult>
        <bndbox>
            <xmin>711</xmin>
            <ymin>1181</ymin>
            <xmax>719</xmax>
            <ymax>1195</ymax>
        </bndbox>
    </object>
    <object>
        <name>ma</name>
        <pose>Unspecified</pose>
        <truncated>0</truncated>
        <difficult>0</difficult>
        <bndbox>
            <xmin>783</xmin>
            <ymin>1287</ymin>
            <xmax>791</xmax>
            <ymax>1295</ymax>
        </bndbox>
    </object>
    <object>
        <name>ma</name>
        <pose>Unspecified</pose>
        <truncated>0</truncated>
        <difficult>0</difficult>
        <bndbox>
            <xmin>981</xmin>
            <ymin>289</ymin>
            <xmax>987</xmax>
            <ymax>295</ymax>
        </bndbox>
    </object>
    <object>
        <name>ma</name>
        <pose>Unspecified</pose>
        <truncated>0</truncated>
        <difficult>0</difficult>
        <bndbox>
            <xmin>1359</xmin>
            <ymin>667</ymin>
            <xmax>1367</xmax>
            <ymax>675</ymax>
        </bndbox>
    </object>
    <object>
        <name>ma</name>
        <pose>Unspecified</pose>
        <truncated>0</truncated>
        <difficult>0</difficult>
        <bndbox>
            <xmin>1439</xmin>
            <ymin>177</ymin>
            <xmax>1445</xmax>
            <ymax>183</ymax>
        </bndbox>
    </object>
    <object>
        <name>ma</name>
        <pose>Unspecified</pose>
        <truncated>0</truncated>
        <difficult>0</difficult>
        <bndbox>
            <xmin>1447</xmin>
            <ymin>203</ymin>
            <xmax>1461</xmax>
            <ymax>215</ymax>
        </bndbox>
    </object>
    <object>
        <name>ma</name>
        <pose>Unspecified</pose>
        <truncated>0</truncated>
        <difficult>0</difficult>
        <bndbox>
            <xmin>1453</xmin>
            <ymin>153</ymin>
            <xmax>1459</xmax>
            <ymax>159</ymax>
        </bndbox>
    </object>
    <object>
        <name>ma</name>
        <pose>Unspecified</pose>
        <truncated>0</truncated>
        <difficult>0</difficult>
        <bndbox>
            <xmin>1475</xmin>
            <ymin>173</ymin>
            <xmax>1479</xmax>
            <ymax>179</ymax>
        </bndbox>
    </object>
    <object>
        <name>ma</name>
        <pose>Unspecified</pose>
        <truncated>0</truncated>
        <difficult>0</difficult>
        <bndbox>
            <xmin>1489</xmin>
            <ymin>1373</ymin>
            <xmax>1501</xmax>
            <ymax>1383</ymax>
        </bndbox>
    </object>
    <object>
        <name>ma</name>
        <pose>Unspecified</pose>
        <truncated>0</truncated>
        <difficult>0</difficult>
        <bndbox>
            <xmin>1517</xmin>
            <ymin>1435</ymin>
            <xmax>1527</xmax>
            <ymax>1443</ymax>
        </bndbox>
    </object>
    <object>
        <name>ma</name>
        <pose>Unspecified</pose>
        <truncated>0</truncated>
        <difficult>0</difficult>
        <bndbox>
            <xmin>1545</xmin>
            <ymin>619</ymin>
            <xmax>1555</xmax>
            <ymax>629</ymax>
        </bndbox>
    </object>
    <object>
        <name>ma</name>
        <pose>Unspecified</pose>
        <truncated>0</truncated>
        <difficult>0</difficult>
        <bndbox>
            <xmin>1551</xmin>
            <ymin>1221</ymin>
            <xmax>1567</xmax>
            <ymax>1237</ymax>
        </bndbox>
    </object>
    <object>
        <name>ma</name>
        <pose>Unspecified</pose>
        <truncated>0</truncated>
        <difficult>0</difficult>
        <bndbox>
            <xmin>1591</xmin>
            <ymin>735</ymin>
            <xmax>1597</xmax>
            <ymax>741</ymax>
        </bndbox>
    </object>
    <object>
        <name>ma</name>
        <pose>Unspecified</pose>
        <truncated>0</truncated>
        <difficult>0</difficult>
        <bndbox>
            <xmin>1621</xmin>
            <ymin>215</ymin>
            <xmax>1631</xmax>
            <ymax>223</ymax>
        </bndbox>
    </object>
    <object>
        <name>ma</name>
        <pose>Unspecified</pose>
        <truncated>0</truncated>
        <difficult>0</difficult>
        <bndbox>
            <xmin>1633</xmin>
            <ymin>197</ymin>
            <xmax>1637</xmax>
            <ymax>201</ymax>
        </bndbox>
    </object>
    <object>
        <name>ma</name>
        <pose>Unspecified</pose>
        <truncated>0</truncated>
        <difficult>0</difficult>
        <bndbox>
            <xmin>1677</xmin>
            <ymin>1279</ymin>
            <xmax>1679</xmax>
            <ymax>1283</ymax>
        </bndbox>
    </object>
    <object>
        <name>ma</name>
        <pose>Unspecified</pose>
        <truncated>0</truncated>
        <difficult>0</difficult>
        <bndbox>
            <xmin>1689</xmin>
            <ymin>221</ymin>
            <xmax>1697</xmax>
            <ymax>229</ymax>
        </bndbox>
    </object>
    <object>
        <name>ma</name>
        <pose>Unspecified</pose>
        <truncated>0</truncated>
        <difficult>0</difficult>
        <bndbox>
            <xmin>1837</xmin>
            <ymin>1211</ymin>
            <xmax>1839</xmax>
            <ymax>1213</ymax>
        </bndbox>
    </object>
    <object>
        <name>ma</name>
        <pose>Unspecified</pose>
        <truncated>0</truncated>
        <difficult>0</difficult>
        <bndbox>
            <xmin>1849</xmin>
            <ymin>1215</ymin>
            <xmax>1853</xmax>
            <ymax>1221</ymax>
        </bndbox>
    </object>
    <object>
        <name>ma</name>
        <pose>Unspecified</pose>
        <truncated>0</truncated>
        <difficult>0</difficult>
        <bndbox>
            <xmin>1853</xmin>
            <ymin>1231</ymin>
            <xmax>1861</xmax>
            <ymax>1237</ymax>
        </bndbox>
    </object>
    <object>
        <name>ma</name>
        <pose>Unspecified</pose>
        <truncated>0</truncated>
        <difficult>0</difficult>
        <bndbox>
            <xmin>1855</xmin>
            <ymin>1207</ymin>
            <xmax>1861</xmax>
            <ymax>1215</ymax>
        </bndbox>
    </object>
    <object>
        <name>ma</name>
        <pose>Unspecified</pose>
        <truncated>0</truncated>
        <difficult>0</difficult>
        <bndbox>
            <xmin>1857</xmin>
            <ymin>989</ymin>
            <xmax>1867</xmax>
            <ymax>997</ymax>
        </bndbox>
    </object>
    <object>
        <name>ma</name>
        <pose>Unspecified</pose>
        <truncated>0</truncated>
        <difficult>0</difficult>
        <bndbox>
            <xmin>1885</xmin>
            <ymin>1207</ymin>
            <xmax>1889</xmax>
            <ymax>1211</ymax>
        </bndbox>
    </object>
    <object>
        <name>ma</name>
        <pose>Unspecified</pose>
        <truncated>0</truncated>
        <difficult>0</difficult>
        <bndbox>
            <xmin>1911</xmin>
            <ymin>767</ymin>
            <xmax>1925</xmax>
            <ymax>777</ymax>
        </bndbox>
    </object>
    <object>
        <name>ma</name>
        <pose>Unspecified</pose>
        <truncated>0</truncated>
        <difficult>0</difficult>
        <bndbox>
            <xmin>1961</xmin>
            <ymin>773</ymin>
            <xmax>1979</xmax>
            <ymax>785</ymax>
        </bndbox>
    </object>
    <object>
        <name>ma</name>
        <pose>Unspecified</pose>
        <truncated>0</truncated>
        <difficult>0</difficult>
        <bndbox>
            <xmin>2045</xmin>
            <ymin>711</ymin>
            <xmax>2049</xmax>
            <ymax>715</ymax>
        </bndbox>
    </object>
    <object>
        <name>he</name>
        <pose>Unspecified</pose>
        <truncated>0</truncated>
        <difficult>0</difficult>
        <bndbox>
            <xmin>591</xmin>
            <ymin>933</ymin>
            <xmax>659</xmax>
            <ymax>979</ymax>
        </bndbox>
    </object>
    <object>
        <name>he</name>
        <pose>Unspecified</pose>
        <truncated>0</truncated>
        <difficult>0</difficult>
        <bndbox>
            <xmin>609</xmin>
            <ymin>1195</ymin>
            <xmax>629</xmax>
            <ymax>1215</ymax>
        </bndbox>
    </object>
    <object>
        <name>he</name>
        <pose>Unspecified</pose>
        <truncated>0</truncated>
        <difficult>0</difficult>
        <bndbox>
            <xmin>1033</xmin>
            <ymin>1011</ymin>
            <xmax>1047</xmax>
            <ymax>1023</ymax>
        </bndbox>
    </object>
    <object>
        <name>he</name>
        <pose>Unspecified</pose>
        <truncated>0</truncated>
        <difficult>0</difficult>
        <bndbox>
            <xmin>1159</xmin>
            <ymin>877</ymin>
            <xmax>1187</xmax>
            <ymax>897</ymax>
        </bndbox>
    </object>
    <object>
        <name>he</name>
        <pose>Unspecified</pose>
        <truncated>0</truncated>
        <difficult>0</difficult>
        <bndbox>
            <xmin>1173</xmin>
            <ymin>859</ymin>
            <xmax>1193</xmax>
            <ymax>879</ymax>
        </bndbox>
    </object>
    <object>
        <name>he</name>
        <pose>Unspecified</pose>
        <truncated>0</truncated>
        <difficult>0</difficult>
        <bndbox>
            <xmin>1279</xmin>
            <ymin>835</ymin>
            <xmax>1307</xmax>
            <ymax>859</ymax>
        </bndbox>
    </object>
    <object>
        <name>he</name>
        <pose>Unspecified</pose>
        <truncated>0</truncated>
        <difficult>0</difficult>
        <bndbox>
            <xmin>1797</xmin>
            <ymin>1059</ymin>
            <xmax>1821</xmax>
            <ymax>1087</ymax>
        </bndbox>
    </object>
</annotation>