<annotation>
    <folder>OurDataset</folder>
    <filename>007-4465-200.jpg</filename>
    <size>
        <width>3456</width>
        <height>2304</height>
        <depth>3</depth>
    </size>
    <object>
        <name>ex</name>
        <pose>Unspecified</pose>
        <truncated>0</truncated>
        <difficult>0</difficult>
        <bndbox>
            <xmin>2251</xmin>
            <ymin>1371</ymin>
            <xmax>2267</xmax>
            <ymax>1391</ymax>
        </bndbox>
    </object>
    <object>
        <name>ex</name>
        <pose>Unspecified</pose>
        <truncated>0</truncated>
        <difficult>0</difficult>
        <bndbox>
            <xmin>2269</xmin>
            <ymin>1355</ymin>
            <xmax>2307</xmax>
            <ymax>1393</ymax>
        </bndbox>
    </object>
    <object>
        <name>ex</name>
        <pose>Unspecified</pose>
        <truncated>0</truncated>
        <difficult>0</difficult>
        <bndbox>
            <xmin>2295</xmin>
            <ymin>1327</ymin>
            <xmax>2321</xmax>
            <ymax>1357</ymax>
        </bndbox>
    </object>
    <object>
        <name>ex</name>
        <pose>Unspecified</pose>
        <truncated>0</truncated>
        <difficult>0</difficult>
        <bndbox>
            <xmin>2371</xmin>
            <ymin>1415</ymin>
            <xmax>2381</xmax>
            <ymax>1433</ymax>
        </bndbox>
    </object>
    <object>
        <name>ex</name>
        <pose>Unspecified</pose>
        <truncated>0</truncated>
        <difficult>0</difficult>
        <bndbox>
            <xmin>2383</xmin>
            <ymin>1409</ymin>
            <xmax>2389</xmax>
            <ymax>1417</ymax>
        </bndbox>
    </object>
    <object>
        <name>he</name>
        <pose>Unspecified</pose>
        <truncated>0</truncated>
        <difficult>0</difficult>
        <bndbox>
            <xmin>859</xmin>
            <ymin>717</ymin>
            <xmax>927</xmax>
            <ymax>789</ymax>
        </bndbox>
    </object>
    <object>
        <name>he</name>
        <pose>Unspecified</pose>
        <truncated>0</truncated>
        <difficult>0</difficult>
        <bndbox>
            <xmin>1155</xmin>
            <ymin>1123</ymin>
            <xmax>1169</xmax>
            <ymax>1133</ymax>
        </bndbox>
    </object>
    <object>
        <name>he</name>
        <pose>Unspecified</pose>
        <truncated>0</truncated>
        <difficult>0</difficult>
        <bndbox>
            <xmin>1171</xmin>
            <ymin>1233</ymin>
            <xmax>1179</xmax>
            <ymax>1241</ymax>
        </bndbox>
    </object>
    <object>
        <name>he</name>
        <pose>Unspecified</pose>
        <truncated>0</truncated>
        <difficult>0</difficult>
        <bndbox>
            <xmin>1663</xmin>
            <ymin>251</ymin>
            <xmax>1677</xmax>
            <ymax>261</ymax>
        </bndbox>
    </object>
    <object>
        <name>he</name>
        <pose>Unspecified</pose>
        <truncated>0</truncated>
        <difficult>0</difficult>
        <bndbox>
            <xmin>1773</xmin>
            <ymin>249</ymin>
            <xmax>1791</xmax>
            <ymax>263</ymax>
        </bndbox>
    </object>
    <object>
        <name>he</name>
        <pose>Unspecified</pose>
        <truncated>0</truncated>
        <difficult>0</difficult>
        <bndbox>
            <xmin>2259</xmin>
            <ymin>1393</ymin>
            <xmax>2329</xmax>
            <ymax>1465</ymax>
        </bndbox>
    </object>
    <object>
        <name>he</name>
        <pose>Unspecified</pose>
        <truncated>0</truncated>
        <difficult>0</difficult>
        <bndbox>
            <xmin>2409</xmin>
            <ymin>1085</ymin>
            <xmax>2415</xmax>
            <ymax>1091</ymax>
        </bndbox>
    </object>
    <object>
        <name>he</name>
        <pose>Unspecified</pose>
        <truncated>0</truncated>
        <difficult>0</difficult>
        <bndbox>
            <xmin>2415</xmin>
            <ymin>1107</ymin>
            <xmax>2443</xmax>
            <ymax>1139</ymax>
        </bndbox>
    </object>
    <object>
        <name>ex</name>
        <pose>Unspecified</pose>
        <truncated>0</truncated>
        <difficult>0</difficult>
        <bndbox>
            <xmin>2251</xmin>
            <ymin>1371</ymin>
            <xmax>2267</xmax>
            <ymax>1391</ymax>
        </bndbox>
    </object>
    <object>
        <name>ex</name>
        <pose>Unspecified</pose>
        <truncated>0</truncated>
        <difficult>0</difficult>
        <bndbox>
            <xmin>2269</xmin>
            <ymin>1355</ymin>
            <xmax>2307</xmax>
            <ymax>1393</ymax>
        </bndbox>
    </object>
    <object>
        <name>ex</name>
        <pose>Unspecified</pose>
        <truncated>0</truncated>
        <difficult>0</difficult>
        <bndbox>
            <xmin>2295</xmin>
            <ymin>1327</ymin>
            <xmax>2321</xmax>
            <ymax>1357</ymax>
        </bndbox>
    </object>
    <object>
        <name>ex</name>
        <pose>Unspecified</pose>
        <truncated>0</truncated>
        <difficult>0</difficult>
        <bndbox>
            <xmin>2371</xmin>
            <ymin>1415</ymin>
            <xmax>2381</xmax>
            <ymax>1433</ymax>
        </bndbox>
    </object>
    <object>
        <name>ex</name>
        <pose>Unspecified</pose>
        <truncated>0</truncated>
        <difficult>0</difficult>
        <bndbox>
            <xmin>2383</xmin>
            <ymin>1409</ymin>
            <xmax>2389</xmax>
            <ymax>1417</ymax>
        </bndbox>
    </object>
    <object>
        <name>he</name>
        <pose>Unspecified</pose>
        <truncated>0</truncated>
        <difficult>0</difficult>
        <bndbox>
            <xmin>859</xmin>
            <ymin>717</ymin>
            <xmax>927</xmax>
            <ymax>789</ymax>
        </bndbox>
    </object>
    <object>
        <name>he</name>
        <pose>Unspecified</pose>
        <truncated>0</truncated>
        <difficult>0</difficult>
        <bndbox>
            <xmin>1155</xmin>
            <ymin>1123</ymin>
            <xmax>1169</xmax>
            <ymax>1133</ymax>
        </bndbox>
    </object>
    <object>
        <name>he</name>
        <pose>Unspecified</pose>
        <truncated>0</truncated>
        <difficult>0</difficult>
        <bndbox>
            <xmin>1171</xmin>
            <ymin>1233</ymin>
            <xmax>1179</xmax>
            <ymax>1241</ymax>
        </bndbox>
    </object>
    <object>
        <name>he</name>
        <pose>Unspecified</pose>
        <truncated>0</truncated>
        <difficult>0</difficult>
        <bndbox>
            <xmin>1663</xmin>
            <ymin>251</ymin>
            <xmax>1677</xmax>
            <ymax>261</ymax>
        </bndbox>
    </object>
    <object>
        <name>he</name>
        <pose>Unspecified</pose>
        <truncated>0</truncated>
        <difficult>0</difficult>
        <bndbox>
            <xmin>1773</xmin>
            <ymin>249</ymin>
            <xmax>1791</xmax>
            <ymax>263</ymax>
        </bndbox>
    </object>
    <object>
        <name>he</name>
        <pose>Unspecified</pose>
        <truncated>0</truncated>
        <difficult>0</difficult>
        <bndbox>
            <xmin>2259</xmin>
            <ymin>1393</ymin>
            <xmax>2329</xmax>
            <ymax>1465</ymax>
        </bndbox>
    </object>
    <object>
        <name>he</name>
        <pose>Unspecified</pose>
        <truncated>0</truncated>
        <difficult>0</difficult>
        <bndbox>
            <xmin>2409</xmin>
            <ymin>1085</ymin>
            <xmax>2415</xmax>
            <ymax>1091</ymax>
        </bndbox>
    </object>
    <object>
        <name>he</name>
        <pose>Unspecified</pose>
        <truncated>0</truncated>
        <difficult>0</difficult>
        <bndbox>
            <xmin>2415</xmin>
            <ymin>1107</ymin>
            <xmax>2443</xmax>
            <ymax>1139</ymax>
        </bndbox>
    </object>
    <object>
        <name>ex</name>
        <pose>Unspecified</pose>
        <truncated>0</truncated>
        <difficult>0</difficult>
        <bndbox>
            <xmin>2251</xmin>
            <ymin>1371</ymin>
            <xmax>2267</xmax>
            <ymax>1391</ymax>
        </bndbox>
    </object>
    <object>
        <name>ex</name>
        <pose>Unspecified</pose>
        <truncated>0</truncated>
        <difficult>0</difficult>
        <bndbox>
            <xmin>2269</xmin>
            <ymin>1355</ymin>
            <xmax>2307</xmax>
            <ymax>1393</ymax>
        </bndbox>
    </object>
    <object>
        <name>ex</name>
        <pose>Unspecified</pose>
        <truncated>0</truncated>
        <difficult>0</difficult>
        <bndbox>
            <xmin>2295</xmin>
            <ymin>1327</ymin>
            <xmax>2321</xmax>
            <ymax>1357</ymax>
        </bndbox>
    </object>
    <object>
        <name>ex</name>
        <pose>Unspecified</pose>
        <truncated>0</truncated>
        <difficult>0</difficult>
        <bndbox>
            <xmin>2371</xmin>
            <ymin>1415</ymin>
            <xmax>2381</xmax>
            <ymax>1433</ymax>
        </bndbox>
    </object>
    <object>
        <name>ex</name>
        <pose>Unspecified</pose>
        <truncated>0</truncated>
        <difficult>0</difficult>
        <bndbox>
            <xmin>2383</xmin>
            <ymin>1409</ymin>
            <xmax>2389</xmax>
            <ymax>1417</ymax>
        </bndbox>
    </object>
</annotation>