<annotation>
    <folder>OurDataset</folder>
    <filename>007-4244-200.jpg</filename>
    <size>
        <width>2592</width>
        <height>1728</height>
        <depth>3</depth>
    </size>
    <object>
        <name>ex</name>
        <pose>Unspecified</pose>
        <truncated>0</truncated>
        <difficult>0</difficult>
        <bndbox>
            <xmin>645</xmin>
            <ymin>475</ymin>
            <xmax>653</xmax>
            <ymax>483</ymax>
        </bndbox>
    </object>
    <object>
        <name>ex</name>
        <pose>Unspecified</pose>
        <truncated>0</truncated>
        <difficult>0</difficult>
        <bndbox>
            <xmin>1299</xmin>
            <ymin>361</ymin>
            <xmax>1359</xmax>
            <ymax>399</ymax>
        </bndbox>
    </object>
    <object>
        <name>ex</name>
        <pose>Unspecified</pose>
        <truncated>0</truncated>
        <difficult>0</difficult>
        <bndbox>
            <xmin>1709</xmin>
            <ymin>1403</ymin>
            <xmax>1725</xmax>
            <ymax>1417</ymax>
        </bndbox>
    </object>
    <object>
        <name>ma</name>
        <pose>Unspecified</pose>
        <truncated>0</truncated>
        <difficult>0</difficult>
        <bndbox>
            <xmin>741</xmin>
            <ymin>1099</ymin>
            <xmax>759</xmax>
            <ymax>1117</ymax>
        </bndbox>
    </object>
    <object>
        <name>ma</name>
        <pose>Unspecified</pose>
        <truncated>0</truncated>
        <difficult>0</difficult>
        <bndbox>
            <xmin>799</xmin>
            <ymin>1083</ymin>
            <xmax>803</xmax>
            <ymax>1087</ymax>
        </bndbox>
    </object>
    <object>
        <name>ma</name>
        <pose>Unspecified</pose>
        <truncated>0</truncated>
        <difficult>0</difficult>
        <bndbox>
            <xmin>933</xmin>
            <ymin>189</ymin>
            <xmax>949</xmax>
            <ymax>201</ymax>
        </bndbox>
    </object>
    <object>
        <name>ma</name>
        <pose>Unspecified</pose>
        <truncated>0</truncated>
        <difficult>0</difficult>
        <bndbox>
            <xmin>1137</xmin>
            <ymin>285</ymin>
            <xmax>1141</xmax>
            <ymax>289</ymax>
        </bndbox>
    </object>
    <object>
        <name>ma</name>
        <pose>Unspecified</pose>
        <truncated>0</truncated>
        <difficult>0</difficult>
        <bndbox>
            <xmin>1349</xmin>
            <ymin>279</ymin>
            <xmax>1355</xmax>
            <ymax>285</ymax>
        </bndbox>
    </object>
    <object>
        <name>ma</name>
        <pose>Unspecified</pose>
        <truncated>0</truncated>
        <difficult>0</difficult>
        <bndbox>
            <xmin>1391</xmin>
            <ymin>305</ymin>
            <xmax>1395</xmax>
            <ymax>309</ymax>
        </bndbox>
    </object>
    <object>
        <name>ma</name>
        <pose>Unspecified</pose>
        <truncated>0</truncated>
        <difficult>0</difficult>
        <bndbox>
            <xmin>1641</xmin>
            <ymin>1429</ymin>
            <xmax>1647</xmax>
            <ymax>1435</ymax>
        </bndbox>
    </object>
    <object>
        <name>ma</name>
        <pose>Unspecified</pose>
        <truncated>0</truncated>
        <difficult>0</difficult>
        <bndbox>
            <xmin>1645</xmin>
            <ymin>1419</ymin>
            <xmax>1651</xmax>
            <ymax>1425</ymax>
        </bndbox>
    </object>
    <object>
        <name>ma</name>
        <pose>Unspecified</pose>
        <truncated>0</truncated>
        <difficult>0</difficult>
        <bndbox>
            <xmin>1665</xmin>
            <ymin>1441</ymin>
            <xmax>1673</xmax>
            <ymax>1449</ymax>
        </bndbox>
    </object>
    <object>
        <name>ma</name>
        <pose>Unspecified</pose>
        <truncated>0</truncated>
        <difficult>0</difficult>
        <bndbox>
            <xmin>1673</xmin>
            <ymin>1403</ymin>
            <xmax>1685</xmax>
            <ymax>1413</ymax>
        </bndbox>
    </object>
    <object>
        <name>ma</name>
        <pose>Unspecified</pose>
        <truncated>0</truncated>
        <difficult>0</difficult>
        <bndbox>
            <xmin>1691</xmin>
            <ymin>1417</ymin>
            <xmax>1693</xmax>
            <ymax>1419</ymax>
        </bndbox>
    </object>
    <object>
        <name>ma</name>
        <pose>Unspecified</pose>
        <truncated>0</truncated>
        <difficult>0</difficult>
        <bndbox>
            <xmin>1719</xmin>
            <ymin>585</ymin>
            <xmax>1727</xmax>
            <ymax>597</ymax>
        </bndbox>
    </object>
    <object>
        <name>ma</name>
        <pose>Unspecified</pose>
        <truncated>0</truncated>
        <difficult>0</difficult>
        <bndbox>
            <xmin>1771</xmin>
            <ymin>1407</ymin>
            <xmax>1781</xmax>
            <ymax>1415</ymax>
        </bndbox>
    </object>
    <object>
        <name>ma</name>
        <pose>Unspecified</pose>
        <truncated>0</truncated>
        <difficult>0</difficult>
        <bndbox>
            <xmin>2029</xmin>
            <ymin>1015</ymin>
            <xmax>2051</xmax>
            <ymax>1041</ymax>
        </bndbox>
    </object>
    <object>
        <name>ex</name>
        <pose>Unspecified</pose>
        <truncated>0</truncated>
        <difficult>0</difficult>
        <bndbox>
            <xmin>645</xmin>
            <ymin>475</ymin>
            <xmax>653</xmax>
            <ymax>483</ymax>
        </bndbox>
    </object>
    <object>
        <name>ex</name>
        <pose>Unspecified</pose>
        <truncated>0</truncated>
        <difficult>0</difficult>
        <bndbox>
            <xmin>1299</xmin>
            <ymin>361</ymin>
            <xmax>1359</xmax>
            <ymax>399</ymax>
        </bndbox>
    </object>
    <object>
        <name>ex</name>
        <pose>Unspecified</pose>
        <truncated>0</truncated>
        <difficult>0</difficult>
        <bndbox>
            <xmin>1709</xmin>
            <ymin>1403</ymin>
            <xmax>1725</xmax>
            <ymax>1417</ymax>
        </bndbox>
    </object>
    <object>
        <name>ma</name>
        <pose>Unspecified</pose>
        <truncated>0</truncated>
        <difficult>0</difficult>
        <bndbox>
            <xmin>741</xmin>
            <ymin>1099</ymin>
            <xmax>759</xmax>
            <ymax>1117</ymax>
        </bndbox>
    </object>
    <object>
        <name>ma</name>
        <pose>Unspecified</pose>
        <truncated>0</truncated>
        <difficult>0</difficult>
        <bndbox>
            <xmin>799</xmin>
            <ymin>1083</ymin>
            <xmax>803</xmax>
            <ymax>1087</ymax>
        </bndbox>
    </object>
    <object>
        <name>ma</name>
        <pose>Unspecified</pose>
        <truncated>0</truncated>
        <difficult>0</difficult>
        <bndbox>
            <xmin>933</xmin>
            <ymin>189</ymin>
            <xmax>949</xmax>
            <ymax>201</ymax>
        </bndbox>
    </object>
    <object>
        <name>ma</name>
        <pose>Unspecified</pose>
        <truncated>0</truncated>
        <difficult>0</difficult>
        <bndbox>
            <xmin>1137</xmin>
            <ymin>285</ymin>
            <xmax>1141</xmax>
            <ymax>289</ymax>
        </bndbox>
    </object>
    <object>
        <name>ma</name>
        <pose>Unspecified</pose>
        <truncated>0</truncated>
        <difficult>0</difficult>
        <bndbox>
            <xmin>1349</xmin>
            <ymin>279</ymin>
            <xmax>1355</xmax>
            <ymax>285</ymax>
        </bndbox>
    </object>
    <object>
        <name>ma</name>
        <pose>Unspecified</pose>
        <truncated>0</truncated>
        <difficult>0</difficult>
        <bndbox>
            <xmin>1391</xmin>
            <ymin>305</ymin>
            <xmax>1395</xmax>
            <ymax>309</ymax>
        </bndbox>
    </object>
    <object>
        <name>ma</name>
        <pose>Unspecified</pose>
        <truncated>0</truncated>
        <difficult>0</difficult>
        <bndbox>
            <xmin>1641</xmin>
            <ymin>1429</ymin>
            <xmax>1647</xmax>
            <ymax>1435</ymax>
        </bndbox>
    </object>
    <object>
        <name>ma</name>
        <pose>Unspecified</pose>
        <truncated>0</truncated>
        <difficult>0</difficult>
        <bndbox>
            <xmin>1645</xmin>
            <ymin>1419</ymin>
            <xmax>1651</xmax>
            <ymax>1425</ymax>
        </bndbox>
    </object>
    <object>
        <name>ma</name>
        <pose>Unspecified</pose>
        <truncated>0</truncated>
        <difficult>0</difficult>
        <bndbox>
            <xmin>1665</xmin>
            <ymin>1441</ymin>
            <xmax>1673</xmax>
            <ymax>1449</ymax>
        </bndbox>
    </object>
    <object>
        <name>ma</name>
        <pose>Unspecified</pose>
        <truncated>0</truncated>
        <difficult>0</difficult>
        <bndbox>
            <xmin>1673</xmin>
            <ymin>1403</ymin>
            <xmax>1685</xmax>
            <ymax>1413</ymax>
        </bndbox>
    </object>
    <object>
        <name>ma</name>
        <pose>Unspecified</pose>
        <truncated>0</truncated>
        <difficult>0</difficult>
        <bndbox>
            <xmin>1691</xmin>
            <ymin>1417</ymin>
            <xmax>1693</xmax>
            <ymax>1419</ymax>
        </bndbox>
    </object>
    <object>
        <name>ma</name>
        <pose>Unspecified</pose>
        <truncated>0</truncated>
        <difficult>0</difficult>
        <bndbox>
            <xmin>1719</xmin>
            <ymin>585</ymin>
            <xmax>1727</xmax>
            <ymax>597</ymax>
        </bndbox>
    </object>
    <object>
        <name>ma</name>
        <pose>Unspecified</pose>
        <truncated>0</truncated>
        <difficult>0</difficult>
        <bndbox>
            <xmin>1771</xmin>
            <ymin>1407</ymin>
            <xmax>1781</xmax>
            <ymax>1415</ymax>
        </bndbox>
    </object>
    <object>
        <name>ma</name>
        <pose>Unspecified</pose>
        <truncated>0</truncated>
        <difficult>0</difficult>
        <bndbox>
            <xmin>2029</xmin>
            <ymin>1015</ymin>
            <xmax>2051</xmax>
            <ymax>1041</ymax>
        </bndbox>
    </object>
    <object>
        <name>ex</name>
        <pose>Unspecified</pose>
        <truncated>0</truncated>
        <difficult>0</difficult>
        <bndbox>
            <xmin>645</xmin>
            <ymin>475</ymin>
            <xmax>653</xmax>
            <ymax>483</ymax>
        </bndbox>
    </object>
    <object>
        <name>ex</name>
        <pose>Unspecified</pose>
        <truncated>0</truncated>
        <difficult>0</difficult>
        <bndbox>
            <xmin>1299</xmin>
            <ymin>361</ymin>
            <xmax>1359</xmax>
            <ymax>399</ymax>
        </bndbox>
    </object>
    <object>
        <name>ex</name>
        <pose>Unspecified</pose>
        <truncated>0</truncated>
        <difficult>0</difficult>
        <bndbox>
            <xmin>1709</xmin>
            <ymin>1403</ymin>
            <xmax>1725</xmax>
            <ymax>1417</ymax>
        </bndbox>
    </object>
</annotation>