<annotation>
    <folder>OurDataset</folder>
    <filename>007-4567-200.jpg</filename>
    <size>
        <width>2992</width>
        <height>2000</height>
        <depth>3</depth>
    </size>
    <object>
        <name>ex</name>
        <pose>Unspecified</pose>
        <truncated>0</truncated>
        <difficult>0</difficult>
        <bndbox>
            <xmin>1051</xmin>
            <ymin>957</ymin>
            <xmax>1061</xmax>
            <ymax>965</ymax>
        </bndbox>
    </object>
    <object>
        <name>ex</name>
        <pose>Unspecified</pose>
        <truncated>0</truncated>
        <difficult>0</difficult>
        <bndbox>
            <xmin>1053</xmin>
            <ymin>975</ymin>
            <xmax>1067</xmax>
            <ymax>983</ymax>
        </bndbox>
    </object>
    <object>
        <name>ex</name>
        <pose>Unspecified</pose>
        <truncated>0</truncated>
        <difficult>0</difficult>
        <bndbox>
            <xmin>1053</xmin>
            <ymin>987</ymin>
            <xmax>1059</xmax>
            <ymax>991</ymax>
        </bndbox>
    </object>
    <object>
        <name>ex</name>
        <pose>Unspecified</pose>
        <truncated>0</truncated>
        <difficult>0</difficult>
        <bndbox>
            <xmin>1061</xmin>
            <ymin>987</ymin>
            <xmax>1067</xmax>
            <ymax>995</ymax>
        </bndbox>
    </object>
    <object>
        <name>ex</name>
        <pose>Unspecified</pose>
        <truncated>0</truncated>
        <difficult>0</difficult>
        <bndbox>
            <xmin>1063</xmin>
            <ymin>929</ymin>
            <xmax>1067</xmax>
            <ymax>937</ymax>
        </bndbox>
    </object>
    <object>
        <name>ex</name>
        <pose>Unspecified</pose>
        <truncated>0</truncated>
        <difficult>0</difficult>
        <bndbox>
            <xmin>1071</xmin>
            <ymin>939</ymin>
            <xmax>1075</xmax>
            <ymax>945</ymax>
        </bndbox>
    </object>
    <object>
        <name>ex</name>
        <pose>Unspecified</pose>
        <truncated>0</truncated>
        <difficult>0</difficult>
        <bndbox>
            <xmin>1075</xmin>
            <ymin>917</ymin>
            <xmax>1101</xmax>
            <ymax>937</ymax>
        </bndbox>
    </object>
    <object>
        <name>ex</name>
        <pose>Unspecified</pose>
        <truncated>0</truncated>
        <difficult>0</difficult>
        <bndbox>
            <xmin>1083</xmin>
            <ymin>1081</ymin>
            <xmax>1097</xmax>
            <ymax>1091</ymax>
        </bndbox>
    </object>
    <object>
        <name>ex</name>
        <pose>Unspecified</pose>
        <truncated>0</truncated>
        <difficult>0</difficult>
        <bndbox>
            <xmin>1085</xmin>
            <ymin>1097</ymin>
            <xmax>1089</xmax>
            <ymax>1101</ymax>
        </bndbox>
    </object>
    <object>
        <name>ex</name>
        <pose>Unspecified</pose>
        <truncated>0</truncated>
        <difficult>0</difficult>
        <bndbox>
            <xmin>1089</xmin>
            <ymin>983</ymin>
            <xmax>1091</xmax>
            <ymax>987</ymax>
        </bndbox>
    </object>
    <object>
        <name>ex</name>
        <pose>Unspecified</pose>
        <truncated>0</truncated>
        <difficult>0</difficult>
        <bndbox>
            <xmin>1093</xmin>
            <ymin>989</ymin>
            <xmax>1099</xmax>
            <ymax>995</ymax>
        </bndbox>
    </object>
    <object>
        <name>ex</name>
        <pose>Unspecified</pose>
        <truncated>0</truncated>
        <difficult>0</difficult>
        <bndbox>
            <xmin>1103</xmin>
            <ymin>955</ymin>
            <xmax>1107</xmax>
            <ymax>959</ymax>
        </bndbox>
    </object>
    <object>
        <name>ex</name>
        <pose>Unspecified</pose>
        <truncated>0</truncated>
        <difficult>0</difficult>
        <bndbox>
            <xmin>1103</xmin>
            <ymin>961</ymin>
            <xmax>1115</xmax>
            <ymax>971</ymax>
        </bndbox>
    </object>
    <object>
        <name>ex</name>
        <pose>Unspecified</pose>
        <truncated>0</truncated>
        <difficult>0</difficult>
        <bndbox>
            <xmin>1107</xmin>
            <ymin>1001</ymin>
            <xmax>1111</xmax>
            <ymax>1007</ymax>
        </bndbox>
    </object>
    <object>
        <name>ex</name>
        <pose>Unspecified</pose>
        <truncated>0</truncated>
        <difficult>0</difficult>
        <bndbox>
            <xmin>1109</xmin>
            <ymin>941</ymin>
            <xmax>1117</xmax>
            <ymax>947</ymax>
        </bndbox>
    </object>
    <object>
        <name>ex</name>
        <pose>Unspecified</pose>
        <truncated>0</truncated>
        <difficult>0</difficult>
        <bndbox>
            <xmin>1111</xmin>
            <ymin>919</ymin>
            <xmax>1117</xmax>
            <ymax>925</ymax>
        </bndbox>
    </object>
    <object>
        <name>ex</name>
        <pose>Unspecified</pose>
        <truncated>0</truncated>
        <difficult>0</difficult>
        <bndbox>
            <xmin>1111</xmin>
            <ymin>985</ymin>
            <xmax>1125</xmax>
            <ymax>1001</ymax>
        </bndbox>
    </object>
    <object>
        <name>ex</name>
        <pose>Unspecified</pose>
        <truncated>0</truncated>
        <difficult>0</difficult>
        <bndbox>
            <xmin>1113</xmin>
            <ymin>953</ymin>
            <xmax>1117</xmax>
            <ymax>957</ymax>
        </bndbox>
    </object>
    <object>
        <name>ex</name>
        <pose>Unspecified</pose>
        <truncated>0</truncated>
        <difficult>0</difficult>
        <bndbox>
            <xmin>1123</xmin>
            <ymin>963</ymin>
            <xmax>1143</xmax>
            <ymax>985</ymax>
        </bndbox>
    </object>
    <object>
        <name>ex</name>
        <pose>Unspecified</pose>
        <truncated>0</truncated>
        <difficult>0</difficult>
        <bndbox>
            <xmin>1143</xmin>
            <ymin>1065</ymin>
            <xmax>1151</xmax>
            <ymax>1073</ymax>
        </bndbox>
    </object>
    <object>
        <name>ex</name>
        <pose>Unspecified</pose>
        <truncated>0</truncated>
        <difficult>0</difficult>
        <bndbox>
            <xmin>1195</xmin>
            <ymin>1001</ymin>
            <xmax>1199</xmax>
            <ymax>1007</ymax>
        </bndbox>
    </object>
    <object>
        <name>ex</name>
        <pose>Unspecified</pose>
        <truncated>0</truncated>
        <difficult>0</difficult>
        <bndbox>
            <xmin>1195</xmin>
            <ymin>1059</ymin>
            <xmax>1199</xmax>
            <ymax>1063</ymax>
        </bndbox>
    </object>
    <object>
        <name>ex</name>
        <pose>Unspecified</pose>
        <truncated>0</truncated>
        <difficult>0</difficult>
        <bndbox>
            <xmin>1203</xmin>
            <ymin>989</ymin>
            <xmax>1221</xmax>
            <ymax>1005</ymax>
        </bndbox>
    </object>
    <object>
        <name>ex</name>
        <pose>Unspecified</pose>
        <truncated>0</truncated>
        <difficult>0</difficult>
        <bndbox>
            <xmin>1205</xmin>
            <ymin>973</ymin>
            <xmax>1207</xmax>
            <ymax>975</ymax>
        </bndbox>
    </object>
    <object>
        <name>ex</name>
        <pose>Unspecified</pose>
        <truncated>0</truncated>
        <difficult>0</difficult>
        <bndbox>
            <xmin>1207</xmin>
            <ymin>979</ymin>
            <xmax>1213</xmax>
            <ymax>985</ymax>
        </bndbox>
    </object>
    <object>
        <name>ex</name>
        <pose>Unspecified</pose>
        <truncated>0</truncated>
        <difficult>0</difficult>
        <bndbox>
            <xmin>1215</xmin>
            <ymin>1037</ymin>
            <xmax>1227</xmax>
            <ymax>1045</ymax>
        </bndbox>
    </object>
    <object>
        <name>ex</name>
        <pose>Unspecified</pose>
        <truncated>0</truncated>
        <difficult>0</difficult>
        <bndbox>
            <xmin>1221</xmin>
            <ymin>1015</ymin>
            <xmax>1223</xmax>
            <ymax>1017</ymax>
        </bndbox>
    </object>
    <object>
        <name>ex</name>
        <pose>Unspecified</pose>
        <truncated>0</truncated>
        <difficult>0</difficult>
        <bndbox>
            <xmin>1249</xmin>
            <ymin>975</ymin>
            <xmax>1255</xmax>
            <ymax>977</ymax>
        </bndbox>
    </object>
    <object>
        <name>ex</name>
        <pose>Unspecified</pose>
        <truncated>0</truncated>
        <difficult>0</difficult>
        <bndbox>
            <xmin>1251</xmin>
            <ymin>989</ymin>
            <xmax>1253</xmax>
            <ymax>993</ymax>
        </bndbox>
    </object>
    <object>
        <name>he</name>
        <pose>Unspecified</pose>
        <truncated>0</truncated>
        <difficult>0</difficult>
        <bndbox>
            <xmin>533</xmin>
            <ymin>1061</ymin>
            <xmax>535</xmax>
            <ymax>1065</ymax>
        </bndbox>
    </object>
    <object>
        <name>he</name>
        <pose>Unspecified</pose>
        <truncated>0</truncated>
        <difficult>0</difficult>
        <bndbox>
            <xmin>533</xmin>
            <ymin>1067</ymin>
            <xmax>543</xmax>
            <ymax>1083</ymax>
        </bndbox>
    </object>
    <object>
        <name>he</name>
        <pose>Unspecified</pose>
        <truncated>0</truncated>
        <difficult>0</difficult>
        <bndbox>
            <xmin>541</xmin>
            <ymin>839</ymin>
            <xmax>561</xmax>
            <ymax>855</ymax>
        </bndbox>
    </object>
    <object>
        <name>he</name>
        <pose>Unspecified</pose>
        <truncated>0</truncated>
        <difficult>0</difficult>
        <bndbox>
            <xmin>603</xmin>
            <ymin>871</ymin>
            <xmax>621</xmax>
            <ymax>883</ymax>
        </bndbox>
    </object>
    <object>
        <name>he</name>
        <pose>Unspecified</pose>
        <truncated>0</truncated>
        <difficult>0</difficult>
        <bndbox>
            <xmin>623</xmin>
            <ymin>621</ymin>
            <xmax>637</xmax>
            <ymax>631</ymax>
        </bndbox>
    </object>
    <object>
        <name>he</name>
        <pose>Unspecified</pose>
        <truncated>0</truncated>
        <difficult>0</difficult>
        <bndbox>
            <xmin>623</xmin>
            <ymin>805</ymin>
            <xmax>639</xmax>
            <ymax>827</ymax>
        </bndbox>
    </object>
    <object>
        <name>he</name>
        <pose>Unspecified</pose>
        <truncated>0</truncated>
        <difficult>0</difficult>
        <bndbox>
            <xmin>631</xmin>
            <ymin>843</ymin>
            <xmax>701</xmax>
            <ymax>899</ymax>
        </bndbox>
    </object>
    <object>
        <name>he</name>
        <pose>Unspecified</pose>
        <truncated>0</truncated>
        <difficult>0</difficult>
        <bndbox>
            <xmin>641</xmin>
            <ymin>795</ymin>
            <xmax>665</xmax>
            <ymax>819</ymax>
        </bndbox>
    </object>
    <object>
        <name>he</name>
        <pose>Unspecified</pose>
        <truncated>0</truncated>
        <difficult>0</difficult>
        <bndbox>
            <xmin>659</xmin>
            <ymin>951</ymin>
            <xmax>675</xmax>
            <ymax>969</ymax>
        </bndbox>
    </object>
    <object>
        <name>he</name>
        <pose>Unspecified</pose>
        <truncated>0</truncated>
        <difficult>0</difficult>
        <bndbox>
            <xmin>663</xmin>
            <ymin>787</ymin>
            <xmax>673</xmax>
            <ymax>799</ymax>
        </bndbox>
    </object>
    <object>
        <name>he</name>
        <pose>Unspecified</pose>
        <truncated>0</truncated>
        <difficult>0</difficult>
        <bndbox>
            <xmin>673</xmin>
            <ymin>761</ymin>
            <xmax>691</xmax>
            <ymax>773</ymax>
        </bndbox>
    </object>
    <object>
        <name>he</name>
        <pose>Unspecified</pose>
        <truncated>0</truncated>
        <difficult>0</difficult>
        <bndbox>
            <xmin>675</xmin>
            <ymin>919</ymin>
            <xmax>687</xmax>
            <ymax>933</ymax>
        </bndbox>
    </object>
    <object>
        <name>he</name>
        <pose>Unspecified</pose>
        <truncated>0</truncated>
        <difficult>0</difficult>
        <bndbox>
            <xmin>683</xmin>
            <ymin>903</ymin>
            <xmax>687</xmax>
            <ymax>907</ymax>
        </bndbox>
    </object>
    <object>
        <name>he</name>
        <pose>Unspecified</pose>
        <truncated>0</truncated>
        <difficult>0</difficult>
        <bndbox>
            <xmin>687</xmin>
            <ymin>1005</ymin>
            <xmax>705</xmax>
            <ymax>1019</ymax>
        </bndbox>
    </object>
    <object>
        <name>he</name>
        <pose>Unspecified</pose>
        <truncated>0</truncated>
        <difficult>0</difficult>
        <bndbox>
            <xmin>703</xmin>
            <ymin>913</ymin>
            <xmax>713</xmax>
            <ymax>921</ymax>
        </bndbox>
    </object>
    <object>
        <name>he</name>
        <pose>Unspecified</pose>
        <truncated>0</truncated>
        <difficult>0</difficult>
        <bndbox>
            <xmin>731</xmin>
            <ymin>887</ymin>
            <xmax>741</xmax>
            <ymax>895</ymax>
        </bndbox>
    </object>
    <object>
        <name>he</name>
        <pose>Unspecified</pose>
        <truncated>0</truncated>
        <difficult>0</difficult>
        <bndbox>
            <xmin>737</xmin>
            <ymin>879</ymin>
            <xmax>739</xmax>
            <ymax>881</ymax>
        </bndbox>
    </object>
    <object>
        <name>he</name>
        <pose>Unspecified</pose>
        <truncated>0</truncated>
        <difficult>0</difficult>
        <bndbox>
            <xmin>757</xmin>
            <ymin>889</ymin>
            <xmax>785</xmax>
            <ymax>905</ymax>
        </bndbox>
    </object>
    <object>
        <name>he</name>
        <pose>Unspecified</pose>
        <truncated>0</truncated>
        <difficult>0</difficult>
        <bndbox>
            <xmin>809</xmin>
            <ymin>953</ymin>
            <xmax>815</xmax>
            <ymax>961</ymax>
        </bndbox>
    </object>
    <object>
        <name>he</name>
        <pose>Unspecified</pose>
        <truncated>0</truncated>
        <difficult>0</difficult>
        <bndbox>
            <xmin>885</xmin>
            <ymin>1167</ymin>
            <xmax>889</xmax>
            <ymax>1173</ymax>
        </bndbox>
    </object>
    <object>
        <name>he</name>
        <pose>Unspecified</pose>
        <truncated>0</truncated>
        <difficult>0</difficult>
        <bndbox>
            <xmin>889</xmin>
            <ymin>1209</ymin>
            <xmax>899</xmax>
            <ymax>1221</ymax>
        </bndbox>
    </object>
    <object>
        <name>he</name>
        <pose>Unspecified</pose>
        <truncated>0</truncated>
        <difficult>0</difficult>
        <bndbox>
            <xmin>1003</xmin>
            <ymin>1331</ymin>
            <xmax>1017</xmax>
            <ymax>1343</ymax>
        </bndbox>
    </object>
    <object>
        <name>he</name>
        <pose>Unspecified</pose>
        <truncated>0</truncated>
        <difficult>0</difficult>
        <bndbox>
            <xmin>1027</xmin>
            <ymin>1355</ymin>
            <xmax>1049</xmax>
            <ymax>1385</ymax>
        </bndbox>
    </object>
    <object>
        <name>he</name>
        <pose>Unspecified</pose>
        <truncated>0</truncated>
        <difficult>0</difficult>
        <bndbox>
            <xmin>1069</xmin>
            <ymin>837</ymin>
            <xmax>1083</xmax>
            <ymax>847</ymax>
        </bndbox>
    </object>
    <object>
        <name>he</name>
        <pose>Unspecified</pose>
        <truncated>0</truncated>
        <difficult>0</difficult>
        <bndbox>
            <xmin>1079</xmin>
            <ymin>935</ymin>
            <xmax>1101</xmax>
            <ymax>953</ymax>
        </bndbox>
    </object>
    <object>
        <name>he</name>
        <pose>Unspecified</pose>
        <truncated>0</truncated>
        <difficult>0</difficult>
        <bndbox>
            <xmin>1145</xmin>
            <ymin>1445</ymin>
            <xmax>1155</xmax>
            <ymax>1455</ymax>
        </bndbox>
    </object>
    <object>
        <name>he</name>
        <pose>Unspecified</pose>
        <truncated>0</truncated>
        <difficult>0</difficult>
        <bndbox>
            <xmin>1155</xmin>
            <ymin>561</ymin>
            <xmax>1167</xmax>
            <ymax>569</ymax>
        </bndbox>
    </object>
    <object>
        <name>he</name>
        <pose>Unspecified</pose>
        <truncated>0</truncated>
        <difficult>0</difficult>
        <bndbox>
            <xmin>1159</xmin>
            <ymin>1435</ymin>
            <xmax>1167</xmax>
            <ymax>1447</ymax>
        </bndbox>
    </object>
    <object>
        <name>he</name>
        <pose>Unspecified</pose>
        <truncated>0</truncated>
        <difficult>0</difficult>
        <bndbox>
            <xmin>1187</xmin>
            <ymin>1461</ymin>
            <xmax>1189</xmax>
            <ymax>1463</ymax>
        </bndbox>
    </object>
    <object>
        <name>he</name>
        <pose>Unspecified</pose>
        <truncated>0</truncated>
        <difficult>0</difficult>
        <bndbox>
            <xmin>1257</xmin>
            <ymin>929</ymin>
            <xmax>1267</xmax>
            <ymax>939</ymax>
        </bndbox>
    </object>
    <object>
        <name>he</name>
        <pose>Unspecified</pose>
        <truncated>0</truncated>
        <difficult>0</difficult>
        <bndbox>
            <xmin>1309</xmin>
            <ymin>849</ymin>
            <xmax>1319</xmax>
            <ymax>863</ymax>
        </bndbox>
    </object>
    <object>
        <name>he</name>
        <pose>Unspecified</pose>
        <truncated>0</truncated>
        <difficult>0</difficult>
        <bndbox>
            <xmin>1317</xmin>
            <ymin>537</ymin>
            <xmax>1327</xmax>
            <ymax>545</ymax>
        </bndbox>
    </object>
    <object>
        <name>he</name>
        <pose>Unspecified</pose>
        <truncated>0</truncated>
        <difficult>0</difficult>
        <bndbox>
            <xmin>1601</xmin>
            <ymin>195</ymin>
            <xmax>1611</xmax>
            <ymax>203</ymax>
        </bndbox>
    </object>
    <object>
        <name>he</name>
        <pose>Unspecified</pose>
        <truncated>0</truncated>
        <difficult>0</difficult>
        <bndbox>
            <xmin>1617</xmin>
            <ymin>1307</ymin>
            <xmax>1627</xmax>
            <ymax>1319</ymax>
        </bndbox>
    </object>
    <object>
        <name>he</name>
        <pose>Unspecified</pose>
        <truncated>0</truncated>
        <difficult>0</difficult>
        <bndbox>
            <xmin>1657</xmin>
            <ymin>1295</ymin>
            <xmax>1661</xmax>
            <ymax>1301</ymax>
        </bndbox>
    </object>
    <object>
        <name>he</name>
        <pose>Unspecified</pose>
        <truncated>0</truncated>
        <difficult>0</difficult>
        <bndbox>
            <xmin>1791</xmin>
            <ymin>1513</ymin>
            <xmax>1801</xmax>
            <ymax>1523</ymax>
        </bndbox>
    </object>
    <object>
        <name>ex</name>
        <pose>Unspecified</pose>
        <truncated>0</truncated>
        <difficult>0</difficult>
        <bndbox>
            <xmin>1051</xmin>
            <ymin>957</ymin>
            <xmax>1061</xmax>
            <ymax>965</ymax>
        </bndbox>
    </object>
    <object>
        <name>ex</name>
        <pose>Unspecified</pose>
        <truncated>0</truncated>
        <difficult>0</difficult>
        <bndbox>
            <xmin>1053</xmin>
            <ymin>975</ymin>
            <xmax>1067</xmax>
            <ymax>983</ymax>
        </bndbox>
    </object>
    <object>
        <name>ex</name>
        <pose>Unspecified</pose>
        <truncated>0</truncated>
        <difficult>0</difficult>
        <bndbox>
            <xmin>1053</xmin>
            <ymin>987</ymin>
            <xmax>1059</xmax>
            <ymax>991</ymax>
        </bndbox>
    </object>
    <object>
        <name>ex</name>
        <pose>Unspecified</pose>
        <truncated>0</truncated>
        <difficult>0</difficult>
        <bndbox>
            <xmin>1061</xmin>
            <ymin>987</ymin>
            <xmax>1067</xmax>
            <ymax>995</ymax>
        </bndbox>
    </object>
    <object>
        <name>ex</name>
        <pose>Unspecified</pose>
        <truncated>0</truncated>
        <difficult>0</difficult>
        <bndbox>
            <xmin>1063</xmin>
            <ymin>929</ymin>
            <xmax>1067</xmax>
            <ymax>937</ymax>
        </bndbox>
    </object>
    <object>
        <name>ex</name>
        <pose>Unspecified</pose>
        <truncated>0</truncated>
        <difficult>0</difficult>
        <bndbox>
            <xmin>1071</xmin>
            <ymin>939</ymin>
            <xmax>1075</xmax>
            <ymax>945</ymax>
        </bndbox>
    </object>
    <object>
        <name>ex</name>
        <pose>Unspecified</pose>
        <truncated>0</truncated>
        <difficult>0</difficult>
        <bndbox>
            <xmin>1075</xmin>
            <ymin>917</ymin>
            <xmax>1101</xmax>
            <ymax>937</ymax>
        </bndbox>
    </object>
    <object>
        <name>ex</name>
        <pose>Unspecified</pose>
        <truncated>0</truncated>
        <difficult>0</difficult>
        <bndbox>
            <xmin>1083</xmin>
            <ymin>1081</ymin>
            <xmax>1097</xmax>
            <ymax>1091</ymax>
        </bndbox>
    </object>
    <object>
        <name>ex</name>
        <pose>Unspecified</pose>
        <truncated>0</truncated>
        <difficult>0</difficult>
        <bndbox>
            <xmin>1085</xmin>
            <ymin>1097</ymin>
            <xmax>1089</xmax>
            <ymax>1101</ymax>
        </bndbox>
    </object>
    <object>
        <name>ex</name>
        <pose>Unspecified</pose>
        <truncated>0</truncated>
        <difficult>0</difficult>
        <bndbox>
            <xmin>1089</xmin>
            <ymin>983</ymin>
            <xmax>1091</xmax>
            <ymax>987</ymax>
        </bndbox>
    </object>
    <object>
        <name>ex</name>
        <pose>Unspecified</pose>
        <truncated>0</truncated>
        <difficult>0</difficult>
        <bndbox>
            <xmin>1093</xmin>
            <ymin>989</ymin>
            <xmax>1099</xmax>
            <ymax>995</ymax>
        </bndbox>
    </object>
    <object>
        <name>ex</name>
        <pose>Unspecified</pose>
        <truncated>0</truncated>
        <difficult>0</difficult>
        <bndbox>
            <xmin>1103</xmin>
            <ymin>955</ymin>
            <xmax>1107</xmax>
            <ymax>959</ymax>
        </bndbox>
    </object>
    <object>
        <name>ex</name>
        <pose>Unspecified</pose>
        <truncated>0</truncated>
        <difficult>0</difficult>
        <bndbox>
            <xmin>1103</xmin>
            <ymin>961</ymin>
            <xmax>1115</xmax>
            <ymax>971</ymax>
        </bndbox>
    </object>
    <object>
        <name>ex</name>
        <pose>Unspecified</pose>
        <truncated>0</truncated>
        <difficult>0</difficult>
        <bndbox>
            <xmin>1107</xmin>
            <ymin>1001</ymin>
            <xmax>1111</xmax>
            <ymax>1007</ymax>
        </bndbox>
    </object>
    <object>
        <name>ex</name>
        <pose>Unspecified</pose>
        <truncated>0</truncated>
        <difficult>0</difficult>
        <bndbox>
            <xmin>1109</xmin>
            <ymin>941</ymin>
            <xmax>1117</xmax>
            <ymax>947</ymax>
        </bndbox>
    </object>
    <object>
        <name>ex</name>
        <pose>Unspecified</pose>
        <truncated>0</truncated>
        <difficult>0</difficult>
        <bndbox>
            <xmin>1111</xmin>
            <ymin>919</ymin>
            <xmax>1117</xmax>
            <ymax>925</ymax>
        </bndbox>
    </object>
    <object>
        <name>ex</name>
        <pose>Unspecified</pose>
        <truncated>0</truncated>
        <difficult>0</difficult>
        <bndbox>
            <xmin>1111</xmin>
            <ymin>985</ymin>
            <xmax>1125</xmax>
            <ymax>1001</ymax>
        </bndbox>
    </object>
    <object>
        <name>ex</name>
        <pose>Unspecified</pose>
        <truncated>0</truncated>
        <difficult>0</difficult>
        <bndbox>
            <xmin>1113</xmin>
            <ymin>953</ymin>
            <xmax>1117</xmax>
            <ymax>957</ymax>
        </bndbox>
    </object>
    <object>
        <name>ex</name>
        <pose>Unspecified</pose>
        <truncated>0</truncated>
        <difficult>0</difficult>
        <bndbox>
            <xmin>1123</xmin>
            <ymin>963</ymin>
            <xmax>1143</xmax>
            <ymax>985</ymax>
        </bndbox>
    </object>
    <object>
        <name>ex</name>
        <pose>Unspecified</pose>
        <truncated>0</truncated>
        <difficult>0</difficult>
        <bndbox>
            <xmin>1143</xmin>
            <ymin>1065</ymin>
            <xmax>1151</xmax>
            <ymax>1073</ymax>
        </bndbox>
    </object>
    <object>
        <name>ex</name>
        <pose>Unspecified</pose>
        <truncated>0</truncated>
        <difficult>0</difficult>
        <bndbox>
            <xmin>1195</xmin>
            <ymin>1001</ymin>
            <xmax>1199</xmax>
            <ymax>1007</ymax>
        </bndbox>
    </object>
    <object>
        <name>ex</name>
        <pose>Unspecified</pose>
        <truncated>0</truncated>
        <difficult>0</difficult>
        <bndbox>
            <xmin>1195</xmin>
            <ymin>1059</ymin>
            <xmax>1199</xmax>
            <ymax>1063</ymax>
        </bndbox>
    </object>
    <object>
        <name>ex</name>
        <pose>Unspecified</pose>
        <truncated>0</truncated>
        <difficult>0</difficult>
        <bndbox>
            <xmin>1203</xmin>
            <ymin>989</ymin>
            <xmax>1221</xmax>
            <ymax>1005</ymax>
        </bndbox>
    </object>
    <object>
        <name>ex</name>
        <pose>Unspecified</pose>
        <truncated>0</truncated>
        <difficult>0</difficult>
        <bndbox>
            <xmin>1205</xmin>
            <ymin>973</ymin>
            <xmax>1207</xmax>
            <ymax>975</ymax>
        </bndbox>
    </object>
    <object>
        <name>ex</name>
        <pose>Unspecified</pose>
        <truncated>0</truncated>
        <difficult>0</difficult>
        <bndbox>
            <xmin>1207</xmin>
            <ymin>979</ymin>
            <xmax>1213</xmax>
            <ymax>985</ymax>
        </bndbox>
    </object>
    <object>
        <name>ex</name>
        <pose>Unspecified</pose>
        <truncated>0</truncated>
        <difficult>0</difficult>
        <bndbox>
            <xmin>1215</xmin>
            <ymin>1037</ymin>
            <xmax>1227</xmax>
            <ymax>1045</ymax>
        </bndbox>
    </object>
    <object>
        <name>ex</name>
        <pose>Unspecified</pose>
        <truncated>0</truncated>
        <difficult>0</difficult>
        <bndbox>
            <xmin>1221</xmin>
            <ymin>1015</ymin>
            <xmax>1223</xmax>
            <ymax>1017</ymax>
        </bndbox>
    </object>
    <object>
        <name>ex</name>
        <pose>Unspecified</pose>
        <truncated>0</truncated>
        <difficult>0</difficult>
        <bndbox>
            <xmin>1249</xmin>
            <ymin>975</ymin>
            <xmax>1255</xmax>
            <ymax>977</ymax>
        </bndbox>
    </object>
    <object>
        <name>ex</name>
        <pose>Unspecified</pose>
        <truncated>0</truncated>
        <difficult>0</difficult>
        <bndbox>
            <xmin>1251</xmin>
            <ymin>989</ymin>
            <xmax>1253</xmax>
            <ymax>993</ymax>
        </bndbox>
    </object>
    <object>
        <name>he</name>
        <pose>Unspecified</pose>
        <truncated>0</truncated>
        <difficult>0</difficult>
        <bndbox>
            <xmin>533</xmin>
            <ymin>1061</ymin>
            <xmax>535</xmax>
            <ymax>1065</ymax>
        </bndbox>
    </object>
    <object>
        <name>he</name>
        <pose>Unspecified</pose>
        <truncated>0</truncated>
        <difficult>0</difficult>
        <bndbox>
            <xmin>533</xmin>
            <ymin>1067</ymin>
            <xmax>543</xmax>
            <ymax>1083</ymax>
        </bndbox>
    </object>
    <object>
        <name>he</name>
        <pose>Unspecified</pose>
        <truncated>0</truncated>
        <difficult>0</difficult>
        <bndbox>
            <xmin>541</xmin>
            <ymin>839</ymin>
            <xmax>561</xmax>
            <ymax>855</ymax>
        </bndbox>
    </object>
    <object>
        <name>he</name>
        <pose>Unspecified</pose>
        <truncated>0</truncated>
        <difficult>0</difficult>
        <bndbox>
            <xmin>603</xmin>
            <ymin>871</ymin>
            <xmax>621</xmax>
            <ymax>883</ymax>
        </bndbox>
    </object>
    <object>
        <name>he</name>
        <pose>Unspecified</pose>
        <truncated>0</truncated>
        <difficult>0</difficult>
        <bndbox>
            <xmin>623</xmin>
            <ymin>621</ymin>
            <xmax>637</xmax>
            <ymax>631</ymax>
        </bndbox>
    </object>
    <object>
        <name>he</name>
        <pose>Unspecified</pose>
        <truncated>0</truncated>
        <difficult>0</difficult>
        <bndbox>
            <xmin>623</xmin>
            <ymin>805</ymin>
            <xmax>639</xmax>
            <ymax>827</ymax>
        </bndbox>
    </object>
    <object>
        <name>he</name>
        <pose>Unspecified</pose>
        <truncated>0</truncated>
        <difficult>0</difficult>
        <bndbox>
            <xmin>631</xmin>
            <ymin>843</ymin>
            <xmax>701</xmax>
            <ymax>899</ymax>
        </bndbox>
    </object>
    <object>
        <name>he</name>
        <pose>Unspecified</pose>
        <truncated>0</truncated>
        <difficult>0</difficult>
        <bndbox>
            <xmin>641</xmin>
            <ymin>795</ymin>
            <xmax>665</xmax>
            <ymax>819</ymax>
        </bndbox>
    </object>
    <object>
        <name>he</name>
        <pose>Unspecified</pose>
        <truncated>0</truncated>
        <difficult>0</difficult>
        <bndbox>
            <xmin>659</xmin>
            <ymin>951</ymin>
            <xmax>675</xmax>
            <ymax>969</ymax>
        </bndbox>
    </object>
    <object>
        <name>he</name>
        <pose>Unspecified</pose>
        <truncated>0</truncated>
        <difficult>0</difficult>
        <bndbox>
            <xmin>663</xmin>
            <ymin>787</ymin>
            <xmax>673</xmax>
            <ymax>799</ymax>
        </bndbox>
    </object>
    <object>
        <name>he</name>
        <pose>Unspecified</pose>
        <truncated>0</truncated>
        <difficult>0</difficult>
        <bndbox>
            <xmin>673</xmin>
            <ymin>761</ymin>
            <xmax>691</xmax>
            <ymax>773</ymax>
        </bndbox>
    </object>
    <object>
        <name>he</name>
        <pose>Unspecified</pose>
        <truncated>0</truncated>
        <difficult>0</difficult>
        <bndbox>
            <xmin>675</xmin>
            <ymin>919</ymin>
            <xmax>687</xmax>
            <ymax>933</ymax>
        </bndbox>
    </object>
    <object>
        <name>he</name>
        <pose>Unspecified</pose>
        <truncated>0</truncated>
        <difficult>0</difficult>
        <bndbox>
            <xmin>683</xmin>
            <ymin>903</ymin>
            <xmax>687</xmax>
            <ymax>907</ymax>
        </bndbox>
    </object>
    <object>
        <name>he</name>
        <pose>Unspecified</pose>
        <truncated>0</truncated>
        <difficult>0</difficult>
        <bndbox>
            <xmin>687</xmin>
            <ymin>1005</ymin>
            <xmax>705</xmax>
            <ymax>1019</ymax>
        </bndbox>
    </object>
    <object>
        <name>he</name>
        <pose>Unspecified</pose>
        <truncated>0</truncated>
        <difficult>0</difficult>
        <bndbox>
            <xmin>703</xmin>
            <ymin>913</ymin>
            <xmax>713</xmax>
            <ymax>921</ymax>
        </bndbox>
    </object>
    <object>
        <name>he</name>
        <pose>Unspecified</pose>
        <truncated>0</truncated>
        <difficult>0</difficult>
        <bndbox>
            <xmin>731</xmin>
            <ymin>887</ymin>
            <xmax>741</xmax>
            <ymax>895</ymax>
        </bndbox>
    </object>
    <object>
        <name>he</name>
        <pose>Unspecified</pose>
        <truncated>0</truncated>
        <difficult>0</difficult>
        <bndbox>
            <xmin>737</xmin>
            <ymin>879</ymin>
            <xmax>739</xmax>
            <ymax>881</ymax>
        </bndbox>
    </object>
    <object>
        <name>he</name>
        <pose>Unspecified</pose>
        <truncated>0</truncated>
        <difficult>0</difficult>
        <bndbox>
            <xmin>757</xmin>
            <ymin>889</ymin>
            <xmax>785</xmax>
            <ymax>905</ymax>
        </bndbox>
    </object>
    <object>
        <name>he</name>
        <pose>Unspecified</pose>
        <truncated>0</truncated>
        <difficult>0</difficult>
        <bndbox>
            <xmin>809</xmin>
            <ymin>953</ymin>
            <xmax>815</xmax>
            <ymax>961</ymax>
        </bndbox>
    </object>
    <object>
        <name>he</name>
        <pose>Unspecified</pose>
        <truncated>0</truncated>
        <difficult>0</difficult>
        <bndbox>
            <xmin>885</xmin>
            <ymin>1167</ymin>
            <xmax>889</xmax>
            <ymax>1173</ymax>
        </bndbox>
    </object>
    <object>
        <name>he</name>
        <pose>Unspecified</pose>
        <truncated>0</truncated>
        <difficult>0</difficult>
        <bndbox>
            <xmin>889</xmin>
            <ymin>1209</ymin>
            <xmax>899</xmax>
            <ymax>1221</ymax>
        </bndbox>
    </object>
    <object>
        <name>he</name>
        <pose>Unspecified</pose>
        <truncated>0</truncated>
        <difficult>0</difficult>
        <bndbox>
            <xmin>1003</xmin>
            <ymin>1331</ymin>
            <xmax>1017</xmax>
            <ymax>1343</ymax>
        </bndbox>
    </object>
    <object>
        <name>he</name>
        <pose>Unspecified</pose>
        <truncated>0</truncated>
        <difficult>0</difficult>
        <bndbox>
            <xmin>1027</xmin>
            <ymin>1355</ymin>
            <xmax>1049</xmax>
            <ymax>1385</ymax>
        </bndbox>
    </object>
    <object>
        <name>he</name>
        <pose>Unspecified</pose>
        <truncated>0</truncated>
        <difficult>0</difficult>
        <bndbox>
            <xmin>1069</xmin>
            <ymin>837</ymin>
            <xmax>1083</xmax>
            <ymax>847</ymax>
        </bndbox>
    </object>
    <object>
        <name>he</name>
        <pose>Unspecified</pose>
        <truncated>0</truncated>
        <difficult>0</difficult>
        <bndbox>
            <xmin>1079</xmin>
            <ymin>935</ymin>
            <xmax>1101</xmax>
            <ymax>953</ymax>
        </bndbox>
    </object>
    <object>
        <name>he</name>
        <pose>Unspecified</pose>
        <truncated>0</truncated>
        <difficult>0</difficult>
        <bndbox>
            <xmin>1145</xmin>
            <ymin>1445</ymin>
            <xmax>1155</xmax>
            <ymax>1455</ymax>
        </bndbox>
    </object>
    <object>
        <name>he</name>
        <pose>Unspecified</pose>
        <truncated>0</truncated>
        <difficult>0</difficult>
        <bndbox>
            <xmin>1155</xmin>
            <ymin>561</ymin>
            <xmax>1167</xmax>
            <ymax>569</ymax>
        </bndbox>
    </object>
    <object>
        <name>he</name>
        <pose>Unspecified</pose>
        <truncated>0</truncated>
        <difficult>0</difficult>
        <bndbox>
            <xmin>1159</xmin>
            <ymin>1435</ymin>
            <xmax>1167</xmax>
            <ymax>1447</ymax>
        </bndbox>
    </object>
    <object>
        <name>he</name>
        <pose>Unspecified</pose>
        <truncated>0</truncated>
        <difficult>0</difficult>
        <bndbox>
            <xmin>1187</xmin>
            <ymin>1461</ymin>
            <xmax>1189</xmax>
            <ymax>1463</ymax>
        </bndbox>
    </object>
    <object>
        <name>he</name>
        <pose>Unspecified</pose>
        <truncated>0</truncated>
        <difficult>0</difficult>
        <bndbox>
            <xmin>1257</xmin>
            <ymin>929</ymin>
            <xmax>1267</xmax>
            <ymax>939</ymax>
        </bndbox>
    </object>
    <object>
        <name>he</name>
        <pose>Unspecified</pose>
        <truncated>0</truncated>
        <difficult>0</difficult>
        <bndbox>
            <xmin>1309</xmin>
            <ymin>849</ymin>
            <xmax>1319</xmax>
            <ymax>863</ymax>
        </bndbox>
    </object>
    <object>
        <name>he</name>
        <pose>Unspecified</pose>
        <truncated>0</truncated>
        <difficult>0</difficult>
        <bndbox>
            <xmin>1317</xmin>
            <ymin>537</ymin>
            <xmax>1327</xmax>
            <ymax>545</ymax>
        </bndbox>
    </object>
    <object>
        <name>he</name>
        <pose>Unspecified</pose>
        <truncated>0</truncated>
        <difficult>0</difficult>
        <bndbox>
            <xmin>1601</xmin>
            <ymin>195</ymin>
            <xmax>1611</xmax>
            <ymax>203</ymax>
        </bndbox>
    </object>
    <object>
        <name>he</name>
        <pose>Unspecified</pose>
        <truncated>0</truncated>
        <difficult>0</difficult>
        <bndbox>
            <xmin>1617</xmin>
            <ymin>1307</ymin>
            <xmax>1627</xmax>
            <ymax>1319</ymax>
        </bndbox>
    </object>
    <object>
        <name>he</name>
        <pose>Unspecified</pose>
        <truncated>0</truncated>
        <difficult>0</difficult>
        <bndbox>
            <xmin>1657</xmin>
            <ymin>1295</ymin>
            <xmax>1661</xmax>
            <ymax>1301</ymax>
        </bndbox>
    </object>
    <object>
        <name>he</name>
        <pose>Unspecified</pose>
        <truncated>0</truncated>
        <difficult>0</difficult>
        <bndbox>
            <xmin>1791</xmin>
            <ymin>1513</ymin>
            <xmax>1801</xmax>
            <ymax>1523</ymax>
        </bndbox>
    </object>
    <object>
        <name>ex</name>
        <pose>Unspecified</pose>
        <truncated>0</truncated>
        <difficult>0</difficult>
        <bndbox>
            <xmin>1051</xmin>
            <ymin>957</ymin>
            <xmax>1061</xmax>
            <ymax>965</ymax>
        </bndbox>
    </object>
    <object>
        <name>ex</name>
        <pose>Unspecified</pose>
        <truncated>0</truncated>
        <difficult>0</difficult>
        <bndbox>
            <xmin>1053</xmin>
            <ymin>975</ymin>
            <xmax>1067</xmax>
            <ymax>983</ymax>
        </bndbox>
    </object>
    <object>
        <name>ex</name>
        <pose>Unspecified</pose>
        <truncated>0</truncated>
        <difficult>0</difficult>
        <bndbox>
            <xmin>1053</xmin>
            <ymin>987</ymin>
            <xmax>1059</xmax>
            <ymax>991</ymax>
        </bndbox>
    </object>
    <object>
        <name>ex</name>
        <pose>Unspecified</pose>
        <truncated>0</truncated>
        <difficult>0</difficult>
        <bndbox>
            <xmin>1061</xmin>
            <ymin>987</ymin>
            <xmax>1067</xmax>
            <ymax>995</ymax>
        </bndbox>
    </object>
    <object>
        <name>ex</name>
        <pose>Unspecified</pose>
        <truncated>0</truncated>
        <difficult>0</difficult>
        <bndbox>
            <xmin>1063</xmin>
            <ymin>929</ymin>
            <xmax>1067</xmax>
            <ymax>937</ymax>
        </bndbox>
    </object>
    <object>
        <name>ex</name>
        <pose>Unspecified</pose>
        <truncated>0</truncated>
        <difficult>0</difficult>
        <bndbox>
            <xmin>1071</xmin>
            <ymin>939</ymin>
            <xmax>1075</xmax>
            <ymax>945</ymax>
        </bndbox>
    </object>
    <object>
        <name>ex</name>
        <pose>Unspecified</pose>
        <truncated>0</truncated>
        <difficult>0</difficult>
        <bndbox>
            <xmin>1075</xmin>
            <ymin>917</ymin>
            <xmax>1101</xmax>
            <ymax>937</ymax>
        </bndbox>
    </object>
    <object>
        <name>ex</name>
        <pose>Unspecified</pose>
        <truncated>0</truncated>
        <difficult>0</difficult>
        <bndbox>
            <xmin>1083</xmin>
            <ymin>1081</ymin>
            <xmax>1097</xmax>
            <ymax>1091</ymax>
        </bndbox>
    </object>
    <object>
        <name>ex</name>
        <pose>Unspecified</pose>
        <truncated>0</truncated>
        <difficult>0</difficult>
        <bndbox>
            <xmin>1085</xmin>
            <ymin>1097</ymin>
            <xmax>1089</xmax>
            <ymax>1101</ymax>
        </bndbox>
    </object>
    <object>
        <name>ex</name>
        <pose>Unspecified</pose>
        <truncated>0</truncated>
        <difficult>0</difficult>
        <bndbox>
            <xmin>1089</xmin>
            <ymin>983</ymin>
            <xmax>1091</xmax>
            <ymax>987</ymax>
        </bndbox>
    </object>
    <object>
        <name>ex</name>
        <pose>Unspecified</pose>
        <truncated>0</truncated>
        <difficult>0</difficult>
        <bndbox>
            <xmin>1093</xmin>
            <ymin>989</ymin>
            <xmax>1099</xmax>
            <ymax>995</ymax>
        </bndbox>
    </object>
    <object>
        <name>ex</name>
        <pose>Unspecified</pose>
        <truncated>0</truncated>
        <difficult>0</difficult>
        <bndbox>
            <xmin>1103</xmin>
            <ymin>955</ymin>
            <xmax>1107</xmax>
            <ymax>959</ymax>
        </bndbox>
    </object>
    <object>
        <name>ex</name>
        <pose>Unspecified</pose>
        <truncated>0</truncated>
        <difficult>0</difficult>
        <bndbox>
            <xmin>1103</xmin>
            <ymin>961</ymin>
            <xmax>1115</xmax>
            <ymax>971</ymax>
        </bndbox>
    </object>
    <object>
        <name>ex</name>
        <pose>Unspecified</pose>
        <truncated>0</truncated>
        <difficult>0</difficult>
        <bndbox>
            <xmin>1107</xmin>
            <ymin>1001</ymin>
            <xmax>1111</xmax>
            <ymax>1007</ymax>
        </bndbox>
    </object>
    <object>
        <name>ex</name>
        <pose>Unspecified</pose>
        <truncated>0</truncated>
        <difficult>0</difficult>
        <bndbox>
            <xmin>1109</xmin>
            <ymin>941</ymin>
            <xmax>1117</xmax>
            <ymax>947</ymax>
        </bndbox>
    </object>
    <object>
        <name>ex</name>
        <pose>Unspecified</pose>
        <truncated>0</truncated>
        <difficult>0</difficult>
        <bndbox>
            <xmin>1111</xmin>
            <ymin>919</ymin>
            <xmax>1117</xmax>
            <ymax>925</ymax>
        </bndbox>
    </object>
    <object>
        <name>ex</name>
        <pose>Unspecified</pose>
        <truncated>0</truncated>
        <difficult>0</difficult>
        <bndbox>
            <xmin>1111</xmin>
            <ymin>985</ymin>
            <xmax>1125</xmax>
            <ymax>1001</ymax>
        </bndbox>
    </object>
    <object>
        <name>ex</name>
        <pose>Unspecified</pose>
        <truncated>0</truncated>
        <difficult>0</difficult>
        <bndbox>
            <xmin>1113</xmin>
            <ymin>953</ymin>
            <xmax>1117</xmax>
            <ymax>957</ymax>
        </bndbox>
    </object>
    <object>
        <name>ex</name>
        <pose>Unspecified</pose>
        <truncated>0</truncated>
        <difficult>0</difficult>
        <bndbox>
            <xmin>1123</xmin>
            <ymin>963</ymin>
            <xmax>1143</xmax>
            <ymax>985</ymax>
        </bndbox>
    </object>
    <object>
        <name>ex</name>
        <pose>Unspecified</pose>
        <truncated>0</truncated>
        <difficult>0</difficult>
        <bndbox>
            <xmin>1143</xmin>
            <ymin>1065</ymin>
            <xmax>1151</xmax>
            <ymax>1073</ymax>
        </bndbox>
    </object>
    <object>
        <name>ex</name>
        <pose>Unspecified</pose>
        <truncated>0</truncated>
        <difficult>0</difficult>
        <bndbox>
            <xmin>1195</xmin>
            <ymin>1001</ymin>
            <xmax>1199</xmax>
            <ymax>1007</ymax>
        </bndbox>
    </object>
    <object>
        <name>ex</name>
        <pose>Unspecified</pose>
        <truncated>0</truncated>
        <difficult>0</difficult>
        <bndbox>
            <xmin>1195</xmin>
            <ymin>1059</ymin>
            <xmax>1199</xmax>
            <ymax>1063</ymax>
        </bndbox>
    </object>
    <object>
        <name>ex</name>
        <pose>Unspecified</pose>
        <truncated>0</truncated>
        <difficult>0</difficult>
        <bndbox>
            <xmin>1203</xmin>
            <ymin>989</ymin>
            <xmax>1221</xmax>
            <ymax>1005</ymax>
        </bndbox>
    </object>
    <object>
        <name>ex</name>
        <pose>Unspecified</pose>
        <truncated>0</truncated>
        <difficult>0</difficult>
        <bndbox>
            <xmin>1205</xmin>
            <ymin>973</ymin>
            <xmax>1207</xmax>
            <ymax>975</ymax>
        </bndbox>
    </object>
    <object>
        <name>ex</name>
        <pose>Unspecified</pose>
        <truncated>0</truncated>
        <difficult>0</difficult>
        <bndbox>
            <xmin>1207</xmin>
            <ymin>979</ymin>
            <xmax>1213</xmax>
            <ymax>985</ymax>
        </bndbox>
    </object>
    <object>
        <name>ex</name>
        <pose>Unspecified</pose>
        <truncated>0</truncated>
        <difficult>0</difficult>
        <bndbox>
            <xmin>1215</xmin>
            <ymin>1037</ymin>
            <xmax>1227</xmax>
            <ymax>1045</ymax>
        </bndbox>
    </object>
    <object>
        <name>ex</name>
        <pose>Unspecified</pose>
        <truncated>0</truncated>
        <difficult>0</difficult>
        <bndbox>
            <xmin>1221</xmin>
            <ymin>1015</ymin>
            <xmax>1223</xmax>
            <ymax>1017</ymax>
        </bndbox>
    </object>
    <object>
        <name>ex</name>
        <pose>Unspecified</pose>
        <truncated>0</truncated>
        <difficult>0</difficult>
        <bndbox>
            <xmin>1249</xmin>
            <ymin>975</ymin>
            <xmax>1255</xmax>
            <ymax>977</ymax>
        </bndbox>
    </object>
    <object>
        <name>ex</name>
        <pose>Unspecified</pose>
        <truncated>0</truncated>
        <difficult>0</difficult>
        <bndbox>
            <xmin>1251</xmin>
            <ymin>989</ymin>
            <xmax>1253</xmax>
            <ymax>993</ymax>
        </bndbox>
    </object>
</annotation>