<annotation>
    <folder>OurDataset</folder>
    <filename>007-5434-300.jpg</filename>
    <size>
        <width>2592</width>
        <height>1728</height>
        <depth>3</depth>
    </size>
    <object>
        <name>ex</name>
        <pose>Unspecified</pose>
        <truncated>0</truncated>
        <difficult>0</difficult>
        <bndbox>
            <xmin>999</xmin>
            <ymin>1287</ymin>
            <xmax>1011</xmax>
            <ymax>1303</ymax>
        </bndbox>
    </object>
    <object>
        <name>ex</name>
        <pose>Unspecified</pose>
        <truncated>0</truncated>
        <difficult>0</difficult>
        <bndbox>
            <xmin>1365</xmin>
            <ymin>1207</ymin>
            <xmax>1419</xmax>
            <ymax>1245</ymax>
        </bndbox>
    </object>
    <object>
        <name>ex</name>
        <pose>Unspecified</pose>
        <truncated>0</truncated>
        <difficult>0</difficult>
        <bndbox>
            <xmin>1439</xmin>
            <ymin>1177</ymin>
            <xmax>1491</xmax>
            <ymax>1219</ymax>
        </bndbox>
    </object>
    <object>
        <name>se</name>
        <pose>Unspecified</pose>
        <truncated>0</truncated>
        <difficult>0</difficult>
        <bndbox>
            <xmin>1183</xmin>
            <ymin>497</ymin>
            <xmax>1239</xmax>
            <ymax>575</ymax>
        </bndbox>
    </object>
    <object>
        <name>se</name>
        <pose>Unspecified</pose>
        <truncated>0</truncated>
        <difficult>0</difficult>
        <bndbox>
            <xmin>1393</xmin>
            <ymin>445</ymin>
            <xmax>1481</xmax>
            <ymax>531</ymax>
        </bndbox>
    </object>
    <object>
        <name>se</name>
        <pose>Unspecified</pose>
        <truncated>0</truncated>
        <difficult>0</difficult>
        <bndbox>
            <xmin>1521</xmin>
            <ymin>535</ymin>
            <xmax>1579</xmax>
            <ymax>599</ymax>
        </bndbox>
    </object>
    <object>
        <name>se</name>
        <pose>Unspecified</pose>
        <truncated>0</truncated>
        <difficult>0</difficult>
        <bndbox>
            <xmin>1637</xmin>
            <ymin>1037</ymin>
            <xmax>1719</xmax>
            <ymax>1109</ymax>
        </bndbox>
    </object>
    <object>
        <name>ma</name>
        <pose>Unspecified</pose>
        <truncated>0</truncated>
        <difficult>0</difficult>
        <bndbox>
            <xmin>999</xmin>
            <ymin>657</ymin>
            <xmax>1009</xmax>
            <ymax>663</ymax>
        </bndbox>
    </object>
    <object>
        <name>ma</name>
        <pose>Unspecified</pose>
        <truncated>0</truncated>
        <difficult>0</difficult>
        <bndbox>
            <xmin>1117</xmin>
            <ymin>203</ymin>
            <xmax>1129</xmax>
            <ymax>209</ymax>
        </bndbox>
    </object>
    <object>
        <name>ma</name>
        <pose>Unspecified</pose>
        <truncated>0</truncated>
        <difficult>0</difficult>
        <bndbox>
            <xmin>1151</xmin>
            <ymin>239</ymin>
            <xmax>1161</xmax>
            <ymax>247</ymax>
        </bndbox>
    </object>
    <object>
        <name>ma</name>
        <pose>Unspecified</pose>
        <truncated>0</truncated>
        <difficult>0</difficult>
        <bndbox>
            <xmin>1209</xmin>
            <ymin>283</ymin>
            <xmax>1211</xmax>
            <ymax>287</ymax>
        </bndbox>
    </object>
    <object>
        <name>ma</name>
        <pose>Unspecified</pose>
        <truncated>0</truncated>
        <difficult>0</difficult>
        <bndbox>
            <xmin>1279</xmin>
            <ymin>229</ymin>
            <xmax>1283</xmax>
            <ymax>231</ymax>
        </bndbox>
    </object>
    <object>
        <name>ma</name>
        <pose>Unspecified</pose>
        <truncated>0</truncated>
        <difficult>0</difficult>
        <bndbox>
            <xmin>1347</xmin>
            <ymin>263</ymin>
            <xmax>1355</xmax>
            <ymax>275</ymax>
        </bndbox>
    </object>
    <object>
        <name>ma</name>
        <pose>Unspecified</pose>
        <truncated>0</truncated>
        <difficult>0</difficult>
        <bndbox>
            <xmin>1355</xmin>
            <ymin>447</ymin>
            <xmax>1361</xmax>
            <ymax>455</ymax>
        </bndbox>
    </object>
    <object>
        <name>ma</name>
        <pose>Unspecified</pose>
        <truncated>0</truncated>
        <difficult>0</difficult>
        <bndbox>
            <xmin>1355</xmin>
            <ymin>865</ymin>
            <xmax>1361</xmax>
            <ymax>871</ymax>
        </bndbox>
    </object>
    <object>
        <name>ma</name>
        <pose>Unspecified</pose>
        <truncated>0</truncated>
        <difficult>0</difficult>
        <bndbox>
            <xmin>1361</xmin>
            <ymin>433</ymin>
            <xmax>1369</xmax>
            <ymax>439</ymax>
        </bndbox>
    </object>
    <object>
        <name>ma</name>
        <pose>Unspecified</pose>
        <truncated>0</truncated>
        <difficult>0</difficult>
        <bndbox>
            <xmin>1371</xmin>
            <ymin>419</ymin>
            <xmax>1381</xmax>
            <ymax>425</ymax>
        </bndbox>
    </object>
    <object>
        <name>ma</name>
        <pose>Unspecified</pose>
        <truncated>0</truncated>
        <difficult>0</difficult>
        <bndbox>
            <xmin>1711</xmin>
            <ymin>1099</ymin>
            <xmax>1731</xmax>
            <ymax>1113</ymax>
        </bndbox>
    </object>
    <object>
        <name>ma</name>
        <pose>Unspecified</pose>
        <truncated>0</truncated>
        <difficult>0</difficult>
        <bndbox>
            <xmin>1919</xmin>
            <ymin>891</ymin>
            <xmax>1931</xmax>
            <ymax>903</ymax>
        </bndbox>
    </object>
    <object>
        <name>ma</name>
        <pose>Unspecified</pose>
        <truncated>0</truncated>
        <difficult>0</difficult>
        <bndbox>
            <xmin>2033</xmin>
            <ymin>735</ymin>
            <xmax>2039</xmax>
            <ymax>745</ymax>
        </bndbox>
    </object>
    <object>
        <name>he</name>
        <pose>Unspecified</pose>
        <truncated>0</truncated>
        <difficult>0</difficult>
        <bndbox>
            <xmin>1377</xmin>
            <ymin>339</ymin>
            <xmax>1411</xmax>
            <ymax>389</ymax>
        </bndbox>
    </object>
    <object>
        <name>he</name>
        <pose>Unspecified</pose>
        <truncated>0</truncated>
        <difficult>0</difficult>
        <bndbox>
            <xmin>1987</xmin>
            <ymin>725</ymin>
            <xmax>2005</xmax>
            <ymax>743</ymax>
        </bndbox>
    </object>
    <object>
        <name>ex</name>
        <pose>Unspecified</pose>
        <truncated>0</truncated>
        <difficult>0</difficult>
        <bndbox>
            <xmin>999</xmin>
            <ymin>1287</ymin>
            <xmax>1011</xmax>
            <ymax>1303</ymax>
        </bndbox>
    </object>
    <object>
        <name>ex</name>
        <pose>Unspecified</pose>
        <truncated>0</truncated>
        <difficult>0</difficult>
        <bndbox>
            <xmin>1365</xmin>
            <ymin>1207</ymin>
            <xmax>1419</xmax>
            <ymax>1245</ymax>
        </bndbox>
    </object>
    <object>
        <name>ex</name>
        <pose>Unspecified</pose>
        <truncated>0</truncated>
        <difficult>0</difficult>
        <bndbox>
            <xmin>1439</xmin>
            <ymin>1177</ymin>
            <xmax>1491</xmax>
            <ymax>1219</ymax>
        </bndbox>
    </object>
    <object>
        <name>se</name>
        <pose>Unspecified</pose>
        <truncated>0</truncated>
        <difficult>0</difficult>
        <bndbox>
            <xmin>1183</xmin>
            <ymin>497</ymin>
            <xmax>1239</xmax>
            <ymax>575</ymax>
        </bndbox>
    </object>
    <object>
        <name>se</name>
        <pose>Unspecified</pose>
        <truncated>0</truncated>
        <difficult>0</difficult>
        <bndbox>
            <xmin>1393</xmin>
            <ymin>445</ymin>
            <xmax>1481</xmax>
            <ymax>531</ymax>
        </bndbox>
    </object>
    <object>
        <name>se</name>
        <pose>Unspecified</pose>
        <truncated>0</truncated>
        <difficult>0</difficult>
        <bndbox>
            <xmin>1521</xmin>
            <ymin>535</ymin>
            <xmax>1579</xmax>
            <ymax>599</ymax>
        </bndbox>
    </object>
    <object>
        <name>se</name>
        <pose>Unspecified</pose>
        <truncated>0</truncated>
        <difficult>0</difficult>
        <bndbox>
            <xmin>1637</xmin>
            <ymin>1037</ymin>
            <xmax>1719</xmax>
            <ymax>1109</ymax>
        </bndbox>
    </object>
    <object>
        <name>ma</name>
        <pose>Unspecified</pose>
        <truncated>0</truncated>
        <difficult>0</difficult>
        <bndbox>
            <xmin>999</xmin>
            <ymin>657</ymin>
            <xmax>1009</xmax>
            <ymax>663</ymax>
        </bndbox>
    </object>
    <object>
        <name>ma</name>
        <pose>Unspecified</pose>
        <truncated>0</truncated>
        <difficult>0</difficult>
        <bndbox>
            <xmin>1117</xmin>
            <ymin>203</ymin>
            <xmax>1129</xmax>
            <ymax>209</ymax>
        </bndbox>
    </object>
    <object>
        <name>ma</name>
        <pose>Unspecified</pose>
        <truncated>0</truncated>
        <difficult>0</difficult>
        <bndbox>
            <xmin>1151</xmin>
            <ymin>239</ymin>
            <xmax>1161</xmax>
            <ymax>247</ymax>
        </bndbox>
    </object>
    <object>
        <name>ma</name>
        <pose>Unspecified</pose>
        <truncated>0</truncated>
        <difficult>0</difficult>
        <bndbox>
            <xmin>1209</xmin>
            <ymin>283</ymin>
            <xmax>1211</xmax>
            <ymax>287</ymax>
        </bndbox>
    </object>
    <object>
        <name>ma</name>
        <pose>Unspecified</pose>
        <truncated>0</truncated>
        <difficult>0</difficult>
        <bndbox>
            <xmin>1279</xmin>
            <ymin>229</ymin>
            <xmax>1283</xmax>
            <ymax>231</ymax>
        </bndbox>
    </object>
    <object>
        <name>ma</name>
        <pose>Unspecified</pose>
        <truncated>0</truncated>
        <difficult>0</difficult>
        <bndbox>
            <xmin>1347</xmin>
            <ymin>263</ymin>
            <xmax>1355</xmax>
            <ymax>275</ymax>
        </bndbox>
    </object>
    <object>
        <name>ma</name>
        <pose>Unspecified</pose>
        <truncated>0</truncated>
        <difficult>0</difficult>
        <bndbox>
            <xmin>1355</xmin>
            <ymin>447</ymin>
            <xmax>1361</xmax>
            <ymax>455</ymax>
        </bndbox>
    </object>
    <object>
        <name>ma</name>
        <pose>Unspecified</pose>
        <truncated>0</truncated>
        <difficult>0</difficult>
        <bndbox>
            <xmin>1355</xmin>
            <ymin>865</ymin>
            <xmax>1361</xmax>
            <ymax>871</ymax>
        </bndbox>
    </object>
    <object>
        <name>ma</name>
        <pose>Unspecified</pose>
        <truncated>0</truncated>
        <difficult>0</difficult>
        <bndbox>
            <xmin>1361</xmin>
            <ymin>433</ymin>
            <xmax>1369</xmax>
            <ymax>439</ymax>
        </bndbox>
    </object>
    <object>
        <name>ma</name>
        <pose>Unspecified</pose>
        <truncated>0</truncated>
        <difficult>0</difficult>
        <bndbox>
            <xmin>1371</xmin>
            <ymin>419</ymin>
            <xmax>1381</xmax>
            <ymax>425</ymax>
        </bndbox>
    </object>
    <object>
        <name>ma</name>
        <pose>Unspecified</pose>
        <truncated>0</truncated>
        <difficult>0</difficult>
        <bndbox>
            <xmin>1711</xmin>
            <ymin>1099</ymin>
            <xmax>1731</xmax>
            <ymax>1113</ymax>
        </bndbox>
    </object>
    <object>
        <name>ma</name>
        <pose>Unspecified</pose>
        <truncated>0</truncated>
        <difficult>0</difficult>
        <bndbox>
            <xmin>1919</xmin>
            <ymin>891</ymin>
            <xmax>1931</xmax>
            <ymax>903</ymax>
        </bndbox>
    </object>
    <object>
        <name>ma</name>
        <pose>Unspecified</pose>
        <truncated>0</truncated>
        <difficult>0</difficult>
        <bndbox>
            <xmin>2033</xmin>
            <ymin>735</ymin>
            <xmax>2039</xmax>
            <ymax>745</ymax>
        </bndbox>
    </object>
    <object>
        <name>he</name>
        <pose>Unspecified</pose>
        <truncated>0</truncated>
        <difficult>0</difficult>
        <bndbox>
            <xmin>1377</xmin>
            <ymin>339</ymin>
            <xmax>1411</xmax>
            <ymax>389</ymax>
        </bndbox>
    </object>
    <object>
        <name>he</name>
        <pose>Unspecified</pose>
        <truncated>0</truncated>
        <difficult>0</difficult>
        <bndbox>
            <xmin>1987</xmin>
            <ymin>725</ymin>
            <xmax>2005</xmax>
            <ymax>743</ymax>
        </bndbox>
    </object>
    <object>
        <name>ex</name>
        <pose>Unspecified</pose>
        <truncated>0</truncated>
        <difficult>0</difficult>
        <bndbox>
            <xmin>999</xmin>
            <ymin>1287</ymin>
            <xmax>1011</xmax>
            <ymax>1303</ymax>
        </bndbox>
    </object>
    <object>
        <name>ex</name>
        <pose>Unspecified</pose>
        <truncated>0</truncated>
        <difficult>0</difficult>
        <bndbox>
            <xmin>1365</xmin>
            <ymin>1207</ymin>
            <xmax>1419</xmax>
            <ymax>1245</ymax>
        </bndbox>
    </object>
    <object>
        <name>ex</name>
        <pose>Unspecified</pose>
        <truncated>0</truncated>
        <difficult>0</difficult>
        <bndbox>
            <xmin>1439</xmin>
            <ymin>1177</ymin>
            <xmax>1491</xmax>
            <ymax>1219</ymax>
        </bndbox>
    </object>
</annotation>