<annotation>
    <folder>OurDataset</folder>
    <filename>007-5395-300.jpg</filename>
    <size>
        <width>2048</width>
        <height>1536</height>
        <depth>3</depth>
    </size>
    <object>
        <name>se</name>
        <pose>Unspecified</pose>
        <truncated>0</truncated>
        <difficult>0</difficult>
        <bndbox>
            <xmin>853</xmin>
            <ymin>317</ymin>
            <xmax>889</xmax>
            <ymax>368</ymax>
        </bndbox>
    </object>
    <object>
        <name>se</name>
        <pose>Unspecified</pose>
        <truncated>0</truncated>
        <difficult>0</difficult>
        <bndbox>
            <xmin>898</xmin>
            <ymin>376</ymin>
            <xmax>932</xmax>
            <ymax>439</ymax>
        </bndbox>
    </object>
    <object>
        <name>ma</name>
        <pose>Unspecified</pose>
        <truncated>0</truncated>
        <difficult>0</difficult>
        <bndbox>
            <xmin>796</xmin>
            <ymin>253</ymin>
            <xmax>809</xmax>
            <ymax>263</ymax>
        </bndbox>
    </object>
    <object>
        <name>ma</name>
        <pose>Unspecified</pose>
        <truncated>0</truncated>
        <difficult>0</difficult>
        <bndbox>
            <xmin>931</xmin>
            <ymin>369</ymin>
            <xmax>955</xmax>
            <ymax>386</ymax>
        </bndbox>
    </object>
    <object>
        <name>ma</name>
        <pose>Unspecified</pose>
        <truncated>0</truncated>
        <difficult>0</difficult>
        <bndbox>
            <xmin>1046</xmin>
            <ymin>1002</ymin>
            <xmax>1054</xmax>
            <ymax>1010</ymax>
        </bndbox>
    </object>
    <object>
        <name>ma</name>
        <pose>Unspecified</pose>
        <truncated>0</truncated>
        <difficult>0</difficult>
        <bndbox>
            <xmin>1145</xmin>
            <ymin>287</ymin>
            <xmax>1159</xmax>
            <ymax>299</ymax>
        </bndbox>
    </object>
    <object>
        <name>ma</name>
        <pose>Unspecified</pose>
        <truncated>0</truncated>
        <difficult>0</difficult>
        <bndbox>
            <xmin>1203</xmin>
            <ymin>854</ymin>
            <xmax>1216</xmax>
            <ymax>864</ymax>
        </bndbox>
    </object>
    <object>
        <name>ma</name>
        <pose>Unspecified</pose>
        <truncated>0</truncated>
        <difficult>0</difficult>
        <bndbox>
            <xmin>1310</xmin>
            <ymin>224</ymin>
            <xmax>1325</xmax>
            <ymax>237</ymax>
        </bndbox>
    </object>
    <object>
        <name>ma</name>
        <pose>Unspecified</pose>
        <truncated>0</truncated>
        <difficult>0</difficult>
        <bndbox>
            <xmin>1582</xmin>
            <ymin>390</ymin>
            <xmax>1593</xmax>
            <ymax>400</ymax>
        </bndbox>
    </object>
    <object>
        <name>he</name>
        <pose>Unspecified</pose>
        <truncated>0</truncated>
        <difficult>0</difficult>
        <bndbox>
            <xmin>1076</xmin>
            <ymin>1192</ymin>
            <xmax>1132</xmax>
            <ymax>1263</ymax>
        </bndbox>
    </object>
    <object>
        <name>he</name>
        <pose>Unspecified</pose>
        <truncated>0</truncated>
        <difficult>0</difficult>
        <bndbox>
            <xmin>1178</xmin>
            <ymin>300</ymin>
            <xmax>1199</xmax>
            <ymax>322</ymax>
        </bndbox>
    </object>
    <object>
        <name>he</name>
        <pose>Unspecified</pose>
        <truncated>0</truncated>
        <difficult>0</difficult>
        <bndbox>
            <xmin>1285</xmin>
            <ymin>1277</ymin>
            <xmax>1328</xmax>
            <ymax>1312</ymax>
        </bndbox>
    </object>
    <object>
        <name>he</name>
        <pose>Unspecified</pose>
        <truncated>0</truncated>
        <difficult>0</difficult>
        <bndbox>
            <xmin>1307</xmin>
            <ymin>360</ymin>
            <xmax>1334</xmax>
            <ymax>396</ymax>
        </bndbox>
    </object>
    <object>
        <name>he</name>
        <pose>Unspecified</pose>
        <truncated>0</truncated>
        <difficult>0</difficult>
        <bndbox>
            <xmin>1647</xmin>
            <ymin>428</ymin>
            <xmax>1672</xmax>
            <ymax>491</ymax>
        </bndbox>
    </object>
    <object>
        <name>se</name>
        <pose>Unspecified</pose>
        <truncated>0</truncated>
        <difficult>0</difficult>
        <bndbox>
            <xmin>853</xmin>
            <ymin>317</ymin>
            <xmax>889</xmax>
            <ymax>368</ymax>
        </bndbox>
    </object>
    <object>
        <name>se</name>
        <pose>Unspecified</pose>
        <truncated>0</truncated>
        <difficult>0</difficult>
        <bndbox>
            <xmin>898</xmin>
            <ymin>376</ymin>
            <xmax>932</xmax>
            <ymax>439</ymax>
        </bndbox>
    </object>
    <object>
        <name>ma</name>
        <pose>Unspecified</pose>
        <truncated>0</truncated>
        <difficult>0</difficult>
        <bndbox>
            <xmin>796</xmin>
            <ymin>253</ymin>
            <xmax>809</xmax>
            <ymax>263</ymax>
        </bndbox>
    </object>
    <object>
        <name>ma</name>
        <pose>Unspecified</pose>
        <truncated>0</truncated>
        <difficult>0</difficult>
        <bndbox>
            <xmin>931</xmin>
            <ymin>369</ymin>
            <xmax>955</xmax>
            <ymax>386</ymax>
        </bndbox>
    </object>
    <object>
        <name>ma</name>
        <pose>Unspecified</pose>
        <truncated>0</truncated>
        <difficult>0</difficult>
        <bndbox>
            <xmin>1046</xmin>
            <ymin>1002</ymin>
            <xmax>1054</xmax>
            <ymax>1010</ymax>
        </bndbox>
    </object>
    <object>
        <name>ma</name>
        <pose>Unspecified</pose>
        <truncated>0</truncated>
        <difficult>0</difficult>
        <bndbox>
            <xmin>1145</xmin>
            <ymin>287</ymin>
            <xmax>1159</xmax>
            <ymax>299</ymax>
        </bndbox>
    </object>
    <object>
        <name>ma</name>
        <pose>Unspecified</pose>
        <truncated>0</truncated>
        <difficult>0</difficult>
        <bndbox>
            <xmin>1203</xmin>
            <ymin>854</ymin>
            <xmax>1216</xmax>
            <ymax>864</ymax>
        </bndbox>
    </object>
    <object>
        <name>ma</name>
        <pose>Unspecified</pose>
        <truncated>0</truncated>
        <difficult>0</difficult>
        <bndbox>
            <xmin>1310</xmin>
            <ymin>224</ymin>
            <xmax>1325</xmax>
            <ymax>237</ymax>
        </bndbox>
    </object>
    <object>
        <name>ma</name>
        <pose>Unspecified</pose>
        <truncated>0</truncated>
        <difficult>0</difficult>
        <bndbox>
            <xmin>1582</xmin>
            <ymin>390</ymin>
            <xmax>1593</xmax>
            <ymax>400</ymax>
        </bndbox>
    </object>
    <object>
        <name>he</name>
        <pose>Unspecified</pose>
        <truncated>0</truncated>
        <difficult>0</difficult>
        <bndbox>
            <xmin>1076</xmin>
            <ymin>1192</ymin>
            <xmax>1132</xmax>
            <ymax>1263</ymax>
        </bndbox>
    </object>
    <object>
        <name>he</name>
        <pose>Unspecified</pose>
        <truncated>0</truncated>
        <difficult>0</difficult>
        <bndbox>
            <xmin>1178</xmin>
            <ymin>300</ymin>
            <xmax>1199</xmax>
            <ymax>322</ymax>
        </bndbox>
    </object>
    <object>
        <name>he</name>
        <pose>Unspecified</pose>
        <truncated>0</truncated>
        <difficult>0</difficult>
        <bndbox>
            <xmin>1285</xmin>
            <ymin>1277</ymin>
            <xmax>1328</xmax>
            <ymax>1312</ymax>
        </bndbox>
    </object>
    <object>
        <name>he</name>
        <pose>Unspecified</pose>
        <truncated>0</truncated>
        <difficult>0</difficult>
        <bndbox>
            <xmin>1307</xmin>
            <ymin>360</ymin>
            <xmax>1334</xmax>
            <ymax>396</ymax>
        </bndbox>
    </object>
    <object>
        <name>he</name>
        <pose>Unspecified</pose>
        <truncated>0</truncated>
        <difficult>0</difficult>
        <bndbox>
            <xmin>1647</xmin>
            <ymin>428</ymin>
            <xmax>1672</xmax>
            <ymax>491</ymax>
        </bndbox>
    </object>
</annotation>