<annotation>
    <folder>OurDataset</folder>
    <filename>007-5310-300.jpg</filename>
    <size>
        <width>2736</width>
        <height>1824</height>
        <depth>3</depth>
    </size>
    <object>
        <name>se</name>
        <pose>Unspecified</pose>
        <truncated>0</truncated>
        <difficult>0</difficult>
        <bndbox>
            <xmin>991</xmin>
            <ymin>1355</ymin>
            <xmax>1023</xmax>
            <ymax>1391</ymax>
        </bndbox>
    </object>
    <object>
        <name>se</name>
        <pose>Unspecified</pose>
        <truncated>0</truncated>
        <difficult>0</difficult>
        <bndbox>
            <xmin>1223</xmin>
            <ymin>173</ymin>
            <xmax>1247</xmax>
            <ymax>205</ymax>
        </bndbox>
    </object>
    <object>
        <name>se</name>
        <pose>Unspecified</pose>
        <truncated>0</truncated>
        <difficult>0</difficult>
        <bndbox>
            <xmin>1333</xmin>
            <ymin>559</ymin>
            <xmax>1379</xmax>
            <ymax>599</ymax>
        </bndbox>
    </object>
    <object>
        <name>se</name>
        <pose>Unspecified</pose>
        <truncated>0</truncated>
        <difficult>0</difficult>
        <bndbox>
            <xmin>1559</xmin>
            <ymin>447</ymin>
            <xmax>1589</xmax>
            <ymax>499</ymax>
        </bndbox>
    </object>
    <object>
        <name>se</name>
        <pose>Unspecified</pose>
        <truncated>0</truncated>
        <difficult>0</difficult>
        <bndbox>
            <xmin>1647</xmin>
            <ymin>1027</ymin>
            <xmax>1663</xmax>
            <ymax>1065</ymax>
        </bndbox>
    </object>
    <object>
        <name>se</name>
        <pose>Unspecified</pose>
        <truncated>0</truncated>
        <difficult>0</difficult>
        <bndbox>
            <xmin>1667</xmin>
            <ymin>679</ymin>
            <xmax>1673</xmax>
            <ymax>685</ymax>
        </bndbox>
    </object>
    <object>
        <name>se</name>
        <pose>Unspecified</pose>
        <truncated>0</truncated>
        <difficult>0</difficult>
        <bndbox>
            <xmin>1673</xmin>
            <ymin>629</ymin>
            <xmax>1677</xmax>
            <ymax>639</ymax>
        </bndbox>
    </object>
    <object>
        <name>se</name>
        <pose>Unspecified</pose>
        <truncated>0</truncated>
        <difficult>0</difficult>
        <bndbox>
            <xmin>1673</xmin>
            <ymin>645</ymin>
            <xmax>1691</xmax>
            <ymax>675</ymax>
        </bndbox>
    </object>
    <object>
        <name>ma</name>
        <pose>Unspecified</pose>
        <truncated>0</truncated>
        <difficult>0</difficult>
        <bndbox>
            <xmin>973</xmin>
            <ymin>1343</ymin>
            <xmax>983</xmax>
            <ymax>1351</ymax>
        </bndbox>
    </object>
    <object>
        <name>ma</name>
        <pose>Unspecified</pose>
        <truncated>0</truncated>
        <difficult>0</difficult>
        <bndbox>
            <xmin>1029</xmin>
            <ymin>1211</ymin>
            <xmax>1041</xmax>
            <ymax>1221</ymax>
        </bndbox>
    </object>
    <object>
        <name>ma</name>
        <pose>Unspecified</pose>
        <truncated>0</truncated>
        <difficult>0</difficult>
        <bndbox>
            <xmin>1055</xmin>
            <ymin>1201</ymin>
            <xmax>1065</xmax>
            <ymax>1211</ymax>
        </bndbox>
    </object>
    <object>
        <name>ma</name>
        <pose>Unspecified</pose>
        <truncated>0</truncated>
        <difficult>0</difficult>
        <bndbox>
            <xmin>1425</xmin>
            <ymin>1607</ymin>
            <xmax>1429</xmax>
            <ymax>1617</ymax>
        </bndbox>
    </object>
    <object>
        <name>ma</name>
        <pose>Unspecified</pose>
        <truncated>0</truncated>
        <difficult>0</difficult>
        <bndbox>
            <xmin>1657</xmin>
            <ymin>585</ymin>
            <xmax>1673</xmax>
            <ymax>601</ymax>
        </bndbox>
    </object>
    <object>
        <name>ma</name>
        <pose>Unspecified</pose>
        <truncated>0</truncated>
        <difficult>0</difficult>
        <bndbox>
            <xmin>1693</xmin>
            <ymin>647</ymin>
            <xmax>1705</xmax>
            <ymax>661</ymax>
        </bndbox>
    </object>
    <object>
        <name>ma</name>
        <pose>Unspecified</pose>
        <truncated>0</truncated>
        <difficult>0</difficult>
        <bndbox>
            <xmin>1715</xmin>
            <ymin>637</ymin>
            <xmax>1723</xmax>
            <ymax>641</ymax>
        </bndbox>
    </object>
    <object>
        <name>ma</name>
        <pose>Unspecified</pose>
        <truncated>0</truncated>
        <difficult>0</difficult>
        <bndbox>
            <xmin>1775</xmin>
            <ymin>1301</ymin>
            <xmax>1793</xmax>
            <ymax>1321</ymax>
        </bndbox>
    </object>
    <object>
        <name>se</name>
        <pose>Unspecified</pose>
        <truncated>0</truncated>
        <difficult>0</difficult>
        <bndbox>
            <xmin>991</xmin>
            <ymin>1355</ymin>
            <xmax>1023</xmax>
            <ymax>1391</ymax>
        </bndbox>
    </object>
    <object>
        <name>se</name>
        <pose>Unspecified</pose>
        <truncated>0</truncated>
        <difficult>0</difficult>
        <bndbox>
            <xmin>1223</xmin>
            <ymin>173</ymin>
            <xmax>1247</xmax>
            <ymax>205</ymax>
        </bndbox>
    </object>
    <object>
        <name>se</name>
        <pose>Unspecified</pose>
        <truncated>0</truncated>
        <difficult>0</difficult>
        <bndbox>
            <xmin>1333</xmin>
            <ymin>559</ymin>
            <xmax>1379</xmax>
            <ymax>599</ymax>
        </bndbox>
    </object>
    <object>
        <name>se</name>
        <pose>Unspecified</pose>
        <truncated>0</truncated>
        <difficult>0</difficult>
        <bndbox>
            <xmin>1559</xmin>
            <ymin>447</ymin>
            <xmax>1589</xmax>
            <ymax>499</ymax>
        </bndbox>
    </object>
    <object>
        <name>se</name>
        <pose>Unspecified</pose>
        <truncated>0</truncated>
        <difficult>0</difficult>
        <bndbox>
            <xmin>1647</xmin>
            <ymin>1027</ymin>
            <xmax>1663</xmax>
            <ymax>1065</ymax>
        </bndbox>
    </object>
    <object>
        <name>se</name>
        <pose>Unspecified</pose>
        <truncated>0</truncated>
        <difficult>0</difficult>
        <bndbox>
            <xmin>1667</xmin>
            <ymin>679</ymin>
            <xmax>1673</xmax>
            <ymax>685</ymax>
        </bndbox>
    </object>
    <object>
        <name>se</name>
        <pose>Unspecified</pose>
        <truncated>0</truncated>
        <difficult>0</difficult>
        <bndbox>
            <xmin>1673</xmin>
            <ymin>629</ymin>
            <xmax>1677</xmax>
            <ymax>639</ymax>
        </bndbox>
    </object>
    <object>
        <name>se</name>
        <pose>Unspecified</pose>
        <truncated>0</truncated>
        <difficult>0</difficult>
        <bndbox>
            <xmin>1673</xmin>
            <ymin>645</ymin>
            <xmax>1691</xmax>
            <ymax>675</ymax>
        </bndbox>
    </object>
    <object>
        <name>ma</name>
        <pose>Unspecified</pose>
        <truncated>0</truncated>
        <difficult>0</difficult>
        <bndbox>
            <xmin>973</xmin>
            <ymin>1343</ymin>
            <xmax>983</xmax>
            <ymax>1351</ymax>
        </bndbox>
    </object>
    <object>
        <name>ma</name>
        <pose>Unspecified</pose>
        <truncated>0</truncated>
        <difficult>0</difficult>
        <bndbox>
            <xmin>1029</xmin>
            <ymin>1211</ymin>
            <xmax>1041</xmax>
            <ymax>1221</ymax>
        </bndbox>
    </object>
    <object>
        <name>ma</name>
        <pose>Unspecified</pose>
        <truncated>0</truncated>
        <difficult>0</difficult>
        <bndbox>
            <xmin>1055</xmin>
            <ymin>1201</ymin>
            <xmax>1065</xmax>
            <ymax>1211</ymax>
        </bndbox>
    </object>
    <object>
        <name>ma</name>
        <pose>Unspecified</pose>
        <truncated>0</truncated>
        <difficult>0</difficult>
        <bndbox>
            <xmin>1425</xmin>
            <ymin>1607</ymin>
            <xmax>1429</xmax>
            <ymax>1617</ymax>
        </bndbox>
    </object>
    <object>
        <name>ma</name>
        <pose>Unspecified</pose>
        <truncated>0</truncated>
        <difficult>0</difficult>
        <bndbox>
            <xmin>1657</xmin>
            <ymin>585</ymin>
            <xmax>1673</xmax>
            <ymax>601</ymax>
        </bndbox>
    </object>
    <object>
        <name>ma</name>
        <pose>Unspecified</pose>
        <truncated>0</truncated>
        <difficult>0</difficult>
        <bndbox>
            <xmin>1693</xmin>
            <ymin>647</ymin>
            <xmax>1705</xmax>
            <ymax>661</ymax>
        </bndbox>
    </object>
    <object>
        <name>ma</name>
        <pose>Unspecified</pose>
        <truncated>0</truncated>
        <difficult>0</difficult>
        <bndbox>
            <xmin>1715</xmin>
            <ymin>637</ymin>
            <xmax>1723</xmax>
            <ymax>641</ymax>
        </bndbox>
    </object>
    <object>
        <name>ma</name>
        <pose>Unspecified</pose>
        <truncated>0</truncated>
        <difficult>0</difficult>
        <bndbox>
            <xmin>1775</xmin>
            <ymin>1301</ymin>
            <xmax>1793</xmax>
            <ymax>1321</ymax>
        </bndbox>
    </object>
</annotation>