<annotation>
    <folder>OurDataset</folder>
    <filename>007-5454-300.jpg</filename>
    <size>
        <width>2592</width>
        <height>1728</height>
        <depth>3</depth>
    </size>
    <object>
        <name>ex</name>
        <pose>Unspecified</pose>
        <truncated>0</truncated>
        <difficult>0</difficult>
        <bndbox>
            <xmin>1433</xmin>
            <ymin>751</ymin>
            <xmax>1439</xmax>
            <ymax>759</ymax>
        </bndbox>
    </object>
    <object>
        <name>ex</name>
        <pose>Unspecified</pose>
        <truncated>0</truncated>
        <difficult>0</difficult>
        <bndbox>
            <xmin>1441</xmin>
            <ymin>675</ymin>
            <xmax>1465</xmax>
            <ymax>697</ymax>
        </bndbox>
    </object>
    <object>
        <name>ex</name>
        <pose>Unspecified</pose>
        <truncated>0</truncated>
        <difficult>0</difficult>
        <bndbox>
            <xmin>1441</xmin>
            <ymin>703</ymin>
            <xmax>1447</xmax>
            <ymax>715</ymax>
        </bndbox>
    </object>
    <object>
        <name>ex</name>
        <pose>Unspecified</pose>
        <truncated>0</truncated>
        <difficult>0</difficult>
        <bndbox>
            <xmin>1443</xmin>
            <ymin>743</ymin>
            <xmax>1449</xmax>
            <ymax>749</ymax>
        </bndbox>
    </object>
    <object>
        <name>ex</name>
        <pose>Unspecified</pose>
        <truncated>0</truncated>
        <difficult>0</difficult>
        <bndbox>
            <xmin>1463</xmin>
            <ymin>661</ymin>
            <xmax>1465</xmax>
            <ymax>665</ymax>
        </bndbox>
    </object>
    <object>
        <name>ex</name>
        <pose>Unspecified</pose>
        <truncated>0</truncated>
        <difficult>0</difficult>
        <bndbox>
            <xmin>1465</xmin>
            <ymin>689</ymin>
            <xmax>1479</xmax>
            <ymax>709</ymax>
        </bndbox>
    </object>
    <object>
        <name>ex</name>
        <pose>Unspecified</pose>
        <truncated>0</truncated>
        <difficult>0</difficult>
        <bndbox>
            <xmin>1467</xmin>
            <ymin>659</ymin>
            <xmax>1483</xmax>
            <ymax>681</ymax>
        </bndbox>
    </object>
    <object>
        <name>ex</name>
        <pose>Unspecified</pose>
        <truncated>0</truncated>
        <difficult>0</difficult>
        <bndbox>
            <xmin>1475</xmin>
            <ymin>677</ymin>
            <xmax>1487</xmax>
            <ymax>691</ymax>
        </bndbox>
    </object>
    <object>
        <name>ex</name>
        <pose>Unspecified</pose>
        <truncated>0</truncated>
        <difficult>0</difficult>
        <bndbox>
            <xmin>1485</xmin>
            <ymin>697</ymin>
            <xmax>1501</xmax>
            <ymax>727</ymax>
        </bndbox>
    </object>
    <object>
        <name>ex</name>
        <pose>Unspecified</pose>
        <truncated>0</truncated>
        <difficult>0</difficult>
        <bndbox>
            <xmin>1523</xmin>
            <ymin>677</ymin>
            <xmax>1533</xmax>
            <ymax>685</ymax>
        </bndbox>
    </object>
    <object>
        <name>ex</name>
        <pose>Unspecified</pose>
        <truncated>0</truncated>
        <difficult>0</difficult>
        <bndbox>
            <xmin>1529</xmin>
            <ymin>687</ymin>
            <xmax>1537</xmax>
            <ymax>693</ymax>
        </bndbox>
    </object>
    <object>
        <name>ex</name>
        <pose>Unspecified</pose>
        <truncated>0</truncated>
        <difficult>0</difficult>
        <bndbox>
            <xmin>1581</xmin>
            <ymin>609</ymin>
            <xmax>1587</xmax>
            <ymax>617</ymax>
        </bndbox>
    </object>
    <object>
        <name>ex</name>
        <pose>Unspecified</pose>
        <truncated>0</truncated>
        <difficult>0</difficult>
        <bndbox>
            <xmin>1583</xmin>
            <ymin>651</ymin>
            <xmax>1587</xmax>
            <ymax>655</ymax>
        </bndbox>
    </object>
    <object>
        <name>ex</name>
        <pose>Unspecified</pose>
        <truncated>0</truncated>
        <difficult>0</difficult>
        <bndbox>
            <xmin>1587</xmin>
            <ymin>629</ymin>
            <xmax>1589</xmax>
            <ymax>633</ymax>
        </bndbox>
    </object>
    <object>
        <name>ex</name>
        <pose>Unspecified</pose>
        <truncated>0</truncated>
        <difficult>0</difficult>
        <bndbox>
            <xmin>1931</xmin>
            <ymin>907</ymin>
            <xmax>1937</xmax>
            <ymax>911</ymax>
        </bndbox>
    </object>
    <object>
        <name>ex</name>
        <pose>Unspecified</pose>
        <truncated>0</truncated>
        <difficult>0</difficult>
        <bndbox>
            <xmin>1951</xmin>
            <ymin>903</ymin>
            <xmax>1953</xmax>
            <ymax>905</ymax>
        </bndbox>
    </object>
    <object>
        <name>ex</name>
        <pose>Unspecified</pose>
        <truncated>0</truncated>
        <difficult>0</difficult>
        <bndbox>
            <xmin>1953</xmin>
            <ymin>889</ymin>
            <xmax>1959</xmax>
            <ymax>895</ymax>
        </bndbox>
    </object>
    <object>
        <name>ex</name>
        <pose>Unspecified</pose>
        <truncated>0</truncated>
        <difficult>0</difficult>
        <bndbox>
            <xmin>2007</xmin>
            <ymin>945</ymin>
            <xmax>2015</xmax>
            <ymax>953</ymax>
        </bndbox>
    </object>
    <object>
        <name>se</name>
        <pose>Unspecified</pose>
        <truncated>0</truncated>
        <difficult>0</difficult>
        <bndbox>
            <xmin>907</xmin>
            <ymin>825</ymin>
            <xmax>957</xmax>
            <ymax>883</ymax>
        </bndbox>
    </object>
    <object>
        <name>se</name>
        <pose>Unspecified</pose>
        <truncated>0</truncated>
        <difficult>0</difficult>
        <bndbox>
            <xmin>1213</xmin>
            <ymin>379</ymin>
            <xmax>1239</xmax>
            <ymax>411</ymax>
        </bndbox>
    </object>
    <object>
        <name>se</name>
        <pose>Unspecified</pose>
        <truncated>0</truncated>
        <difficult>0</difficult>
        <bndbox>
            <xmin>1403</xmin>
            <ymin>493</ymin>
            <xmax>1429</xmax>
            <ymax>525</ymax>
        </bndbox>
    </object>
    <object>
        <name>se</name>
        <pose>Unspecified</pose>
        <truncated>0</truncated>
        <difficult>0</difficult>
        <bndbox>
            <xmin>1967</xmin>
            <ymin>899</ymin>
            <xmax>1995</xmax>
            <ymax>921</ymax>
        </bndbox>
    </object>
    <object>
        <name>ma</name>
        <pose>Unspecified</pose>
        <truncated>0</truncated>
        <difficult>0</difficult>
        <bndbox>
            <xmin>577</xmin>
            <ymin>663</ymin>
            <xmax>587</xmax>
            <ymax>673</ymax>
        </bndbox>
    </object>
    <object>
        <name>ma</name>
        <pose>Unspecified</pose>
        <truncated>0</truncated>
        <difficult>0</difficult>
        <bndbox>
            <xmin>845</xmin>
            <ymin>599</ymin>
            <xmax>851</xmax>
            <ymax>605</ymax>
        </bndbox>
    </object>
    <object>
        <name>ma</name>
        <pose>Unspecified</pose>
        <truncated>0</truncated>
        <difficult>0</difficult>
        <bndbox>
            <xmin>871</xmin>
            <ymin>603</ymin>
            <xmax>877</xmax>
            <ymax>609</ymax>
        </bndbox>
    </object>
    <object>
        <name>ma</name>
        <pose>Unspecified</pose>
        <truncated>0</truncated>
        <difficult>0</difficult>
        <bndbox>
            <xmin>1245</xmin>
            <ymin>1097</ymin>
            <xmax>1247</xmax>
            <ymax>1101</ymax>
        </bndbox>
    </object>
    <object>
        <name>ma</name>
        <pose>Unspecified</pose>
        <truncated>0</truncated>
        <difficult>0</difficult>
        <bndbox>
            <xmin>1271</xmin>
            <ymin>1075</ymin>
            <xmax>1275</xmax>
            <ymax>1083</ymax>
        </bndbox>
    </object>
    <object>
        <name>ma</name>
        <pose>Unspecified</pose>
        <truncated>0</truncated>
        <difficult>0</difficult>
        <bndbox>
            <xmin>1297</xmin>
            <ymin>477</ymin>
            <xmax>1305</xmax>
            <ymax>487</ymax>
        </bndbox>
    </object>
    <object>
        <name>ma</name>
        <pose>Unspecified</pose>
        <truncated>0</truncated>
        <difficult>0</difficult>
        <bndbox>
            <xmin>1429</xmin>
            <ymin>1187</ymin>
            <xmax>1433</xmax>
            <ymax>1195</ymax>
        </bndbox>
    </object>
    <object>
        <name>ma</name>
        <pose>Unspecified</pose>
        <truncated>0</truncated>
        <difficult>0</difficult>
        <bndbox>
            <xmin>1433</xmin>
            <ymin>1371</ymin>
            <xmax>1435</xmax>
            <ymax>1375</ymax>
        </bndbox>
    </object>
    <object>
        <name>ma</name>
        <pose>Unspecified</pose>
        <truncated>0</truncated>
        <difficult>0</difficult>
        <bndbox>
            <xmin>1467</xmin>
            <ymin>1395</ymin>
            <xmax>1471</xmax>
            <ymax>1405</ymax>
        </bndbox>
    </object>
    <object>
        <name>ma</name>
        <pose>Unspecified</pose>
        <truncated>0</truncated>
        <difficult>0</difficult>
        <bndbox>
            <xmin>1469</xmin>
            <ymin>355</ymin>
            <xmax>1473</xmax>
            <ymax>357</ymax>
        </bndbox>
    </object>
    <object>
        <name>ma</name>
        <pose>Unspecified</pose>
        <truncated>0</truncated>
        <difficult>0</difficult>
        <bndbox>
            <xmin>1505</xmin>
            <ymin>1359</ymin>
            <xmax>1515</xmax>
            <ymax>1367</ymax>
        </bndbox>
    </object>
    <object>
        <name>ma</name>
        <pose>Unspecified</pose>
        <truncated>0</truncated>
        <difficult>0</difficult>
        <bndbox>
            <xmin>1595</xmin>
            <ymin>1295</ymin>
            <xmax>1607</xmax>
            <ymax>1307</ymax>
        </bndbox>
    </object>
    <object>
        <name>ma</name>
        <pose>Unspecified</pose>
        <truncated>0</truncated>
        <difficult>0</difficult>
        <bndbox>
            <xmin>1609</xmin>
            <ymin>1179</ymin>
            <xmax>1619</xmax>
            <ymax>1191</ymax>
        </bndbox>
    </object>
    <object>
        <name>ma</name>
        <pose>Unspecified</pose>
        <truncated>0</truncated>
        <difficult>0</difficult>
        <bndbox>
            <xmin>1619</xmin>
            <ymin>1377</ymin>
            <xmax>1627</xmax>
            <ymax>1383</ymax>
        </bndbox>
    </object>
    <object>
        <name>ma</name>
        <pose>Unspecified</pose>
        <truncated>0</truncated>
        <difficult>0</difficult>
        <bndbox>
            <xmin>1705</xmin>
            <ymin>1293</ymin>
            <xmax>1723</xmax>
            <ymax>1315</ymax>
        </bndbox>
    </object>
    <object>
        <name>ma</name>
        <pose>Unspecified</pose>
        <truncated>0</truncated>
        <difficult>0</difficult>
        <bndbox>
            <xmin>1771</xmin>
            <ymin>1421</ymin>
            <xmax>1773</xmax>
            <ymax>1423</ymax>
        </bndbox>
    </object>
    <object>
        <name>ma</name>
        <pose>Unspecified</pose>
        <truncated>0</truncated>
        <difficult>0</difficult>
        <bndbox>
            <xmin>1777</xmin>
            <ymin>1417</ymin>
            <xmax>1787</xmax>
            <ymax>1425</ymax>
        </bndbox>
    </object>
    <object>
        <name>ma</name>
        <pose>Unspecified</pose>
        <truncated>0</truncated>
        <difficult>0</difficult>
        <bndbox>
            <xmin>1789</xmin>
            <ymin>1411</ymin>
            <xmax>1797</xmax>
            <ymax>1419</ymax>
        </bndbox>
    </object>
    <object>
        <name>ma</name>
        <pose>Unspecified</pose>
        <truncated>0</truncated>
        <difficult>0</difficult>
        <bndbox>
            <xmin>1819</xmin>
            <ymin>1177</ymin>
            <xmax>1827</xmax>
            <ymax>1183</ymax>
        </bndbox>
    </object>
    <object>
        <name>ma</name>
        <pose>Unspecified</pose>
        <truncated>0</truncated>
        <difficult>0</difficult>
        <bndbox>
            <xmin>1849</xmin>
            <ymin>1163</ymin>
            <xmax>1857</xmax>
            <ymax>1175</ymax>
        </bndbox>
    </object>
    <object>
        <name>he</name>
        <pose>Unspecified</pose>
        <truncated>0</truncated>
        <difficult>0</difficult>
        <bndbox>
            <xmin>1657</xmin>
            <ymin>1159</ymin>
            <xmax>1687</xmax>
            <ymax>1195</ymax>
        </bndbox>
    </object>
    <object>
        <name>ex</name>
        <pose>Unspecified</pose>
        <truncated>0</truncated>
        <difficult>0</difficult>
        <bndbox>
            <xmin>1433</xmin>
            <ymin>751</ymin>
            <xmax>1439</xmax>
            <ymax>759</ymax>
        </bndbox>
    </object>
    <object>
        <name>ex</name>
        <pose>Unspecified</pose>
        <truncated>0</truncated>
        <difficult>0</difficult>
        <bndbox>
            <xmin>1441</xmin>
            <ymin>675</ymin>
            <xmax>1465</xmax>
            <ymax>697</ymax>
        </bndbox>
    </object>
    <object>
        <name>ex</name>
        <pose>Unspecified</pose>
        <truncated>0</truncated>
        <difficult>0</difficult>
        <bndbox>
            <xmin>1441</xmin>
            <ymin>703</ymin>
            <xmax>1447</xmax>
            <ymax>715</ymax>
        </bndbox>
    </object>
    <object>
        <name>ex</name>
        <pose>Unspecified</pose>
        <truncated>0</truncated>
        <difficult>0</difficult>
        <bndbox>
            <xmin>1443</xmin>
            <ymin>743</ymin>
            <xmax>1449</xmax>
            <ymax>749</ymax>
        </bndbox>
    </object>
    <object>
        <name>ex</name>
        <pose>Unspecified</pose>
        <truncated>0</truncated>
        <difficult>0</difficult>
        <bndbox>
            <xmin>1463</xmin>
            <ymin>661</ymin>
            <xmax>1465</xmax>
            <ymax>665</ymax>
        </bndbox>
    </object>
    <object>
        <name>ex</name>
        <pose>Unspecified</pose>
        <truncated>0</truncated>
        <difficult>0</difficult>
        <bndbox>
            <xmin>1465</xmin>
            <ymin>689</ymin>
            <xmax>1479</xmax>
            <ymax>709</ymax>
        </bndbox>
    </object>
    <object>
        <name>ex</name>
        <pose>Unspecified</pose>
        <truncated>0</truncated>
        <difficult>0</difficult>
        <bndbox>
            <xmin>1467</xmin>
            <ymin>659</ymin>
            <xmax>1483</xmax>
            <ymax>681</ymax>
        </bndbox>
    </object>
    <object>
        <name>ex</name>
        <pose>Unspecified</pose>
        <truncated>0</truncated>
        <difficult>0</difficult>
        <bndbox>
            <xmin>1475</xmin>
            <ymin>677</ymin>
            <xmax>1487</xmax>
            <ymax>691</ymax>
        </bndbox>
    </object>
    <object>
        <name>ex</name>
        <pose>Unspecified</pose>
        <truncated>0</truncated>
        <difficult>0</difficult>
        <bndbox>
            <xmin>1485</xmin>
            <ymin>697</ymin>
            <xmax>1501</xmax>
            <ymax>727</ymax>
        </bndbox>
    </object>
    <object>
        <name>ex</name>
        <pose>Unspecified</pose>
        <truncated>0</truncated>
        <difficult>0</difficult>
        <bndbox>
            <xmin>1523</xmin>
            <ymin>677</ymin>
            <xmax>1533</xmax>
            <ymax>685</ymax>
        </bndbox>
    </object>
    <object>
        <name>ex</name>
        <pose>Unspecified</pose>
        <truncated>0</truncated>
        <difficult>0</difficult>
        <bndbox>
            <xmin>1529</xmin>
            <ymin>687</ymin>
            <xmax>1537</xmax>
            <ymax>693</ymax>
        </bndbox>
    </object>
    <object>
        <name>ex</name>
        <pose>Unspecified</pose>
        <truncated>0</truncated>
        <difficult>0</difficult>
        <bndbox>
            <xmin>1581</xmin>
            <ymin>609</ymin>
            <xmax>1587</xmax>
            <ymax>617</ymax>
        </bndbox>
    </object>
    <object>
        <name>ex</name>
        <pose>Unspecified</pose>
        <truncated>0</truncated>
        <difficult>0</difficult>
        <bndbox>
            <xmin>1583</xmin>
            <ymin>651</ymin>
            <xmax>1587</xmax>
            <ymax>655</ymax>
        </bndbox>
    </object>
    <object>
        <name>ex</name>
        <pose>Unspecified</pose>
        <truncated>0</truncated>
        <difficult>0</difficult>
        <bndbox>
            <xmin>1587</xmin>
            <ymin>629</ymin>
            <xmax>1589</xmax>
            <ymax>633</ymax>
        </bndbox>
    </object>
    <object>
        <name>ex</name>
        <pose>Unspecified</pose>
        <truncated>0</truncated>
        <difficult>0</difficult>
        <bndbox>
            <xmin>1931</xmin>
            <ymin>907</ymin>
            <xmax>1937</xmax>
            <ymax>911</ymax>
        </bndbox>
    </object>
    <object>
        <name>ex</name>
        <pose>Unspecified</pose>
        <truncated>0</truncated>
        <difficult>0</difficult>
        <bndbox>
            <xmin>1951</xmin>
            <ymin>903</ymin>
            <xmax>1953</xmax>
            <ymax>905</ymax>
        </bndbox>
    </object>
    <object>
        <name>ex</name>
        <pose>Unspecified</pose>
        <truncated>0</truncated>
        <difficult>0</difficult>
        <bndbox>
            <xmin>1953</xmin>
            <ymin>889</ymin>
            <xmax>1959</xmax>
            <ymax>895</ymax>
        </bndbox>
    </object>
    <object>
        <name>ex</name>
        <pose>Unspecified</pose>
        <truncated>0</truncated>
        <difficult>0</difficult>
        <bndbox>
            <xmin>2007</xmin>
            <ymin>945</ymin>
            <xmax>2015</xmax>
            <ymax>953</ymax>
        </bndbox>
    </object>
    <object>
        <name>se</name>
        <pose>Unspecified</pose>
        <truncated>0</truncated>
        <difficult>0</difficult>
        <bndbox>
            <xmin>907</xmin>
            <ymin>825</ymin>
            <xmax>957</xmax>
            <ymax>883</ymax>
        </bndbox>
    </object>
    <object>
        <name>se</name>
        <pose>Unspecified</pose>
        <truncated>0</truncated>
        <difficult>0</difficult>
        <bndbox>
            <xmin>1213</xmin>
            <ymin>379</ymin>
            <xmax>1239</xmax>
            <ymax>411</ymax>
        </bndbox>
    </object>
    <object>
        <name>se</name>
        <pose>Unspecified</pose>
        <truncated>0</truncated>
        <difficult>0</difficult>
        <bndbox>
            <xmin>1403</xmin>
            <ymin>493</ymin>
            <xmax>1429</xmax>
            <ymax>525</ymax>
        </bndbox>
    </object>
    <object>
        <name>se</name>
        <pose>Unspecified</pose>
        <truncated>0</truncated>
        <difficult>0</difficult>
        <bndbox>
            <xmin>1967</xmin>
            <ymin>899</ymin>
            <xmax>1995</xmax>
            <ymax>921</ymax>
        </bndbox>
    </object>
    <object>
        <name>ma</name>
        <pose>Unspecified</pose>
        <truncated>0</truncated>
        <difficult>0</difficult>
        <bndbox>
            <xmin>577</xmin>
            <ymin>663</ymin>
            <xmax>587</xmax>
            <ymax>673</ymax>
        </bndbox>
    </object>
    <object>
        <name>ma</name>
        <pose>Unspecified</pose>
        <truncated>0</truncated>
        <difficult>0</difficult>
        <bndbox>
            <xmin>845</xmin>
            <ymin>599</ymin>
            <xmax>851</xmax>
            <ymax>605</ymax>
        </bndbox>
    </object>
    <object>
        <name>ma</name>
        <pose>Unspecified</pose>
        <truncated>0</truncated>
        <difficult>0</difficult>
        <bndbox>
            <xmin>871</xmin>
            <ymin>603</ymin>
            <xmax>877</xmax>
            <ymax>609</ymax>
        </bndbox>
    </object>
    <object>
        <name>ma</name>
        <pose>Unspecified</pose>
        <truncated>0</truncated>
        <difficult>0</difficult>
        <bndbox>
            <xmin>1245</xmin>
            <ymin>1097</ymin>
            <xmax>1247</xmax>
            <ymax>1101</ymax>
        </bndbox>
    </object>
    <object>
        <name>ma</name>
        <pose>Unspecified</pose>
        <truncated>0</truncated>
        <difficult>0</difficult>
        <bndbox>
            <xmin>1271</xmin>
            <ymin>1075</ymin>
            <xmax>1275</xmax>
            <ymax>1083</ymax>
        </bndbox>
    </object>
    <object>
        <name>ma</name>
        <pose>Unspecified</pose>
        <truncated>0</truncated>
        <difficult>0</difficult>
        <bndbox>
            <xmin>1297</xmin>
            <ymin>477</ymin>
            <xmax>1305</xmax>
            <ymax>487</ymax>
        </bndbox>
    </object>
    <object>
        <name>ma</name>
        <pose>Unspecified</pose>
        <truncated>0</truncated>
        <difficult>0</difficult>
        <bndbox>
            <xmin>1429</xmin>
            <ymin>1187</ymin>
            <xmax>1433</xmax>
            <ymax>1195</ymax>
        </bndbox>
    </object>
    <object>
        <name>ma</name>
        <pose>Unspecified</pose>
        <truncated>0</truncated>
        <difficult>0</difficult>
        <bndbox>
            <xmin>1433</xmin>
            <ymin>1371</ymin>
            <xmax>1435</xmax>
            <ymax>1375</ymax>
        </bndbox>
    </object>
    <object>
        <name>ma</name>
        <pose>Unspecified</pose>
        <truncated>0</truncated>
        <difficult>0</difficult>
        <bndbox>
            <xmin>1467</xmin>
            <ymin>1395</ymin>
            <xmax>1471</xmax>
            <ymax>1405</ymax>
        </bndbox>
    </object>
    <object>
        <name>ma</name>
        <pose>Unspecified</pose>
        <truncated>0</truncated>
        <difficult>0</difficult>
        <bndbox>
            <xmin>1469</xmin>
            <ymin>355</ymin>
            <xmax>1473</xmax>
            <ymax>357</ymax>
        </bndbox>
    </object>
    <object>
        <name>ma</name>
        <pose>Unspecified</pose>
        <truncated>0</truncated>
        <difficult>0</difficult>
        <bndbox>
            <xmin>1505</xmin>
            <ymin>1359</ymin>
            <xmax>1515</xmax>
            <ymax>1367</ymax>
        </bndbox>
    </object>
    <object>
        <name>ma</name>
        <pose>Unspecified</pose>
        <truncated>0</truncated>
        <difficult>0</difficult>
        <bndbox>
            <xmin>1595</xmin>
            <ymin>1295</ymin>
            <xmax>1607</xmax>
            <ymax>1307</ymax>
        </bndbox>
    </object>
    <object>
        <name>ma</name>
        <pose>Unspecified</pose>
        <truncated>0</truncated>
        <difficult>0</difficult>
        <bndbox>
            <xmin>1609</xmin>
            <ymin>1179</ymin>
            <xmax>1619</xmax>
            <ymax>1191</ymax>
        </bndbox>
    </object>
    <object>
        <name>ma</name>
        <pose>Unspecified</pose>
        <truncated>0</truncated>
        <difficult>0</difficult>
        <bndbox>
            <xmin>1619</xmin>
            <ymin>1377</ymin>
            <xmax>1627</xmax>
            <ymax>1383</ymax>
        </bndbox>
    </object>
    <object>
        <name>ma</name>
        <pose>Unspecified</pose>
        <truncated>0</truncated>
        <difficult>0</difficult>
        <bndbox>
            <xmin>1705</xmin>
            <ymin>1293</ymin>
            <xmax>1723</xmax>
            <ymax>1315</ymax>
        </bndbox>
    </object>
    <object>
        <name>ma</name>
        <pose>Unspecified</pose>
        <truncated>0</truncated>
        <difficult>0</difficult>
        <bndbox>
            <xmin>1771</xmin>
            <ymin>1421</ymin>
            <xmax>1773</xmax>
            <ymax>1423</ymax>
        </bndbox>
    </object>
    <object>
        <name>ma</name>
        <pose>Unspecified</pose>
        <truncated>0</truncated>
        <difficult>0</difficult>
        <bndbox>
            <xmin>1777</xmin>
            <ymin>1417</ymin>
            <xmax>1787</xmax>
            <ymax>1425</ymax>
        </bndbox>
    </object>
    <object>
        <name>ma</name>
        <pose>Unspecified</pose>
        <truncated>0</truncated>
        <difficult>0</difficult>
        <bndbox>
            <xmin>1789</xmin>
            <ymin>1411</ymin>
            <xmax>1797</xmax>
            <ymax>1419</ymax>
        </bndbox>
    </object>
    <object>
        <name>ma</name>
        <pose>Unspecified</pose>
        <truncated>0</truncated>
        <difficult>0</difficult>
        <bndbox>
            <xmin>1819</xmin>
            <ymin>1177</ymin>
            <xmax>1827</xmax>
            <ymax>1183</ymax>
        </bndbox>
    </object>
    <object>
        <name>ma</name>
        <pose>Unspecified</pose>
        <truncated>0</truncated>
        <difficult>0</difficult>
        <bndbox>
            <xmin>1849</xmin>
            <ymin>1163</ymin>
            <xmax>1857</xmax>
            <ymax>1175</ymax>
        </bndbox>
    </object>
    <object>
        <name>he</name>
        <pose>Unspecified</pose>
        <truncated>0</truncated>
        <difficult>0</difficult>
        <bndbox>
            <xmin>1657</xmin>
            <ymin>1159</ymin>
            <xmax>1687</xmax>
            <ymax>1195</ymax>
        </bndbox>
    </object>
    <object>
        <name>ex</name>
        <pose>Unspecified</pose>
        <truncated>0</truncated>
        <difficult>0</difficult>
        <bndbox>
            <xmin>1433</xmin>
            <ymin>751</ymin>
            <xmax>1439</xmax>
            <ymax>759</ymax>
        </bndbox>
    </object>
    <object>
        <name>ex</name>
        <pose>Unspecified</pose>
        <truncated>0</truncated>
        <difficult>0</difficult>
        <bndbox>
            <xmin>1441</xmin>
            <ymin>675</ymin>
            <xmax>1465</xmax>
            <ymax>697</ymax>
        </bndbox>
    </object>
    <object>
        <name>ex</name>
        <pose>Unspecified</pose>
        <truncated>0</truncated>
        <difficult>0</difficult>
        <bndbox>
            <xmin>1441</xmin>
            <ymin>703</ymin>
            <xmax>1447</xmax>
            <ymax>715</ymax>
        </bndbox>
    </object>
    <object>
        <name>ex</name>
        <pose>Unspecified</pose>
        <truncated>0</truncated>
        <difficult>0</difficult>
        <bndbox>
            <xmin>1443</xmin>
            <ymin>743</ymin>
            <xmax>1449</xmax>
            <ymax>749</ymax>
        </bndbox>
    </object>
    <object>
        <name>ex</name>
        <pose>Unspecified</pose>
        <truncated>0</truncated>
        <difficult>0</difficult>
        <bndbox>
            <xmin>1463</xmin>
            <ymin>661</ymin>
            <xmax>1465</xmax>
            <ymax>665</ymax>
        </bndbox>
    </object>
    <object>
        <name>ex</name>
        <pose>Unspecified</pose>
        <truncated>0</truncated>
        <difficult>0</difficult>
        <bndbox>
            <xmin>1465</xmin>
            <ymin>689</ymin>
            <xmax>1479</xmax>
            <ymax>709</ymax>
        </bndbox>
    </object>
    <object>
        <name>ex</name>
        <pose>Unspecified</pose>
        <truncated>0</truncated>
        <difficult>0</difficult>
        <bndbox>
            <xmin>1467</xmin>
            <ymin>659</ymin>
            <xmax>1483</xmax>
            <ymax>681</ymax>
        </bndbox>
    </object>
    <object>
        <name>ex</name>
        <pose>Unspecified</pose>
        <truncated>0</truncated>
        <difficult>0</difficult>
        <bndbox>
            <xmin>1475</xmin>
            <ymin>677</ymin>
            <xmax>1487</xmax>
            <ymax>691</ymax>
        </bndbox>
    </object>
    <object>
        <name>ex</name>
        <pose>Unspecified</pose>
        <truncated>0</truncated>
        <difficult>0</difficult>
        <bndbox>
            <xmin>1485</xmin>
            <ymin>697</ymin>
            <xmax>1501</xmax>
            <ymax>727</ymax>
        </bndbox>
    </object>
    <object>
        <name>ex</name>
        <pose>Unspecified</pose>
        <truncated>0</truncated>
        <difficult>0</difficult>
        <bndbox>
            <xmin>1523</xmin>
            <ymin>677</ymin>
            <xmax>1533</xmax>
            <ymax>685</ymax>
        </bndbox>
    </object>
    <object>
        <name>ex</name>
        <pose>Unspecified</pose>
        <truncated>0</truncated>
        <difficult>0</difficult>
        <bndbox>
            <xmin>1529</xmin>
            <ymin>687</ymin>
            <xmax>1537</xmax>
            <ymax>693</ymax>
        </bndbox>
    </object>
    <object>
        <name>ex</name>
        <pose>Unspecified</pose>
        <truncated>0</truncated>
        <difficult>0</difficult>
        <bndbox>
            <xmin>1581</xmin>
            <ymin>609</ymin>
            <xmax>1587</xmax>
            <ymax>617</ymax>
        </bndbox>
    </object>
    <object>
        <name>ex</name>
        <pose>Unspecified</pose>
        <truncated>0</truncated>
        <difficult>0</difficult>
        <bndbox>
            <xmin>1583</xmin>
            <ymin>651</ymin>
            <xmax>1587</xmax>
            <ymax>655</ymax>
        </bndbox>
    </object>
    <object>
        <name>ex</name>
        <pose>Unspecified</pose>
        <truncated>0</truncated>
        <difficult>0</difficult>
        <bndbox>
            <xmin>1587</xmin>
            <ymin>629</ymin>
            <xmax>1589</xmax>
            <ymax>633</ymax>
        </bndbox>
    </object>
    <object>
        <name>ex</name>
        <pose>Unspecified</pose>
        <truncated>0</truncated>
        <difficult>0</difficult>
        <bndbox>
            <xmin>1931</xmin>
            <ymin>907</ymin>
            <xmax>1937</xmax>
            <ymax>911</ymax>
        </bndbox>
    </object>
    <object>
        <name>ex</name>
        <pose>Unspecified</pose>
        <truncated>0</truncated>
        <difficult>0</difficult>
        <bndbox>
            <xmin>1951</xmin>
            <ymin>903</ymin>
            <xmax>1953</xmax>
            <ymax>905</ymax>
        </bndbox>
    </object>
    <object>
        <name>ex</name>
        <pose>Unspecified</pose>
        <truncated>0</truncated>
        <difficult>0</difficult>
        <bndbox>
            <xmin>1953</xmin>
            <ymin>889</ymin>
            <xmax>1959</xmax>
            <ymax>895</ymax>
        </bndbox>
    </object>
    <object>
        <name>ex</name>
        <pose>Unspecified</pose>
        <truncated>0</truncated>
        <difficult>0</difficult>
        <bndbox>
            <xmin>2007</xmin>
            <ymin>945</ymin>
            <xmax>2015</xmax>
            <ymax>953</ymax>
        </bndbox>
    </object>
</annotation>