<annotation>
    <folder>OurDataset</folder>
    <filename>007-3553-200.jpg</filename>
    <size>
        <width>3264</width>
        <height>2448</height>
        <depth>3</depth>
    </size>
    <object>
        <name>ex</name>
        <pose>Unspecified</pose>
        <truncated>0</truncated>
        <difficult>0</difficult>
        <bndbox>
            <xmin>1661</xmin>
            <ymin>1111</ymin>
            <xmax>1701</xmax>
            <ymax>1133</ymax>
        </bndbox>
    </object>
    <object>
        <name>ex</name>
        <pose>Unspecified</pose>
        <truncated>0</truncated>
        <difficult>0</difficult>
        <bndbox>
            <xmin>2277</xmin>
            <ymin>1329</ymin>
            <xmax>2279</xmax>
            <ymax>1331</ymax>
        </bndbox>
    </object>
    <object>
        <name>ex</name>
        <pose>Unspecified</pose>
        <truncated>0</truncated>
        <difficult>0</difficult>
        <bndbox>
            <xmin>2283</xmin>
            <ymin>1343</ymin>
            <xmax>2287</xmax>
            <ymax>1347</ymax>
        </bndbox>
    </object>
    <object>
        <name>ex</name>
        <pose>Unspecified</pose>
        <truncated>0</truncated>
        <difficult>0</difficult>
        <bndbox>
            <xmin>2283</xmin>
            <ymin>1363</ymin>
            <xmax>2291</xmax>
            <ymax>1367</ymax>
        </bndbox>
    </object>
    <object>
        <name>ex</name>
        <pose>Unspecified</pose>
        <truncated>0</truncated>
        <difficult>0</difficult>
        <bndbox>
            <xmin>2297</xmin>
            <ymin>1377</ymin>
            <xmax>2303</xmax>
            <ymax>1385</ymax>
        </bndbox>
    </object>
    <object>
        <name>ex</name>
        <pose>Unspecified</pose>
        <truncated>0</truncated>
        <difficult>0</difficult>
        <bndbox>
            <xmin>2305</xmin>
            <ymin>1351</ymin>
            <xmax>2313</xmax>
            <ymax>1359</ymax>
        </bndbox>
    </object>
    <object>
        <name>ex</name>
        <pose>Unspecified</pose>
        <truncated>0</truncated>
        <difficult>0</difficult>
        <bndbox>
            <xmin>2317</xmin>
            <ymin>1323</ymin>
            <xmax>2331</xmax>
            <ymax>1335</ymax>
        </bndbox>
    </object>
    <object>
        <name>ex</name>
        <pose>Unspecified</pose>
        <truncated>0</truncated>
        <difficult>0</difficult>
        <bndbox>
            <xmin>2325</xmin>
            <ymin>1343</ymin>
            <xmax>2333</xmax>
            <ymax>1349</ymax>
        </bndbox>
    </object>
    <object>
        <name>ex</name>
        <pose>Unspecified</pose>
        <truncated>0</truncated>
        <difficult>0</difficult>
        <bndbox>
            <xmin>2477</xmin>
            <ymin>1243</ymin>
            <xmax>2521</xmax>
            <ymax>1275</ymax>
        </bndbox>
    </object>
    <object>
        <name>ex</name>
        <pose>Unspecified</pose>
        <truncated>0</truncated>
        <difficult>0</difficult>
        <bndbox>
            <xmin>2527</xmin>
            <ymin>1169</ymin>
            <xmax>2537</xmax>
            <ymax>1181</ymax>
        </bndbox>
    </object>
    <object>
        <name>ma</name>
        <pose>Unspecified</pose>
        <truncated>0</truncated>
        <difficult>0</difficult>
        <bndbox>
            <xmin>2351</xmin>
            <ymin>1165</ymin>
            <xmax>2361</xmax>
            <ymax>1177</ymax>
        </bndbox>
    </object>
    <object>
        <name>he</name>
        <pose>Unspecified</pose>
        <truncated>0</truncated>
        <difficult>0</difficult>
        <bndbox>
            <xmin>1395</xmin>
            <ymin>791</ymin>
            <xmax>1579</xmax>
            <ymax>865</ymax>
        </bndbox>
    </object>
    <object>
        <name>he</name>
        <pose>Unspecified</pose>
        <truncated>0</truncated>
        <difficult>0</difficult>
        <bndbox>
            <xmin>1635</xmin>
            <ymin>1045</ymin>
            <xmax>1663</xmax>
            <ymax>1095</ymax>
        </bndbox>
    </object>
    <object>
        <name>he</name>
        <pose>Unspecified</pose>
        <truncated>0</truncated>
        <difficult>0</difficult>
        <bndbox>
            <xmin>1747</xmin>
            <ymin>947</ymin>
            <xmax>1763</xmax>
            <ymax>967</ymax>
        </bndbox>
    </object>
    <object>
        <name>he</name>
        <pose>Unspecified</pose>
        <truncated>0</truncated>
        <difficult>0</difficult>
        <bndbox>
            <xmin>1881</xmin>
            <ymin>1679</ymin>
            <xmax>1893</xmax>
            <ymax>1693</ymax>
        </bndbox>
    </object>
    <object>
        <name>he</name>
        <pose>Unspecified</pose>
        <truncated>0</truncated>
        <difficult>0</difficult>
        <bndbox>
            <xmin>1933</xmin>
            <ymin>1663</ymin>
            <xmax>1943</xmax>
            <ymax>1675</ymax>
        </bndbox>
    </object>
    <object>
        <name>he</name>
        <pose>Unspecified</pose>
        <truncated>0</truncated>
        <difficult>0</difficult>
        <bndbox>
            <xmin>2129</xmin>
            <ymin>775</ymin>
            <xmax>2149</xmax>
            <ymax>821</ymax>
        </bndbox>
    </object>
    <object>
        <name>he</name>
        <pose>Unspecified</pose>
        <truncated>0</truncated>
        <difficult>0</difficult>
        <bndbox>
            <xmin>2317</xmin>
            <ymin>1181</ymin>
            <xmax>2343</xmax>
            <ymax>1197</ymax>
        </bndbox>
    </object>
    <object>
        <name>he</name>
        <pose>Unspecified</pose>
        <truncated>0</truncated>
        <difficult>0</difficult>
        <bndbox>
            <xmin>2531</xmin>
            <ymin>1103</ymin>
            <xmax>2559</xmax>
            <ymax>1129</ymax>
        </bndbox>
    </object>
    <object>
        <name>ex</name>
        <pose>Unspecified</pose>
        <truncated>0</truncated>
        <difficult>0</difficult>
        <bndbox>
            <xmin>1661</xmin>
            <ymin>1111</ymin>
            <xmax>1701</xmax>
            <ymax>1133</ymax>
        </bndbox>
    </object>
    <object>
        <name>ex</name>
        <pose>Unspecified</pose>
        <truncated>0</truncated>
        <difficult>0</difficult>
        <bndbox>
            <xmin>2277</xmin>
            <ymin>1329</ymin>
            <xmax>2279</xmax>
            <ymax>1331</ymax>
        </bndbox>
    </object>
    <object>
        <name>ex</name>
        <pose>Unspecified</pose>
        <truncated>0</truncated>
        <difficult>0</difficult>
        <bndbox>
            <xmin>2283</xmin>
            <ymin>1343</ymin>
            <xmax>2287</xmax>
            <ymax>1347</ymax>
        </bndbox>
    </object>
    <object>
        <name>ex</name>
        <pose>Unspecified</pose>
        <truncated>0</truncated>
        <difficult>0</difficult>
        <bndbox>
            <xmin>2283</xmin>
            <ymin>1363</ymin>
            <xmax>2291</xmax>
            <ymax>1367</ymax>
        </bndbox>
    </object>
    <object>
        <name>ex</name>
        <pose>Unspecified</pose>
        <truncated>0</truncated>
        <difficult>0</difficult>
        <bndbox>
            <xmin>2297</xmin>
            <ymin>1377</ymin>
            <xmax>2303</xmax>
            <ymax>1385</ymax>
        </bndbox>
    </object>
    <object>
        <name>ex</name>
        <pose>Unspecified</pose>
        <truncated>0</truncated>
        <difficult>0</difficult>
        <bndbox>
            <xmin>2305</xmin>
            <ymin>1351</ymin>
            <xmax>2313</xmax>
            <ymax>1359</ymax>
        </bndbox>
    </object>
    <object>
        <name>ex</name>
        <pose>Unspecified</pose>
        <truncated>0</truncated>
        <difficult>0</difficult>
        <bndbox>
            <xmin>2317</xmin>
            <ymin>1323</ymin>
            <xmax>2331</xmax>
            <ymax>1335</ymax>
        </bndbox>
    </object>
    <object>
        <name>ex</name>
        <pose>Unspecified</pose>
        <truncated>0</truncated>
        <difficult>0</difficult>
        <bndbox>
            <xmin>2325</xmin>
            <ymin>1343</ymin>
            <xmax>2333</xmax>
            <ymax>1349</ymax>
        </bndbox>
    </object>
    <object>
        <name>ex</name>
        <pose>Unspecified</pose>
        <truncated>0</truncated>
        <difficult>0</difficult>
        <bndbox>
            <xmin>2477</xmin>
            <ymin>1243</ymin>
            <xmax>2521</xmax>
            <ymax>1275</ymax>
        </bndbox>
    </object>
    <object>
        <name>ex</name>
        <pose>Unspecified</pose>
        <truncated>0</truncated>
        <difficult>0</difficult>
        <bndbox>
            <xmin>2527</xmin>
            <ymin>1169</ymin>
            <xmax>2537</xmax>
            <ymax>1181</ymax>
        </bndbox>
    </object>
    <object>
        <name>ma</name>
        <pose>Unspecified</pose>
        <truncated>0</truncated>
        <difficult>0</difficult>
        <bndbox>
            <xmin>2351</xmin>
            <ymin>1165</ymin>
            <xmax>2361</xmax>
            <ymax>1177</ymax>
        </bndbox>
    </object>
    <object>
        <name>he</name>
        <pose>Unspecified</pose>
        <truncated>0</truncated>
        <difficult>0</difficult>
        <bndbox>
            <xmin>1395</xmin>
            <ymin>791</ymin>
            <xmax>1579</xmax>
            <ymax>865</ymax>
        </bndbox>
    </object>
    <object>
        <name>he</name>
        <pose>Unspecified</pose>
        <truncated>0</truncated>
        <difficult>0</difficult>
        <bndbox>
            <xmin>1635</xmin>
            <ymin>1045</ymin>
            <xmax>1663</xmax>
            <ymax>1095</ymax>
        </bndbox>
    </object>
    <object>
        <name>he</name>
        <pose>Unspecified</pose>
        <truncated>0</truncated>
        <difficult>0</difficult>
        <bndbox>
            <xmin>1747</xmin>
            <ymin>947</ymin>
            <xmax>1763</xmax>
            <ymax>967</ymax>
        </bndbox>
    </object>
    <object>
        <name>he</name>
        <pose>Unspecified</pose>
        <truncated>0</truncated>
        <difficult>0</difficult>
        <bndbox>
            <xmin>1881</xmin>
            <ymin>1679</ymin>
            <xmax>1893</xmax>
            <ymax>1693</ymax>
        </bndbox>
    </object>
    <object>
        <name>he</name>
        <pose>Unspecified</pose>
        <truncated>0</truncated>
        <difficult>0</difficult>
        <bndbox>
            <xmin>1933</xmin>
            <ymin>1663</ymin>
            <xmax>1943</xmax>
            <ymax>1675</ymax>
        </bndbox>
    </object>
    <object>
        <name>he</name>
        <pose>Unspecified</pose>
        <truncated>0</truncated>
        <difficult>0</difficult>
        <bndbox>
            <xmin>2129</xmin>
            <ymin>775</ymin>
            <xmax>2149</xmax>
            <ymax>821</ymax>
        </bndbox>
    </object>
    <object>
        <name>he</name>
        <pose>Unspecified</pose>
        <truncated>0</truncated>
        <difficult>0</difficult>
        <bndbox>
            <xmin>2317</xmin>
            <ymin>1181</ymin>
            <xmax>2343</xmax>
            <ymax>1197</ymax>
        </bndbox>
    </object>
    <object>
        <name>he</name>
        <pose>Unspecified</pose>
        <truncated>0</truncated>
        <difficult>0</difficult>
        <bndbox>
            <xmin>2531</xmin>
            <ymin>1103</ymin>
            <xmax>2559</xmax>
            <ymax>1129</ymax>
        </bndbox>
    </object>
    <object>
        <name>ex</name>
        <pose>Unspecified</pose>
        <truncated>0</truncated>
        <difficult>0</difficult>
        <bndbox>
            <xmin>1661</xmin>
            <ymin>1111</ymin>
            <xmax>1701</xmax>
            <ymax>1133</ymax>
        </bndbox>
    </object>
    <object>
        <name>ex</name>
        <pose>Unspecified</pose>
        <truncated>0</truncated>
        <difficult>0</difficult>
        <bndbox>
            <xmin>2277</xmin>
            <ymin>1329</ymin>
            <xmax>2279</xmax>
            <ymax>1331</ymax>
        </bndbox>
    </object>
    <object>
        <name>ex</name>
        <pose>Unspecified</pose>
        <truncated>0</truncated>
        <difficult>0</difficult>
        <bndbox>
            <xmin>2283</xmin>
            <ymin>1343</ymin>
            <xmax>2287</xmax>
            <ymax>1347</ymax>
        </bndbox>
    </object>
    <object>
        <name>ex</name>
        <pose>Unspecified</pose>
        <truncated>0</truncated>
        <difficult>0</difficult>
        <bndbox>
            <xmin>2283</xmin>
            <ymin>1363</ymin>
            <xmax>2291</xmax>
            <ymax>1367</ymax>
        </bndbox>
    </object>
    <object>
        <name>ex</name>
        <pose>Unspecified</pose>
        <truncated>0</truncated>
        <difficult>0</difficult>
        <bndbox>
            <xmin>2297</xmin>
            <ymin>1377</ymin>
            <xmax>2303</xmax>
            <ymax>1385</ymax>
        </bndbox>
    </object>
    <object>
        <name>ex</name>
        <pose>Unspecified</pose>
        <truncated>0</truncated>
        <difficult>0</difficult>
        <bndbox>
            <xmin>2305</xmin>
            <ymin>1351</ymin>
            <xmax>2313</xmax>
            <ymax>1359</ymax>
        </bndbox>
    </object>
    <object>
        <name>ex</name>
        <pose>Unspecified</pose>
        <truncated>0</truncated>
        <difficult>0</difficult>
        <bndbox>
            <xmin>2317</xmin>
            <ymin>1323</ymin>
            <xmax>2331</xmax>
            <ymax>1335</ymax>
        </bndbox>
    </object>
    <object>
        <name>ex</name>
        <pose>Unspecified</pose>
        <truncated>0</truncated>
        <difficult>0</difficult>
        <bndbox>
            <xmin>2325</xmin>
            <ymin>1343</ymin>
            <xmax>2333</xmax>
            <ymax>1349</ymax>
        </bndbox>
    </object>
    <object>
        <name>ex</name>
        <pose>Unspecified</pose>
        <truncated>0</truncated>
        <difficult>0</difficult>
        <bndbox>
            <xmin>2477</xmin>
            <ymin>1243</ymin>
            <xmax>2521</xmax>
            <ymax>1275</ymax>
        </bndbox>
    </object>
    <object>
        <name>ex</name>
        <pose>Unspecified</pose>
        <truncated>0</truncated>
        <difficult>0</difficult>
        <bndbox>
            <xmin>2527</xmin>
            <ymin>1169</ymin>
            <xmax>2537</xmax>
            <ymax>1181</ymax>
        </bndbox>
    </object>
</annotation>