<annotation>
    <folder>OurDataset</folder>
    <filename>007-5688-300.jpg</filename>
    <size>
        <width>3888</width>
        <height>2592</height>
        <depth>3</depth>
    </size>
    <object>
        <name>se</name>
        <pose>Unspecified</pose>
        <truncated>0</truncated>
        <difficult>0</difficult>
        <bndbox>
            <xmin>2557</xmin>
            <ymin>951</ymin>
            <xmax>2621</xmax>
            <ymax>1035</ymax>
        </bndbox>
    </object>
    <object>
        <name>ma</name>
        <pose>Unspecified</pose>
        <truncated>0</truncated>
        <difficult>0</difficult>
        <bndbox>
            <xmin>1971</xmin>
            <ymin>967</ymin>
            <xmax>1993</xmax>
            <ymax>983</ymax>
        </bndbox>
    </object>
    <object>
        <name>ma</name>
        <pose>Unspecified</pose>
        <truncated>0</truncated>
        <difficult>0</difficult>
        <bndbox>
            <xmin>2415</xmin>
            <ymin>1447</ymin>
            <xmax>2437</xmax>
            <ymax>1465</ymax>
        </bndbox>
    </object>
    <object>
        <name>he</name>
        <pose>Unspecified</pose>
        <truncated>0</truncated>
        <difficult>0</difficult>
        <bndbox>
            <xmin>1789</xmin>
            <ymin>489</ymin>
            <xmax>1835</xmax>
            <ymax>515</ymax>
        </bndbox>
    </object>
    <object>
        <name>he</name>
        <pose>Unspecified</pose>
        <truncated>0</truncated>
        <difficult>0</difficult>
        <bndbox>
            <xmin>1827</xmin>
            <ymin>507</ymin>
            <xmax>1831</xmax>
            <ymax>511</ymax>
        </bndbox>
    </object>
    <object>
        <name>he</name>
        <pose>Unspecified</pose>
        <truncated>0</truncated>
        <difficult>0</difficult>
        <bndbox>
            <xmin>1971</xmin>
            <ymin>1717</ymin>
            <xmax>1989</xmax>
            <ymax>1727</ymax>
        </bndbox>
    </object>
    <object>
        <name>se</name>
        <pose>Unspecified</pose>
        <truncated>0</truncated>
        <difficult>0</difficult>
        <bndbox>
            <xmin>2557</xmin>
            <ymin>951</ymin>
            <xmax>2621</xmax>
            <ymax>1035</ymax>
        </bndbox>
    </object>
    <object>
        <name>ma</name>
        <pose>Unspecified</pose>
        <truncated>0</truncated>
        <difficult>0</difficult>
        <bndbox>
            <xmin>1971</xmin>
            <ymin>967</ymin>
            <xmax>1993</xmax>
            <ymax>983</ymax>
        </bndbox>
    </object>
    <object>
        <name>ma</name>
        <pose>Unspecified</pose>
        <truncated>0</truncated>
        <difficult>0</difficult>
        <bndbox>
            <xmin>2415</xmin>
            <ymin>1447</ymin>
            <xmax>2437</xmax>
            <ymax>1465</ymax>
        </bndbox>
    </object>
    <object>
        <name>he</name>
        <pose>Unspecified</pose>
        <truncated>0</truncated>
        <difficult>0</difficult>
        <bndbox>
            <xmin>1789</xmin>
            <ymin>489</ymin>
            <xmax>1835</xmax>
            <ymax>515</ymax>
        </bndbox>
    </object>
    <object>
        <name>he</name>
        <pose>Unspecified</pose>
        <truncated>0</truncated>
        <difficult>0</difficult>
        <bndbox>
            <xmin>1827</xmin>
            <ymin>507</ymin>
            <xmax>1831</xmax>
            <ymax>511</ymax>
        </bndbox>
    </object>
    <object>
        <name>he</name>
        <pose>Unspecified</pose>
        <truncated>0</truncated>
        <difficult>0</difficult>
        <bndbox>
            <xmin>1971</xmin>
            <ymin>1717</ymin>
            <xmax>1989</xmax>
            <ymax>1727</ymax>
        </bndbox>
    </object>
</annotation>