<annotation>
    <folder>OurDataset</folder>
    <filename>007-4059-200.jpg</filename>
    <size>
        <width>3888</width>
        <height>2592</height>
        <depth>3</depth>
    </size>
    <object>
        <name>ex</name>
        <pose>Unspecified</pose>
        <truncated>0</truncated>
        <difficult>0</difficult>
        <bndbox>
            <xmin>1421</xmin>
            <ymin>1573</ymin>
            <xmax>1431</xmax>
            <ymax>1579</ymax>
        </bndbox>
    </object>
    <object>
        <name>ex</name>
        <pose>Unspecified</pose>
        <truncated>0</truncated>
        <difficult>0</difficult>
        <bndbox>
            <xmin>1425</xmin>
            <ymin>1533</ymin>
            <xmax>1443</xmax>
            <ymax>1559</ymax>
        </bndbox>
    </object>
    <object>
        <name>ma</name>
        <pose>Unspecified</pose>
        <truncated>0</truncated>
        <difficult>0</difficult>
        <bndbox>
            <xmin>1807</xmin>
            <ymin>1205</ymin>
            <xmax>1831</xmax>
            <ymax>1233</ymax>
        </bndbox>
    </object>
    <object>
        <name>ma</name>
        <pose>Unspecified</pose>
        <truncated>0</truncated>
        <difficult>0</difficult>
        <bndbox>
            <xmin>1867</xmin>
            <ymin>1209</ymin>
            <xmax>1879</xmax>
            <ymax>1223</ymax>
        </bndbox>
    </object>
    <object>
        <name>ex</name>
        <pose>Unspecified</pose>
        <truncated>0</truncated>
        <difficult>0</difficult>
        <bndbox>
            <xmin>1421</xmin>
            <ymin>1573</ymin>
            <xmax>1431</xmax>
            <ymax>1579</ymax>
        </bndbox>
    </object>
    <object>
        <name>ex</name>
        <pose>Unspecified</pose>
        <truncated>0</truncated>
        <difficult>0</difficult>
        <bndbox>
            <xmin>1425</xmin>
            <ymin>1533</ymin>
            <xmax>1443</xmax>
            <ymax>1559</ymax>
        </bndbox>
    </object>
    <object>
        <name>ma</name>
        <pose>Unspecified</pose>
        <truncated>0</truncated>
        <difficult>0</difficult>
        <bndbox>
            <xmin>1807</xmin>
            <ymin>1205</ymin>
            <xmax>1831</xmax>
            <ymax>1233</ymax>
        </bndbox>
    </object>
    <object>
        <name>ma</name>
        <pose>Unspecified</pose>
        <truncated>0</truncated>
        <difficult>0</difficult>
        <bndbox>
            <xmin>1867</xmin>
            <ymin>1209</ymin>
            <xmax>1879</xmax>
            <ymax>1223</ymax>
        </bndbox>
    </object>
    <object>
        <name>ex</name>
        <pose>Unspecified</pose>
        <truncated>0</truncated>
        <difficult>0</difficult>
        <bndbox>
            <xmin>1421</xmin>
            <ymin>1573</ymin>
            <xmax>1431</xmax>
            <ymax>1579</ymax>
        </bndbox>
    </object>
    <object>
        <name>ex</name>
        <pose>Unspecified</pose>
        <truncated>0</truncated>
        <difficult>0</difficult>
        <bndbox>
            <xmin>1425</xmin>
            <ymin>1533</ymin>
            <xmax>1443</xmax>
            <ymax>1559</ymax>
        </bndbox>
    </object>
</annotation>