<annotation>
    <folder>OurDataset</folder>
    <filename>007-4258-200.jpg</filename>
    <size>
        <width>2592</width>
        <height>1728</height>
        <depth>3</depth>
    </size>
    <object>
        <name>ex</name>
        <pose>Unspecified</pose>
        <truncated>0</truncated>
        <difficult>0</difficult>
        <bndbox>
            <xmin>671</xmin>
            <ymin>1295</ymin>
            <xmax>681</xmax>
            <ymax>1303</ymax>
        </bndbox>
    </object>
    <object>
        <name>ex</name>
        <pose>Unspecified</pose>
        <truncated>0</truncated>
        <difficult>0</difficult>
        <bndbox>
            <xmin>685</xmin>
            <ymin>1307</ymin>
            <xmax>689</xmax>
            <ymax>1313</ymax>
        </bndbox>
    </object>
    <object>
        <name>ex</name>
        <pose>Unspecified</pose>
        <truncated>0</truncated>
        <difficult>0</difficult>
        <bndbox>
            <xmin>695</xmin>
            <ymin>1297</ymin>
            <xmax>697</xmax>
            <ymax>1303</ymax>
        </bndbox>
    </object>
    <object>
        <name>ex</name>
        <pose>Unspecified</pose>
        <truncated>0</truncated>
        <difficult>0</difficult>
        <bndbox>
            <xmin>701</xmin>
            <ymin>1311</ymin>
            <xmax>707</xmax>
            <ymax>1317</ymax>
        </bndbox>
    </object>
    <object>
        <name>ex</name>
        <pose>Unspecified</pose>
        <truncated>0</truncated>
        <difficult>0</difficult>
        <bndbox>
            <xmin>707</xmin>
            <ymin>1307</ymin>
            <xmax>709</xmax>
            <ymax>1309</ymax>
        </bndbox>
    </object>
    <object>
        <name>ex</name>
        <pose>Unspecified</pose>
        <truncated>0</truncated>
        <difficult>0</difficult>
        <bndbox>
            <xmin>781</xmin>
            <ymin>387</ymin>
            <xmax>811</xmax>
            <ymax>417</ymax>
        </bndbox>
    </object>
    <object>
        <name>ex</name>
        <pose>Unspecified</pose>
        <truncated>0</truncated>
        <difficult>0</difficult>
        <bndbox>
            <xmin>803</xmin>
            <ymin>341</ymin>
            <xmax>821</xmax>
            <ymax>365</ymax>
        </bndbox>
    </object>
    <object>
        <name>ex</name>
        <pose>Unspecified</pose>
        <truncated>0</truncated>
        <difficult>0</difficult>
        <bndbox>
            <xmin>829</xmin>
            <ymin>395</ymin>
            <xmax>847</xmax>
            <ymax>421</ymax>
        </bndbox>
    </object>
    <object>
        <name>ex</name>
        <pose>Unspecified</pose>
        <truncated>0</truncated>
        <difficult>0</difficult>
        <bndbox>
            <xmin>1271</xmin>
            <ymin>137</ymin>
            <xmax>1291</xmax>
            <ymax>157</ymax>
        </bndbox>
    </object>
    <object>
        <name>ex</name>
        <pose>Unspecified</pose>
        <truncated>0</truncated>
        <difficult>0</difficult>
        <bndbox>
            <xmin>1963</xmin>
            <ymin>865</ymin>
            <xmax>1981</xmax>
            <ymax>877</ymax>
        </bndbox>
    </object>
    <object>
        <name>ex</name>
        <pose>Unspecified</pose>
        <truncated>0</truncated>
        <difficult>0</difficult>
        <bndbox>
            <xmin>1969</xmin>
            <ymin>749</ymin>
            <xmax>2001</xmax>
            <ymax>763</ymax>
        </bndbox>
    </object>
    <object>
        <name>ex</name>
        <pose>Unspecified</pose>
        <truncated>0</truncated>
        <difficult>0</difficult>
        <bndbox>
            <xmin>1977</xmin>
            <ymin>853</ymin>
            <xmax>2025</xmax>
            <ymax>887</ymax>
        </bndbox>
    </object>
    <object>
        <name>ex</name>
        <pose>Unspecified</pose>
        <truncated>0</truncated>
        <difficult>0</difficult>
        <bndbox>
            <xmin>1999</xmin>
            <ymin>757</ymin>
            <xmax>2045</xmax>
            <ymax>785</ymax>
        </bndbox>
    </object>
    <object>
        <name>ma</name>
        <pose>Unspecified</pose>
        <truncated>0</truncated>
        <difficult>0</difficult>
        <bndbox>
            <xmin>693</xmin>
            <ymin>689</ymin>
            <xmax>697</xmax>
            <ymax>695</ymax>
        </bndbox>
    </object>
    <object>
        <name>ma</name>
        <pose>Unspecified</pose>
        <truncated>0</truncated>
        <difficult>0</difficult>
        <bndbox>
            <xmin>813</xmin>
            <ymin>393</ymin>
            <xmax>817</xmax>
            <ymax>395</ymax>
        </bndbox>
    </object>
    <object>
        <name>ma</name>
        <pose>Unspecified</pose>
        <truncated>0</truncated>
        <difficult>0</difficult>
        <bndbox>
            <xmin>821</xmin>
            <ymin>389</ymin>
            <xmax>831</xmax>
            <ymax>395</ymax>
        </bndbox>
    </object>
    <object>
        <name>ma</name>
        <pose>Unspecified</pose>
        <truncated>0</truncated>
        <difficult>0</difficult>
        <bndbox>
            <xmin>919</xmin>
            <ymin>695</ymin>
            <xmax>925</xmax>
            <ymax>703</ymax>
        </bndbox>
    </object>
    <object>
        <name>ma</name>
        <pose>Unspecified</pose>
        <truncated>0</truncated>
        <difficult>0</difficult>
        <bndbox>
            <xmin>1147</xmin>
            <ymin>1039</ymin>
            <xmax>1157</xmax>
            <ymax>1049</ymax>
        </bndbox>
    </object>
    <object>
        <name>ma</name>
        <pose>Unspecified</pose>
        <truncated>0</truncated>
        <difficult>0</difficult>
        <bndbox>
            <xmin>1267</xmin>
            <ymin>229</ymin>
            <xmax>1273</xmax>
            <ymax>237</ymax>
        </bndbox>
    </object>
    <object>
        <name>ma</name>
        <pose>Unspecified</pose>
        <truncated>0</truncated>
        <difficult>0</difficult>
        <bndbox>
            <xmin>1355</xmin>
            <ymin>711</ymin>
            <xmax>1361</xmax>
            <ymax>717</ymax>
        </bndbox>
    </object>
    <object>
        <name>ma</name>
        <pose>Unspecified</pose>
        <truncated>0</truncated>
        <difficult>0</difficult>
        <bndbox>
            <xmin>1359</xmin>
            <ymin>705</ymin>
            <xmax>1365</xmax>
            <ymax>709</ymax>
        </bndbox>
    </object>
    <object>
        <name>ma</name>
        <pose>Unspecified</pose>
        <truncated>0</truncated>
        <difficult>0</difficult>
        <bndbox>
            <xmin>1397</xmin>
            <ymin>679</ymin>
            <xmax>1405</xmax>
            <ymax>687</ymax>
        </bndbox>
    </object>
    <object>
        <name>ma</name>
        <pose>Unspecified</pose>
        <truncated>0</truncated>
        <difficult>0</difficult>
        <bndbox>
            <xmin>1447</xmin>
            <ymin>663</ymin>
            <xmax>1457</xmax>
            <ymax>669</ymax>
        </bndbox>
    </object>
    <object>
        <name>ma</name>
        <pose>Unspecified</pose>
        <truncated>0</truncated>
        <difficult>0</difficult>
        <bndbox>
            <xmin>1727</xmin>
            <ymin>1209</ymin>
            <xmax>1731</xmax>
            <ymax>1213</ymax>
        </bndbox>
    </object>
    <object>
        <name>ma</name>
        <pose>Unspecified</pose>
        <truncated>0</truncated>
        <difficult>0</difficult>
        <bndbox>
            <xmin>1803</xmin>
            <ymin>407</ymin>
            <xmax>1811</xmax>
            <ymax>417</ymax>
        </bndbox>
    </object>
    <object>
        <name>ma</name>
        <pose>Unspecified</pose>
        <truncated>0</truncated>
        <difficult>0</difficult>
        <bndbox>
            <xmin>1811</xmin>
            <ymin>423</ymin>
            <xmax>1815</xmax>
            <ymax>429</ymax>
        </bndbox>
    </object>
    <object>
        <name>ma</name>
        <pose>Unspecified</pose>
        <truncated>0</truncated>
        <difficult>0</difficult>
        <bndbox>
            <xmin>1817</xmin>
            <ymin>1311</ymin>
            <xmax>1823</xmax>
            <ymax>1317</ymax>
        </bndbox>
    </object>
    <object>
        <name>ma</name>
        <pose>Unspecified</pose>
        <truncated>0</truncated>
        <difficult>0</difficult>
        <bndbox>
            <xmin>1845</xmin>
            <ymin>1357</ymin>
            <xmax>1851</xmax>
            <ymax>1361</ymax>
        </bndbox>
    </object>
    <object>
        <name>ma</name>
        <pose>Unspecified</pose>
        <truncated>0</truncated>
        <difficult>0</difficult>
        <bndbox>
            <xmin>1863</xmin>
            <ymin>1333</ymin>
            <xmax>1869</xmax>
            <ymax>1341</ymax>
        </bndbox>
    </object>
    <object>
        <name>ma</name>
        <pose>Unspecified</pose>
        <truncated>0</truncated>
        <difficult>0</difficult>
        <bndbox>
            <xmin>1883</xmin>
            <ymin>1255</ymin>
            <xmax>1891</xmax>
            <ymax>1263</ymax>
        </bndbox>
    </object>
    <object>
        <name>ma</name>
        <pose>Unspecified</pose>
        <truncated>0</truncated>
        <difficult>0</difficult>
        <bndbox>
            <xmin>1981</xmin>
            <ymin>663</ymin>
            <xmax>1987</xmax>
            <ymax>669</ymax>
        </bndbox>
    </object>
    <object>
        <name>ma</name>
        <pose>Unspecified</pose>
        <truncated>0</truncated>
        <difficult>0</difficult>
        <bndbox>
            <xmin>1993</xmin>
            <ymin>559</ymin>
            <xmax>1999</xmax>
            <ymax>565</ymax>
        </bndbox>
    </object>
    <object>
        <name>ma</name>
        <pose>Unspecified</pose>
        <truncated>0</truncated>
        <difficult>0</difficult>
        <bndbox>
            <xmin>2005</xmin>
            <ymin>757</ymin>
            <xmax>2009</xmax>
            <ymax>763</ymax>
        </bndbox>
    </object>
    <object>
        <name>ma</name>
        <pose>Unspecified</pose>
        <truncated>0</truncated>
        <difficult>0</difficult>
        <bndbox>
            <xmin>2029</xmin>
            <ymin>877</ymin>
            <xmax>2035</xmax>
            <ymax>883</ymax>
        </bndbox>
    </object>
    <object>
        <name>ma</name>
        <pose>Unspecified</pose>
        <truncated>0</truncated>
        <difficult>0</difficult>
        <bndbox>
            <xmin>2041</xmin>
            <ymin>813</ymin>
            <xmax>2055</xmax>
            <ymax>831</ymax>
        </bndbox>
    </object>
    <object>
        <name>he</name>
        <pose>Unspecified</pose>
        <truncated>0</truncated>
        <difficult>0</difficult>
        <bndbox>
            <xmin>1139</xmin>
            <ymin>845</ymin>
            <xmax>1157</xmax>
            <ymax>869</ymax>
        </bndbox>
    </object>
    <object>
        <name>he</name>
        <pose>Unspecified</pose>
        <truncated>0</truncated>
        <difficult>0</difficult>
        <bndbox>
            <xmin>1151</xmin>
            <ymin>783</ymin>
            <xmax>1171</xmax>
            <ymax>801</ymax>
        </bndbox>
    </object>
    <object>
        <name>he</name>
        <pose>Unspecified</pose>
        <truncated>0</truncated>
        <difficult>0</difficult>
        <bndbox>
            <xmin>1911</xmin>
            <ymin>725</ymin>
            <xmax>1941</xmax>
            <ymax>757</ymax>
        </bndbox>
    </object>
    <object>
        <name>he</name>
        <pose>Unspecified</pose>
        <truncated>0</truncated>
        <difficult>0</difficult>
        <bndbox>
            <xmin>1991</xmin>
            <ymin>575</ymin>
            <xmax>2015</xmax>
            <ymax>599</ymax>
        </bndbox>
    </object>
    <object>
        <name>ex</name>
        <pose>Unspecified</pose>
        <truncated>0</truncated>
        <difficult>0</difficult>
        <bndbox>
            <xmin>671</xmin>
            <ymin>1295</ymin>
            <xmax>681</xmax>
            <ymax>1303</ymax>
        </bndbox>
    </object>
    <object>
        <name>ex</name>
        <pose>Unspecified</pose>
        <truncated>0</truncated>
        <difficult>0</difficult>
        <bndbox>
            <xmin>685</xmin>
            <ymin>1307</ymin>
            <xmax>689</xmax>
            <ymax>1313</ymax>
        </bndbox>
    </object>
    <object>
        <name>ex</name>
        <pose>Unspecified</pose>
        <truncated>0</truncated>
        <difficult>0</difficult>
        <bndbox>
            <xmin>695</xmin>
            <ymin>1297</ymin>
            <xmax>697</xmax>
            <ymax>1303</ymax>
        </bndbox>
    </object>
    <object>
        <name>ex</name>
        <pose>Unspecified</pose>
        <truncated>0</truncated>
        <difficult>0</difficult>
        <bndbox>
            <xmin>701</xmin>
            <ymin>1311</ymin>
            <xmax>707</xmax>
            <ymax>1317</ymax>
        </bndbox>
    </object>
    <object>
        <name>ex</name>
        <pose>Unspecified</pose>
        <truncated>0</truncated>
        <difficult>0</difficult>
        <bndbox>
            <xmin>707</xmin>
            <ymin>1307</ymin>
            <xmax>709</xmax>
            <ymax>1309</ymax>
        </bndbox>
    </object>
    <object>
        <name>ex</name>
        <pose>Unspecified</pose>
        <truncated>0</truncated>
        <difficult>0</difficult>
        <bndbox>
            <xmin>781</xmin>
            <ymin>387</ymin>
            <xmax>811</xmax>
            <ymax>417</ymax>
        </bndbox>
    </object>
    <object>
        <name>ex</name>
        <pose>Unspecified</pose>
        <truncated>0</truncated>
        <difficult>0</difficult>
        <bndbox>
            <xmin>803</xmin>
            <ymin>341</ymin>
            <xmax>821</xmax>
            <ymax>365</ymax>
        </bndbox>
    </object>
    <object>
        <name>ex</name>
        <pose>Unspecified</pose>
        <truncated>0</truncated>
        <difficult>0</difficult>
        <bndbox>
            <xmin>829</xmin>
            <ymin>395</ymin>
            <xmax>847</xmax>
            <ymax>421</ymax>
        </bndbox>
    </object>
    <object>
        <name>ex</name>
        <pose>Unspecified</pose>
        <truncated>0</truncated>
        <difficult>0</difficult>
        <bndbox>
            <xmin>1271</xmin>
            <ymin>137</ymin>
            <xmax>1291</xmax>
            <ymax>157</ymax>
        </bndbox>
    </object>
    <object>
        <name>ex</name>
        <pose>Unspecified</pose>
        <truncated>0</truncated>
        <difficult>0</difficult>
        <bndbox>
            <xmin>1963</xmin>
            <ymin>865</ymin>
            <xmax>1981</xmax>
            <ymax>877</ymax>
        </bndbox>
    </object>
    <object>
        <name>ex</name>
        <pose>Unspecified</pose>
        <truncated>0</truncated>
        <difficult>0</difficult>
        <bndbox>
            <xmin>1969</xmin>
            <ymin>749</ymin>
            <xmax>2001</xmax>
            <ymax>763</ymax>
        </bndbox>
    </object>
    <object>
        <name>ex</name>
        <pose>Unspecified</pose>
        <truncated>0</truncated>
        <difficult>0</difficult>
        <bndbox>
            <xmin>1977</xmin>
            <ymin>853</ymin>
            <xmax>2025</xmax>
            <ymax>887</ymax>
        </bndbox>
    </object>
    <object>
        <name>ex</name>
        <pose>Unspecified</pose>
        <truncated>0</truncated>
        <difficult>0</difficult>
        <bndbox>
            <xmin>1999</xmin>
            <ymin>757</ymin>
            <xmax>2045</xmax>
            <ymax>785</ymax>
        </bndbox>
    </object>
    <object>
        <name>ma</name>
        <pose>Unspecified</pose>
        <truncated>0</truncated>
        <difficult>0</difficult>
        <bndbox>
            <xmin>693</xmin>
            <ymin>689</ymin>
            <xmax>697</xmax>
            <ymax>695</ymax>
        </bndbox>
    </object>
    <object>
        <name>ma</name>
        <pose>Unspecified</pose>
        <truncated>0</truncated>
        <difficult>0</difficult>
        <bndbox>
            <xmin>813</xmin>
            <ymin>393</ymin>
            <xmax>817</xmax>
            <ymax>395</ymax>
        </bndbox>
    </object>
    <object>
        <name>ma</name>
        <pose>Unspecified</pose>
        <truncated>0</truncated>
        <difficult>0</difficult>
        <bndbox>
            <xmin>821</xmin>
            <ymin>389</ymin>
            <xmax>831</xmax>
            <ymax>395</ymax>
        </bndbox>
    </object>
    <object>
        <name>ma</name>
        <pose>Unspecified</pose>
        <truncated>0</truncated>
        <difficult>0</difficult>
        <bndbox>
            <xmin>919</xmin>
            <ymin>695</ymin>
            <xmax>925</xmax>
            <ymax>703</ymax>
        </bndbox>
    </object>
    <object>
        <name>ma</name>
        <pose>Unspecified</pose>
        <truncated>0</truncated>
        <difficult>0</difficult>
        <bndbox>
            <xmin>1147</xmin>
            <ymin>1039</ymin>
            <xmax>1157</xmax>
            <ymax>1049</ymax>
        </bndbox>
    </object>
    <object>
        <name>ma</name>
        <pose>Unspecified</pose>
        <truncated>0</truncated>
        <difficult>0</difficult>
        <bndbox>
            <xmin>1267</xmin>
            <ymin>229</ymin>
            <xmax>1273</xmax>
            <ymax>237</ymax>
        </bndbox>
    </object>
    <object>
        <name>ma</name>
        <pose>Unspecified</pose>
        <truncated>0</truncated>
        <difficult>0</difficult>
        <bndbox>
            <xmin>1355</xmin>
            <ymin>711</ymin>
            <xmax>1361</xmax>
            <ymax>717</ymax>
        </bndbox>
    </object>
    <object>
        <name>ma</name>
        <pose>Unspecified</pose>
        <truncated>0</truncated>
        <difficult>0</difficult>
        <bndbox>
            <xmin>1359</xmin>
            <ymin>705</ymin>
            <xmax>1365</xmax>
            <ymax>709</ymax>
        </bndbox>
    </object>
    <object>
        <name>ma</name>
        <pose>Unspecified</pose>
        <truncated>0</truncated>
        <difficult>0</difficult>
        <bndbox>
            <xmin>1397</xmin>
            <ymin>679</ymin>
            <xmax>1405</xmax>
            <ymax>687</ymax>
        </bndbox>
    </object>
    <object>
        <name>ma</name>
        <pose>Unspecified</pose>
        <truncated>0</truncated>
        <difficult>0</difficult>
        <bndbox>
            <xmin>1447</xmin>
            <ymin>663</ymin>
            <xmax>1457</xmax>
            <ymax>669</ymax>
        </bndbox>
    </object>
    <object>
        <name>ma</name>
        <pose>Unspecified</pose>
        <truncated>0</truncated>
        <difficult>0</difficult>
        <bndbox>
            <xmin>1727</xmin>
            <ymin>1209</ymin>
            <xmax>1731</xmax>
            <ymax>1213</ymax>
        </bndbox>
    </object>
    <object>
        <name>ma</name>
        <pose>Unspecified</pose>
        <truncated>0</truncated>
        <difficult>0</difficult>
        <bndbox>
            <xmin>1803</xmin>
            <ymin>407</ymin>
            <xmax>1811</xmax>
            <ymax>417</ymax>
        </bndbox>
    </object>
    <object>
        <name>ma</name>
        <pose>Unspecified</pose>
        <truncated>0</truncated>
        <difficult>0</difficult>
        <bndbox>
            <xmin>1811</xmin>
            <ymin>423</ymin>
            <xmax>1815</xmax>
            <ymax>429</ymax>
        </bndbox>
    </object>
    <object>
        <name>ma</name>
        <pose>Unspecified</pose>
        <truncated>0</truncated>
        <difficult>0</difficult>
        <bndbox>
            <xmin>1817</xmin>
            <ymin>1311</ymin>
            <xmax>1823</xmax>
            <ymax>1317</ymax>
        </bndbox>
    </object>
    <object>
        <name>ma</name>
        <pose>Unspecified</pose>
        <truncated>0</truncated>
        <difficult>0</difficult>
        <bndbox>
            <xmin>1845</xmin>
            <ymin>1357</ymin>
            <xmax>1851</xmax>
            <ymax>1361</ymax>
        </bndbox>
    </object>
    <object>
        <name>ma</name>
        <pose>Unspecified</pose>
        <truncated>0</truncated>
        <difficult>0</difficult>
        <bndbox>
            <xmin>1863</xmin>
            <ymin>1333</ymin>
            <xmax>1869</xmax>
            <ymax>1341</ymax>
        </bndbox>
    </object>
    <object>
        <name>ma</name>
        <pose>Unspecified</pose>
        <truncated>0</truncated>
        <difficult>0</difficult>
        <bndbox>
            <xmin>1883</xmin>
            <ymin>1255</ymin>
            <xmax>1891</xmax>
            <ymax>1263</ymax>
        </bndbox>
    </object>
    <object>
        <name>ma</name>
        <pose>Unspecified</pose>
        <truncated>0</truncated>
        <difficult>0</difficult>
        <bndbox>
            <xmin>1981</xmin>
            <ymin>663</ymin>
            <xmax>1987</xmax>
            <ymax>669</ymax>
        </bndbox>
    </object>
    <object>
        <name>ma</name>
        <pose>Unspecified</pose>
        <truncated>0</truncated>
        <difficult>0</difficult>
        <bndbox>
            <xmin>1993</xmin>
            <ymin>559</ymin>
            <xmax>1999</xmax>
            <ymax>565</ymax>
        </bndbox>
    </object>
    <object>
        <name>ma</name>
        <pose>Unspecified</pose>
        <truncated>0</truncated>
        <difficult>0</difficult>
        <bndbox>
            <xmin>2005</xmin>
            <ymin>757</ymin>
            <xmax>2009</xmax>
            <ymax>763</ymax>
        </bndbox>
    </object>
    <object>
        <name>ma</name>
        <pose>Unspecified</pose>
        <truncated>0</truncated>
        <difficult>0</difficult>
        <bndbox>
            <xmin>2029</xmin>
            <ymin>877</ymin>
            <xmax>2035</xmax>
            <ymax>883</ymax>
        </bndbox>
    </object>
    <object>
        <name>ma</name>
        <pose>Unspecified</pose>
        <truncated>0</truncated>
        <difficult>0</difficult>
        <bndbox>
            <xmin>2041</xmin>
            <ymin>813</ymin>
            <xmax>2055</xmax>
            <ymax>831</ymax>
        </bndbox>
    </object>
    <object>
        <name>he</name>
        <pose>Unspecified</pose>
        <truncated>0</truncated>
        <difficult>0</difficult>
        <bndbox>
            <xmin>1139</xmin>
            <ymin>845</ymin>
            <xmax>1157</xmax>
            <ymax>869</ymax>
        </bndbox>
    </object>
    <object>
        <name>he</name>
        <pose>Unspecified</pose>
        <truncated>0</truncated>
        <difficult>0</difficult>
        <bndbox>
            <xmin>1151</xmin>
            <ymin>783</ymin>
            <xmax>1171</xmax>
            <ymax>801</ymax>
        </bndbox>
    </object>
    <object>
        <name>he</name>
        <pose>Unspecified</pose>
        <truncated>0</truncated>
        <difficult>0</difficult>
        <bndbox>
            <xmin>1911</xmin>
            <ymin>725</ymin>
            <xmax>1941</xmax>
            <ymax>757</ymax>
        </bndbox>
    </object>
    <object>
        <name>he</name>
        <pose>Unspecified</pose>
        <truncated>0</truncated>
        <difficult>0</difficult>
        <bndbox>
            <xmin>1991</xmin>
            <ymin>575</ymin>
            <xmax>2015</xmax>
            <ymax>599</ymax>
        </bndbox>
    </object>
    <object>
        <name>ex</name>
        <pose>Unspecified</pose>
        <truncated>0</truncated>
        <difficult>0</difficult>
        <bndbox>
            <xmin>671</xmin>
            <ymin>1295</ymin>
            <xmax>681</xmax>
            <ymax>1303</ymax>
        </bndbox>
    </object>
    <object>
        <name>ex</name>
        <pose>Unspecified</pose>
        <truncated>0</truncated>
        <difficult>0</difficult>
        <bndbox>
            <xmin>685</xmin>
            <ymin>1307</ymin>
            <xmax>689</xmax>
            <ymax>1313</ymax>
        </bndbox>
    </object>
    <object>
        <name>ex</name>
        <pose>Unspecified</pose>
        <truncated>0</truncated>
        <difficult>0</difficult>
        <bndbox>
            <xmin>695</xmin>
            <ymin>1297</ymin>
            <xmax>697</xmax>
            <ymax>1303</ymax>
        </bndbox>
    </object>
    <object>
        <name>ex</name>
        <pose>Unspecified</pose>
        <truncated>0</truncated>
        <difficult>0</difficult>
        <bndbox>
            <xmin>701</xmin>
            <ymin>1311</ymin>
            <xmax>707</xmax>
            <ymax>1317</ymax>
        </bndbox>
    </object>
    <object>
        <name>ex</name>
        <pose>Unspecified</pose>
        <truncated>0</truncated>
        <difficult>0</difficult>
        <bndbox>
            <xmin>707</xmin>
            <ymin>1307</ymin>
            <xmax>709</xmax>
            <ymax>1309</ymax>
        </bndbox>
    </object>
    <object>
        <name>ex</name>
        <pose>Unspecified</pose>
        <truncated>0</truncated>
        <difficult>0</difficult>
        <bndbox>
            <xmin>781</xmin>
            <ymin>387</ymin>
            <xmax>811</xmax>
            <ymax>417</ymax>
        </bndbox>
    </object>
    <object>
        <name>ex</name>
        <pose>Unspecified</pose>
        <truncated>0</truncated>
        <difficult>0</difficult>
        <bndbox>
            <xmin>803</xmin>
            <ymin>341</ymin>
            <xmax>821</xmax>
            <ymax>365</ymax>
        </bndbox>
    </object>
    <object>
        <name>ex</name>
        <pose>Unspecified</pose>
        <truncated>0</truncated>
        <difficult>0</difficult>
        <bndbox>
            <xmin>829</xmin>
            <ymin>395</ymin>
            <xmax>847</xmax>
            <ymax>421</ymax>
        </bndbox>
    </object>
    <object>
        <name>ex</name>
        <pose>Unspecified</pose>
        <truncated>0</truncated>
        <difficult>0</difficult>
        <bndbox>
            <xmin>1271</xmin>
            <ymin>137</ymin>
            <xmax>1291</xmax>
            <ymax>157</ymax>
        </bndbox>
    </object>
    <object>
        <name>ex</name>
        <pose>Unspecified</pose>
        <truncated>0</truncated>
        <difficult>0</difficult>
        <bndbox>
            <xmin>1963</xmin>
            <ymin>865</ymin>
            <xmax>1981</xmax>
            <ymax>877</ymax>
        </bndbox>
    </object>
    <object>
        <name>ex</name>
        <pose>Unspecified</pose>
        <truncated>0</truncated>
        <difficult>0</difficult>
        <bndbox>
            <xmin>1969</xmin>
            <ymin>749</ymin>
            <xmax>2001</xmax>
            <ymax>763</ymax>
        </bndbox>
    </object>
    <object>
        <name>ex</name>
        <pose>Unspecified</pose>
        <truncated>0</truncated>
        <difficult>0</difficult>
        <bndbox>
            <xmin>1977</xmin>
            <ymin>853</ymin>
            <xmax>2025</xmax>
            <ymax>887</ymax>
        </bndbox>
    </object>
    <object>
        <name>ex</name>
        <pose>Unspecified</pose>
        <truncated>0</truncated>
        <difficult>0</difficult>
        <bndbox>
            <xmin>1999</xmin>
            <ymin>757</ymin>
            <xmax>2045</xmax>
            <ymax>785</ymax>
        </bndbox>
    </object>
</annotation>