<annotation>
    <folder>OurDataset</folder>
    <filename>007-3554-200.jpg</filename>
    <size>
        <width>3264</width>
        <height>2448</height>
        <depth>3</depth>
    </size>
    <object>
        <name>ex</name>
        <pose>Unspecified</pose>
        <truncated>0</truncated>
        <difficult>0</difficult>
        <bndbox>
            <xmin>767</xmin>
            <ymin>1343</ymin>
            <xmax>787</xmax>
            <ymax>1377</ymax>
        </bndbox>
    </object>
    <object>
        <name>ex</name>
        <pose>Unspecified</pose>
        <truncated>0</truncated>
        <difficult>0</difficult>
        <bndbox>
            <xmin>771</xmin>
            <ymin>1421</ymin>
            <xmax>787</xmax>
            <ymax>1439</ymax>
        </bndbox>
    </object>
    <object>
        <name>ex</name>
        <pose>Unspecified</pose>
        <truncated>0</truncated>
        <difficult>0</difficult>
        <bndbox>
            <xmin>777</xmin>
            <ymin>1505</ymin>
            <xmax>795</xmax>
            <ymax>1521</ymax>
        </bndbox>
    </object>
    <object>
        <name>ex</name>
        <pose>Unspecified</pose>
        <truncated>0</truncated>
        <difficult>0</difficult>
        <bndbox>
            <xmin>787</xmin>
            <ymin>1253</ymin>
            <xmax>801</xmax>
            <ymax>1267</ymax>
        </bndbox>
    </object>
    <object>
        <name>ex</name>
        <pose>Unspecified</pose>
        <truncated>0</truncated>
        <difficult>0</difficult>
        <bndbox>
            <xmin>791</xmin>
            <ymin>1445</ymin>
            <xmax>793</xmax>
            <ymax>1449</ymax>
        </bndbox>
    </object>
    <object>
        <name>ex</name>
        <pose>Unspecified</pose>
        <truncated>0</truncated>
        <difficult>0</difficult>
        <bndbox>
            <xmin>797</xmin>
            <ymin>1433</ymin>
            <xmax>811</xmax>
            <ymax>1453</ymax>
        </bndbox>
    </object>
    <object>
        <name>ex</name>
        <pose>Unspecified</pose>
        <truncated>0</truncated>
        <difficult>0</difficult>
        <bndbox>
            <xmin>801</xmin>
            <ymin>1469</ymin>
            <xmax>813</xmax>
            <ymax>1487</ymax>
        </bndbox>
    </object>
    <object>
        <name>ex</name>
        <pose>Unspecified</pose>
        <truncated>0</truncated>
        <difficult>0</difficult>
        <bndbox>
            <xmin>803</xmin>
            <ymin>1351</ymin>
            <xmax>831</xmax>
            <ymax>1387</ymax>
        </bndbox>
    </object>
    <object>
        <name>ex</name>
        <pose>Unspecified</pose>
        <truncated>0</truncated>
        <difficult>0</difficult>
        <bndbox>
            <xmin>811</xmin>
            <ymin>1301</ymin>
            <xmax>823</xmax>
            <ymax>1317</ymax>
        </bndbox>
    </object>
    <object>
        <name>ex</name>
        <pose>Unspecified</pose>
        <truncated>0</truncated>
        <difficult>0</difficult>
        <bndbox>
            <xmin>813</xmin>
            <ymin>1325</ymin>
            <xmax>817</xmax>
            <ymax>1333</ymax>
        </bndbox>
    </object>
    <object>
        <name>ex</name>
        <pose>Unspecified</pose>
        <truncated>0</truncated>
        <difficult>0</difficult>
        <bndbox>
            <xmin>813</xmin>
            <ymin>1429</ymin>
            <xmax>823</xmax>
            <ymax>1447</ymax>
        </bndbox>
    </object>
    <object>
        <name>ex</name>
        <pose>Unspecified</pose>
        <truncated>0</truncated>
        <difficult>0</difficult>
        <bndbox>
            <xmin>827</xmin>
            <ymin>1195</ymin>
            <xmax>859</xmax>
            <ymax>1241</ymax>
        </bndbox>
    </object>
    <object>
        <name>ex</name>
        <pose>Unspecified</pose>
        <truncated>0</truncated>
        <difficult>0</difficult>
        <bndbox>
            <xmin>827</xmin>
            <ymin>1317</ymin>
            <xmax>849</xmax>
            <ymax>1337</ymax>
        </bndbox>
    </object>
    <object>
        <name>ex</name>
        <pose>Unspecified</pose>
        <truncated>0</truncated>
        <difficult>0</difficult>
        <bndbox>
            <xmin>831</xmin>
            <ymin>1495</ymin>
            <xmax>839</xmax>
            <ymax>1503</ymax>
        </bndbox>
    </object>
    <object>
        <name>ex</name>
        <pose>Unspecified</pose>
        <truncated>0</truncated>
        <difficult>0</difficult>
        <bndbox>
            <xmin>833</xmin>
            <ymin>1565</ymin>
            <xmax>853</xmax>
            <ymax>1587</ymax>
        </bndbox>
    </object>
    <object>
        <name>ex</name>
        <pose>Unspecified</pose>
        <truncated>0</truncated>
        <difficult>0</difficult>
        <bndbox>
            <xmin>837</xmin>
            <ymin>1451</ymin>
            <xmax>875</xmax>
            <ymax>1505</ymax>
        </bndbox>
    </object>
    <object>
        <name>ex</name>
        <pose>Unspecified</pose>
        <truncated>0</truncated>
        <difficult>0</difficult>
        <bndbox>
            <xmin>875</xmin>
            <ymin>1167</ymin>
            <xmax>885</xmax>
            <ymax>1179</ymax>
        </bndbox>
    </object>
    <object>
        <name>ex</name>
        <pose>Unspecified</pose>
        <truncated>0</truncated>
        <difficult>0</difficult>
        <bndbox>
            <xmin>883</xmin>
            <ymin>1531</ymin>
            <xmax>893</xmax>
            <ymax>1537</ymax>
        </bndbox>
    </object>
    <object>
        <name>ex</name>
        <pose>Unspecified</pose>
        <truncated>0</truncated>
        <difficult>0</difficult>
        <bndbox>
            <xmin>917</xmin>
            <ymin>1153</ymin>
            <xmax>929</xmax>
            <ymax>1173</ymax>
        </bndbox>
    </object>
    <object>
        <name>ex</name>
        <pose>Unspecified</pose>
        <truncated>0</truncated>
        <difficult>0</difficult>
        <bndbox>
            <xmin>929</xmin>
            <ymin>1569</ymin>
            <xmax>939</xmax>
            <ymax>1585</ymax>
        </bndbox>
    </object>
    <object>
        <name>ex</name>
        <pose>Unspecified</pose>
        <truncated>0</truncated>
        <difficult>0</difficult>
        <bndbox>
            <xmin>937</xmin>
            <ymin>1127</ymin>
            <xmax>1035</xmax>
            <ymax>1193</ymax>
        </bndbox>
    </object>
    <object>
        <name>ex</name>
        <pose>Unspecified</pose>
        <truncated>0</truncated>
        <difficult>0</difficult>
        <bndbox>
            <xmin>937</xmin>
            <ymin>1565</ymin>
            <xmax>941</xmax>
            <ymax>1569</ymax>
        </bndbox>
    </object>
    <object>
        <name>ex</name>
        <pose>Unspecified</pose>
        <truncated>0</truncated>
        <difficult>0</difficult>
        <bndbox>
            <xmin>943</xmin>
            <ymin>1549</ymin>
            <xmax>967</xmax>
            <ymax>1575</ymax>
        </bndbox>
    </object>
    <object>
        <name>ex</name>
        <pose>Unspecified</pose>
        <truncated>0</truncated>
        <difficult>0</difficult>
        <bndbox>
            <xmin>969</xmin>
            <ymin>1141</ymin>
            <xmax>975</xmax>
            <ymax>1149</ymax>
        </bndbox>
    </object>
    <object>
        <name>ex</name>
        <pose>Unspecified</pose>
        <truncated>0</truncated>
        <difficult>0</difficult>
        <bndbox>
            <xmin>999</xmin>
            <ymin>541</ymin>
            <xmax>1025</xmax>
            <ymax>561</ymax>
        </bndbox>
    </object>
    <object>
        <name>ex</name>
        <pose>Unspecified</pose>
        <truncated>0</truncated>
        <difficult>0</difficult>
        <bndbox>
            <xmin>1013</xmin>
            <ymin>611</ymin>
            <xmax>1021</xmax>
            <ymax>621</ymax>
        </bndbox>
    </object>
    <object>
        <name>ex</name>
        <pose>Unspecified</pose>
        <truncated>0</truncated>
        <difficult>0</difficult>
        <bndbox>
            <xmin>1013</xmin>
            <ymin>679</ymin>
            <xmax>1027</xmax>
            <ymax>687</ymax>
        </bndbox>
    </object>
    <object>
        <name>ex</name>
        <pose>Unspecified</pose>
        <truncated>0</truncated>
        <difficult>0</difficult>
        <bndbox>
            <xmin>1027</xmin>
            <ymin>1187</ymin>
            <xmax>1035</xmax>
            <ymax>1209</ymax>
        </bndbox>
    </object>
    <object>
        <name>ex</name>
        <pose>Unspecified</pose>
        <truncated>0</truncated>
        <difficult>0</difficult>
        <bndbox>
            <xmin>1037</xmin>
            <ymin>1159</ymin>
            <xmax>1061</xmax>
            <ymax>1183</ymax>
        </bndbox>
    </object>
    <object>
        <name>ex</name>
        <pose>Unspecified</pose>
        <truncated>0</truncated>
        <difficult>0</difficult>
        <bndbox>
            <xmin>1051</xmin>
            <ymin>1557</ymin>
            <xmax>1073</xmax>
            <ymax>1591</ymax>
        </bndbox>
    </object>
    <object>
        <name>ex</name>
        <pose>Unspecified</pose>
        <truncated>0</truncated>
        <difficult>0</difficult>
        <bndbox>
            <xmin>1055</xmin>
            <ymin>1539</ymin>
            <xmax>1059</xmax>
            <ymax>1543</ymax>
        </bndbox>
    </object>
    <object>
        <name>ex</name>
        <pose>Unspecified</pose>
        <truncated>0</truncated>
        <difficult>0</difficult>
        <bndbox>
            <xmin>1069</xmin>
            <ymin>1527</ymin>
            <xmax>1129</xmax>
            <ymax>1571</ymax>
        </bndbox>
    </object>
    <object>
        <name>ex</name>
        <pose>Unspecified</pose>
        <truncated>0</truncated>
        <difficult>0</difficult>
        <bndbox>
            <xmin>1071</xmin>
            <ymin>1405</ymin>
            <xmax>1093</xmax>
            <ymax>1423</ymax>
        </bndbox>
    </object>
    <object>
        <name>ex</name>
        <pose>Unspecified</pose>
        <truncated>0</truncated>
        <difficult>0</difficult>
        <bndbox>
            <xmin>1085</xmin>
            <ymin>753</ymin>
            <xmax>1093</xmax>
            <ymax>759</ymax>
        </bndbox>
    </object>
    <object>
        <name>ex</name>
        <pose>Unspecified</pose>
        <truncated>0</truncated>
        <difficult>0</difficult>
        <bndbox>
            <xmin>1089</xmin>
            <ymin>1269</ymin>
            <xmax>1103</xmax>
            <ymax>1279</ymax>
        </bndbox>
    </object>
    <object>
        <name>ex</name>
        <pose>Unspecified</pose>
        <truncated>0</truncated>
        <difficult>0</difficult>
        <bndbox>
            <xmin>1091</xmin>
            <ymin>1509</ymin>
            <xmax>1103</xmax>
            <ymax>1521</ymax>
        </bndbox>
    </object>
    <object>
        <name>ex</name>
        <pose>Unspecified</pose>
        <truncated>0</truncated>
        <difficult>0</difficult>
        <bndbox>
            <xmin>1093</xmin>
            <ymin>1245</ymin>
            <xmax>1117</xmax>
            <ymax>1259</ymax>
        </bndbox>
    </object>
    <object>
        <name>ex</name>
        <pose>Unspecified</pose>
        <truncated>0</truncated>
        <difficult>0</difficult>
        <bndbox>
            <xmin>1095</xmin>
            <ymin>1119</ymin>
            <xmax>1103</xmax>
            <ymax>1135</ymax>
        </bndbox>
    </object>
    <object>
        <name>ex</name>
        <pose>Unspecified</pose>
        <truncated>0</truncated>
        <difficult>0</difficult>
        <bndbox>
            <xmin>1099</xmin>
            <ymin>1471</ymin>
            <xmax>1113</xmax>
            <ymax>1479</ymax>
        </bndbox>
    </object>
    <object>
        <name>ex</name>
        <pose>Unspecified</pose>
        <truncated>0</truncated>
        <difficult>0</difficult>
        <bndbox>
            <xmin>1101</xmin>
            <ymin>1169</ymin>
            <xmax>1117</xmax>
            <ymax>1185</ymax>
        </bndbox>
    </object>
    <object>
        <name>ex</name>
        <pose>Unspecified</pose>
        <truncated>0</truncated>
        <difficult>0</difficult>
        <bndbox>
            <xmin>1103</xmin>
            <ymin>1417</ymin>
            <xmax>1129</xmax>
            <ymax>1443</ymax>
        </bndbox>
    </object>
    <object>
        <name>ex</name>
        <pose>Unspecified</pose>
        <truncated>0</truncated>
        <difficult>0</difficult>
        <bndbox>
            <xmin>1113</xmin>
            <ymin>1121</ymin>
            <xmax>1133</xmax>
            <ymax>1153</ymax>
        </bndbox>
    </object>
    <object>
        <name>ex</name>
        <pose>Unspecified</pose>
        <truncated>0</truncated>
        <difficult>0</difficult>
        <bndbox>
            <xmin>1119</xmin>
            <ymin>1479</ymin>
            <xmax>1129</xmax>
            <ymax>1489</ymax>
        </bndbox>
    </object>
    <object>
        <name>ex</name>
        <pose>Unspecified</pose>
        <truncated>0</truncated>
        <difficult>0</difficult>
        <bndbox>
            <xmin>1125</xmin>
            <ymin>657</ymin>
            <xmax>1141</xmax>
            <ymax>669</ymax>
        </bndbox>
    </object>
    <object>
        <name>ex</name>
        <pose>Unspecified</pose>
        <truncated>0</truncated>
        <difficult>0</difficult>
        <bndbox>
            <xmin>1129</xmin>
            <ymin>1221</ymin>
            <xmax>1149</xmax>
            <ymax>1237</ymax>
        </bndbox>
    </object>
    <object>
        <name>ex</name>
        <pose>Unspecified</pose>
        <truncated>0</truncated>
        <difficult>0</difficult>
        <bndbox>
            <xmin>1131</xmin>
            <ymin>699</ymin>
            <xmax>1133</xmax>
            <ymax>705</ymax>
        </bndbox>
    </object>
    <object>
        <name>ex</name>
        <pose>Unspecified</pose>
        <truncated>0</truncated>
        <difficult>0</difficult>
        <bndbox>
            <xmin>1151</xmin>
            <ymin>555</ymin>
            <xmax>1161</xmax>
            <ymax>563</ymax>
        </bndbox>
    </object>
    <object>
        <name>ex</name>
        <pose>Unspecified</pose>
        <truncated>0</truncated>
        <difficult>0</difficult>
        <bndbox>
            <xmin>1151</xmin>
            <ymin>1275</ymin>
            <xmax>1169</xmax>
            <ymax>1291</ymax>
        </bndbox>
    </object>
    <object>
        <name>ex</name>
        <pose>Unspecified</pose>
        <truncated>0</truncated>
        <difficult>0</difficult>
        <bndbox>
            <xmin>1157</xmin>
            <ymin>1203</ymin>
            <xmax>1159</xmax>
            <ymax>1207</ymax>
        </bndbox>
    </object>
    <object>
        <name>ex</name>
        <pose>Unspecified</pose>
        <truncated>0</truncated>
        <difficult>0</difficult>
        <bndbox>
            <xmin>1163</xmin>
            <ymin>643</ymin>
            <xmax>1167</xmax>
            <ymax>647</ymax>
        </bndbox>
    </object>
    <object>
        <name>ex</name>
        <pose>Unspecified</pose>
        <truncated>0</truncated>
        <difficult>0</difficult>
        <bndbox>
            <xmin>1167</xmin>
            <ymin>625</ymin>
            <xmax>1179</xmax>
            <ymax>645</ymax>
        </bndbox>
    </object>
    <object>
        <name>ex</name>
        <pose>Unspecified</pose>
        <truncated>0</truncated>
        <difficult>0</difficult>
        <bndbox>
            <xmin>1177</xmin>
            <ymin>1377</ymin>
            <xmax>1261</xmax>
            <ymax>1423</ymax>
        </bndbox>
    </object>
    <object>
        <name>ex</name>
        <pose>Unspecified</pose>
        <truncated>0</truncated>
        <difficult>0</difficult>
        <bndbox>
            <xmin>1179</xmin>
            <ymin>509</ymin>
            <xmax>1185</xmax>
            <ymax>513</ymax>
        </bndbox>
    </object>
    <object>
        <name>ex</name>
        <pose>Unspecified</pose>
        <truncated>0</truncated>
        <difficult>0</difficult>
        <bndbox>
            <xmin>1179</xmin>
            <ymin>609</ymin>
            <xmax>1199</xmax>
            <ymax>633</ymax>
        </bndbox>
    </object>
    <object>
        <name>ex</name>
        <pose>Unspecified</pose>
        <truncated>0</truncated>
        <difficult>0</difficult>
        <bndbox>
            <xmin>1181</xmin>
            <ymin>579</ymin>
            <xmax>1199</xmax>
            <ymax>597</ymax>
        </bndbox>
    </object>
    <object>
        <name>ex</name>
        <pose>Unspecified</pose>
        <truncated>0</truncated>
        <difficult>0</difficult>
        <bndbox>
            <xmin>1199</xmin>
            <ymin>509</ymin>
            <xmax>1205</xmax>
            <ymax>513</ymax>
        </bndbox>
    </object>
    <object>
        <name>ex</name>
        <pose>Unspecified</pose>
        <truncated>0</truncated>
        <difficult>0</difficult>
        <bndbox>
            <xmin>1201</xmin>
            <ymin>589</ymin>
            <xmax>1207</xmax>
            <ymax>593</ymax>
        </bndbox>
    </object>
    <object>
        <name>ex</name>
        <pose>Unspecified</pose>
        <truncated>0</truncated>
        <difficult>0</difficult>
        <bndbox>
            <xmin>1203</xmin>
            <ymin>1239</ymin>
            <xmax>1283</xmax>
            <ymax>1277</ymax>
        </bndbox>
    </object>
    <object>
        <name>ex</name>
        <pose>Unspecified</pose>
        <truncated>0</truncated>
        <difficult>0</difficult>
        <bndbox>
            <xmin>1209</xmin>
            <ymin>1201</ymin>
            <xmax>1229</xmax>
            <ymax>1233</ymax>
        </bndbox>
    </object>
    <object>
        <name>ex</name>
        <pose>Unspecified</pose>
        <truncated>0</truncated>
        <difficult>0</difficult>
        <bndbox>
            <xmin>1227</xmin>
            <ymin>1323</ymin>
            <xmax>1249</xmax>
            <ymax>1357</ymax>
        </bndbox>
    </object>
    <object>
        <name>ex</name>
        <pose>Unspecified</pose>
        <truncated>0</truncated>
        <difficult>0</difficult>
        <bndbox>
            <xmin>1245</xmin>
            <ymin>1101</ymin>
            <xmax>1251</xmax>
            <ymax>1105</ymax>
        </bndbox>
    </object>
    <object>
        <name>ex</name>
        <pose>Unspecified</pose>
        <truncated>0</truncated>
        <difficult>0</difficult>
        <bndbox>
            <xmin>1269</xmin>
            <ymin>1357</ymin>
            <xmax>1291</xmax>
            <ymax>1383</ymax>
        </bndbox>
    </object>
    <object>
        <name>ex</name>
        <pose>Unspecified</pose>
        <truncated>0</truncated>
        <difficult>0</difficult>
        <bndbox>
            <xmin>1299</xmin>
            <ymin>657</ymin>
            <xmax>1319</xmax>
            <ymax>685</ymax>
        </bndbox>
    </object>
    <object>
        <name>ex</name>
        <pose>Unspecified</pose>
        <truncated>0</truncated>
        <difficult>0</difficult>
        <bndbox>
            <xmin>1309</xmin>
            <ymin>703</ymin>
            <xmax>1329</xmax>
            <ymax>731</ymax>
        </bndbox>
    </object>
    <object>
        <name>ex</name>
        <pose>Unspecified</pose>
        <truncated>0</truncated>
        <difficult>0</difficult>
        <bndbox>
            <xmin>1345</xmin>
            <ymin>763</ymin>
            <xmax>1367</xmax>
            <ymax>805</ymax>
        </bndbox>
    </object>
    <object>
        <name>ex</name>
        <pose>Unspecified</pose>
        <truncated>0</truncated>
        <difficult>0</difficult>
        <bndbox>
            <xmin>1391</xmin>
            <ymin>667</ymin>
            <xmax>1407</xmax>
            <ymax>687</ymax>
        </bndbox>
    </object>
    <object>
        <name>ex</name>
        <pose>Unspecified</pose>
        <truncated>0</truncated>
        <difficult>0</difficult>
        <bndbox>
            <xmin>1397</xmin>
            <ymin>907</ymin>
            <xmax>1399</xmax>
            <ymax>909</ymax>
        </bndbox>
    </object>
    <object>
        <name>ex</name>
        <pose>Unspecified</pose>
        <truncated>0</truncated>
        <difficult>0</difficult>
        <bndbox>
            <xmin>1413</xmin>
            <ymin>829</ymin>
            <xmax>1429</xmax>
            <ymax>851</ymax>
        </bndbox>
    </object>
    <object>
        <name>ex</name>
        <pose>Unspecified</pose>
        <truncated>0</truncated>
        <difficult>0</difficult>
        <bndbox>
            <xmin>1413</xmin>
            <ymin>855</ymin>
            <xmax>1427</xmax>
            <ymax>873</ymax>
        </bndbox>
    </object>
    <object>
        <name>ex</name>
        <pose>Unspecified</pose>
        <truncated>0</truncated>
        <difficult>0</difficult>
        <bndbox>
            <xmin>1427</xmin>
            <ymin>887</ymin>
            <xmax>1433</xmax>
            <ymax>893</ymax>
        </bndbox>
    </object>
    <object>
        <name>ex</name>
        <pose>Unspecified</pose>
        <truncated>0</truncated>
        <difficult>0</difficult>
        <bndbox>
            <xmin>1447</xmin>
            <ymin>895</ymin>
            <xmax>1475</xmax>
            <ymax>919</ymax>
        </bndbox>
    </object>
    <object>
        <name>ex</name>
        <pose>Unspecified</pose>
        <truncated>0</truncated>
        <difficult>0</difficult>
        <bndbox>
            <xmin>1483</xmin>
            <ymin>851</ymin>
            <xmax>1495</xmax>
            <ymax>873</ymax>
        </bndbox>
    </object>
    <object>
        <name>ex</name>
        <pose>Unspecified</pose>
        <truncated>0</truncated>
        <difficult>0</difficult>
        <bndbox>
            <xmin>1487</xmin>
            <ymin>653</ymin>
            <xmax>1497</xmax>
            <ymax>661</ymax>
        </bndbox>
    </object>
    <object>
        <name>ex</name>
        <pose>Unspecified</pose>
        <truncated>0</truncated>
        <difficult>0</difficult>
        <bndbox>
            <xmin>1503</xmin>
            <ymin>911</ymin>
            <xmax>1507</xmax>
            <ymax>913</ymax>
        </bndbox>
    </object>
    <object>
        <name>ex</name>
        <pose>Unspecified</pose>
        <truncated>0</truncated>
        <difficult>0</difficult>
        <bndbox>
            <xmin>1505</xmin>
            <ymin>853</ymin>
            <xmax>1513</xmax>
            <ymax>861</ymax>
        </bndbox>
    </object>
    <object>
        <name>ex</name>
        <pose>Unspecified</pose>
        <truncated>0</truncated>
        <difficult>0</difficult>
        <bndbox>
            <xmin>1523</xmin>
            <ymin>841</ymin>
            <xmax>1531</xmax>
            <ymax>855</ymax>
        </bndbox>
    </object>
    <object>
        <name>ex</name>
        <pose>Unspecified</pose>
        <truncated>0</truncated>
        <difficult>0</difficult>
        <bndbox>
            <xmin>1523</xmin>
            <ymin>895</ymin>
            <xmax>1527</xmax>
            <ymax>907</ymax>
        </bndbox>
    </object>
    <object>
        <name>ex</name>
        <pose>Unspecified</pose>
        <truncated>0</truncated>
        <difficult>0</difficult>
        <bndbox>
            <xmin>1529</xmin>
            <ymin>865</ymin>
            <xmax>1537</xmax>
            <ymax>875</ymax>
        </bndbox>
    </object>
    <object>
        <name>ex</name>
        <pose>Unspecified</pose>
        <truncated>0</truncated>
        <difficult>0</difficult>
        <bndbox>
            <xmin>1533</xmin>
            <ymin>765</ymin>
            <xmax>1537</xmax>
            <ymax>769</ymax>
        </bndbox>
    </object>
    <object>
        <name>ex</name>
        <pose>Unspecified</pose>
        <truncated>0</truncated>
        <difficult>0</difficult>
        <bndbox>
            <xmin>1533</xmin>
            <ymin>923</ymin>
            <xmax>1541</xmax>
            <ymax>929</ymax>
        </bndbox>
    </object>
    <object>
        <name>ex</name>
        <pose>Unspecified</pose>
        <truncated>0</truncated>
        <difficult>0</difficult>
        <bndbox>
            <xmin>1537</xmin>
            <ymin>757</ymin>
            <xmax>1543</xmax>
            <ymax>763</ymax>
        </bndbox>
    </object>
    <object>
        <name>ex</name>
        <pose>Unspecified</pose>
        <truncated>0</truncated>
        <difficult>0</difficult>
        <bndbox>
            <xmin>1547</xmin>
            <ymin>963</ymin>
            <xmax>1559</xmax>
            <ymax>983</ymax>
        </bndbox>
    </object>
    <object>
        <name>ex</name>
        <pose>Unspecified</pose>
        <truncated>0</truncated>
        <difficult>0</difficult>
        <bndbox>
            <xmin>1557</xmin>
            <ymin>803</ymin>
            <xmax>1565</xmax>
            <ymax>815</ymax>
        </bndbox>
    </object>
    <object>
        <name>ex</name>
        <pose>Unspecified</pose>
        <truncated>0</truncated>
        <difficult>0</difficult>
        <bndbox>
            <xmin>1563</xmin>
            <ymin>771</ymin>
            <xmax>1605</xmax>
            <ymax>795</ymax>
        </bndbox>
    </object>
    <object>
        <name>ex</name>
        <pose>Unspecified</pose>
        <truncated>0</truncated>
        <difficult>0</difficult>
        <bndbox>
            <xmin>1563</xmin>
            <ymin>877</ymin>
            <xmax>1579</xmax>
            <ymax>905</ymax>
        </bndbox>
    </object>
    <object>
        <name>ex</name>
        <pose>Unspecified</pose>
        <truncated>0</truncated>
        <difficult>0</difficult>
        <bndbox>
            <xmin>1581</xmin>
            <ymin>803</ymin>
            <xmax>1589</xmax>
            <ymax>809</ymax>
        </bndbox>
    </object>
    <object>
        <name>he</name>
        <pose>Unspecified</pose>
        <truncated>0</truncated>
        <difficult>0</difficult>
        <bndbox>
            <xmin>883</xmin>
            <ymin>1321</ymin>
            <xmax>897</xmax>
            <ymax>1351</ymax>
        </bndbox>
    </object>
    <object>
        <name>he</name>
        <pose>Unspecified</pose>
        <truncated>0</truncated>
        <difficult>0</difficult>
        <bndbox>
            <xmin>917</xmin>
            <ymin>1401</ymin>
            <xmax>927</xmax>
            <ymax>1411</ymax>
        </bndbox>
    </object>
    <object>
        <name>he</name>
        <pose>Unspecified</pose>
        <truncated>0</truncated>
        <difficult>0</difficult>
        <bndbox>
            <xmin>931</xmin>
            <ymin>1391</ymin>
            <xmax>953</xmax>
            <ymax>1421</ymax>
        </bndbox>
    </object>
    <object>
        <name>he</name>
        <pose>Unspecified</pose>
        <truncated>0</truncated>
        <difficult>0</difficult>
        <bndbox>
            <xmin>947</xmin>
            <ymin>1459</ymin>
            <xmax>965</xmax>
            <ymax>1481</ymax>
        </bndbox>
    </object>
    <object>
        <name>he</name>
        <pose>Unspecified</pose>
        <truncated>0</truncated>
        <difficult>0</difficult>
        <bndbox>
            <xmin>999</xmin>
            <ymin>1317</ymin>
            <xmax>1015</xmax>
            <ymax>1349</ymax>
        </bndbox>
    </object>
    <object>
        <name>he</name>
        <pose>Unspecified</pose>
        <truncated>0</truncated>
        <difficult>0</difficult>
        <bndbox>
            <xmin>1385</xmin>
            <ymin>1201</ymin>
            <xmax>1409</xmax>
            <ymax>1219</ymax>
        </bndbox>
    </object>
    <object>
        <name>he</name>
        <pose>Unspecified</pose>
        <truncated>0</truncated>
        <difficult>0</difficult>
        <bndbox>
            <xmin>1483</xmin>
            <ymin>1241</ymin>
            <xmax>1513</xmax>
            <ymax>1269</ymax>
        </bndbox>
    </object>
    <object>
        <name>ex</name>
        <pose>Unspecified</pose>
        <truncated>0</truncated>
        <difficult>0</difficult>
        <bndbox>
            <xmin>767</xmin>
            <ymin>1343</ymin>
            <xmax>787</xmax>
            <ymax>1377</ymax>
        </bndbox>
    </object>
    <object>
        <name>ex</name>
        <pose>Unspecified</pose>
        <truncated>0</truncated>
        <difficult>0</difficult>
        <bndbox>
            <xmin>771</xmin>
            <ymin>1421</ymin>
            <xmax>787</xmax>
            <ymax>1439</ymax>
        </bndbox>
    </object>
    <object>
        <name>ex</name>
        <pose>Unspecified</pose>
        <truncated>0</truncated>
        <difficult>0</difficult>
        <bndbox>
            <xmin>777</xmin>
            <ymin>1505</ymin>
            <xmax>795</xmax>
            <ymax>1521</ymax>
        </bndbox>
    </object>
    <object>
        <name>ex</name>
        <pose>Unspecified</pose>
        <truncated>0</truncated>
        <difficult>0</difficult>
        <bndbox>
            <xmin>787</xmin>
            <ymin>1253</ymin>
            <xmax>801</xmax>
            <ymax>1267</ymax>
        </bndbox>
    </object>
    <object>
        <name>ex</name>
        <pose>Unspecified</pose>
        <truncated>0</truncated>
        <difficult>0</difficult>
        <bndbox>
            <xmin>791</xmin>
            <ymin>1445</ymin>
            <xmax>793</xmax>
            <ymax>1449</ymax>
        </bndbox>
    </object>
    <object>
        <name>ex</name>
        <pose>Unspecified</pose>
        <truncated>0</truncated>
        <difficult>0</difficult>
        <bndbox>
            <xmin>797</xmin>
            <ymin>1433</ymin>
            <xmax>811</xmax>
            <ymax>1453</ymax>
        </bndbox>
    </object>
    <object>
        <name>ex</name>
        <pose>Unspecified</pose>
        <truncated>0</truncated>
        <difficult>0</difficult>
        <bndbox>
            <xmin>801</xmin>
            <ymin>1469</ymin>
            <xmax>813</xmax>
            <ymax>1487</ymax>
        </bndbox>
    </object>
    <object>
        <name>ex</name>
        <pose>Unspecified</pose>
        <truncated>0</truncated>
        <difficult>0</difficult>
        <bndbox>
            <xmin>803</xmin>
            <ymin>1351</ymin>
            <xmax>831</xmax>
            <ymax>1387</ymax>
        </bndbox>
    </object>
    <object>
        <name>ex</name>
        <pose>Unspecified</pose>
        <truncated>0</truncated>
        <difficult>0</difficult>
        <bndbox>
            <xmin>811</xmin>
            <ymin>1301</ymin>
            <xmax>823</xmax>
            <ymax>1317</ymax>
        </bndbox>
    </object>
    <object>
        <name>ex</name>
        <pose>Unspecified</pose>
        <truncated>0</truncated>
        <difficult>0</difficult>
        <bndbox>
            <xmin>813</xmin>
            <ymin>1325</ymin>
            <xmax>817</xmax>
            <ymax>1333</ymax>
        </bndbox>
    </object>
    <object>
        <name>ex</name>
        <pose>Unspecified</pose>
        <truncated>0</truncated>
        <difficult>0</difficult>
        <bndbox>
            <xmin>813</xmin>
            <ymin>1429</ymin>
            <xmax>823</xmax>
            <ymax>1447</ymax>
        </bndbox>
    </object>
    <object>
        <name>ex</name>
        <pose>Unspecified</pose>
        <truncated>0</truncated>
        <difficult>0</difficult>
        <bndbox>
            <xmin>827</xmin>
            <ymin>1195</ymin>
            <xmax>859</xmax>
            <ymax>1241</ymax>
        </bndbox>
    </object>
    <object>
        <name>ex</name>
        <pose>Unspecified</pose>
        <truncated>0</truncated>
        <difficult>0</difficult>
        <bndbox>
            <xmin>827</xmin>
            <ymin>1317</ymin>
            <xmax>849</xmax>
            <ymax>1337</ymax>
        </bndbox>
    </object>
    <object>
        <name>ex</name>
        <pose>Unspecified</pose>
        <truncated>0</truncated>
        <difficult>0</difficult>
        <bndbox>
            <xmin>831</xmin>
            <ymin>1495</ymin>
            <xmax>839</xmax>
            <ymax>1503</ymax>
        </bndbox>
    </object>
    <object>
        <name>ex</name>
        <pose>Unspecified</pose>
        <truncated>0</truncated>
        <difficult>0</difficult>
        <bndbox>
            <xmin>833</xmin>
            <ymin>1565</ymin>
            <xmax>853</xmax>
            <ymax>1587</ymax>
        </bndbox>
    </object>
    <object>
        <name>ex</name>
        <pose>Unspecified</pose>
        <truncated>0</truncated>
        <difficult>0</difficult>
        <bndbox>
            <xmin>837</xmin>
            <ymin>1451</ymin>
            <xmax>875</xmax>
            <ymax>1505</ymax>
        </bndbox>
    </object>
    <object>
        <name>ex</name>
        <pose>Unspecified</pose>
        <truncated>0</truncated>
        <difficult>0</difficult>
        <bndbox>
            <xmin>875</xmin>
            <ymin>1167</ymin>
            <xmax>885</xmax>
            <ymax>1179</ymax>
        </bndbox>
    </object>
    <object>
        <name>ex</name>
        <pose>Unspecified</pose>
        <truncated>0</truncated>
        <difficult>0</difficult>
        <bndbox>
            <xmin>883</xmin>
            <ymin>1531</ymin>
            <xmax>893</xmax>
            <ymax>1537</ymax>
        </bndbox>
    </object>
    <object>
        <name>ex</name>
        <pose>Unspecified</pose>
        <truncated>0</truncated>
        <difficult>0</difficult>
        <bndbox>
            <xmin>917</xmin>
            <ymin>1153</ymin>
            <xmax>929</xmax>
            <ymax>1173</ymax>
        </bndbox>
    </object>
    <object>
        <name>ex</name>
        <pose>Unspecified</pose>
        <truncated>0</truncated>
        <difficult>0</difficult>
        <bndbox>
            <xmin>929</xmin>
            <ymin>1569</ymin>
            <xmax>939</xmax>
            <ymax>1585</ymax>
        </bndbox>
    </object>
    <object>
        <name>ex</name>
        <pose>Unspecified</pose>
        <truncated>0</truncated>
        <difficult>0</difficult>
        <bndbox>
            <xmin>937</xmin>
            <ymin>1127</ymin>
            <xmax>1035</xmax>
            <ymax>1193</ymax>
        </bndbox>
    </object>
    <object>
        <name>ex</name>
        <pose>Unspecified</pose>
        <truncated>0</truncated>
        <difficult>0</difficult>
        <bndbox>
            <xmin>937</xmin>
            <ymin>1565</ymin>
            <xmax>941</xmax>
            <ymax>1569</ymax>
        </bndbox>
    </object>
    <object>
        <name>ex</name>
        <pose>Unspecified</pose>
        <truncated>0</truncated>
        <difficult>0</difficult>
        <bndbox>
            <xmin>943</xmin>
            <ymin>1549</ymin>
            <xmax>967</xmax>
            <ymax>1575</ymax>
        </bndbox>
    </object>
    <object>
        <name>ex</name>
        <pose>Unspecified</pose>
        <truncated>0</truncated>
        <difficult>0</difficult>
        <bndbox>
            <xmin>969</xmin>
            <ymin>1141</ymin>
            <xmax>975</xmax>
            <ymax>1149</ymax>
        </bndbox>
    </object>
    <object>
        <name>ex</name>
        <pose>Unspecified</pose>
        <truncated>0</truncated>
        <difficult>0</difficult>
        <bndbox>
            <xmin>999</xmin>
            <ymin>541</ymin>
            <xmax>1025</xmax>
            <ymax>561</ymax>
        </bndbox>
    </object>
    <object>
        <name>ex</name>
        <pose>Unspecified</pose>
        <truncated>0</truncated>
        <difficult>0</difficult>
        <bndbox>
            <xmin>1013</xmin>
            <ymin>611</ymin>
            <xmax>1021</xmax>
            <ymax>621</ymax>
        </bndbox>
    </object>
    <object>
        <name>ex</name>
        <pose>Unspecified</pose>
        <truncated>0</truncated>
        <difficult>0</difficult>
        <bndbox>
            <xmin>1013</xmin>
            <ymin>679</ymin>
            <xmax>1027</xmax>
            <ymax>687</ymax>
        </bndbox>
    </object>
    <object>
        <name>ex</name>
        <pose>Unspecified</pose>
        <truncated>0</truncated>
        <difficult>0</difficult>
        <bndbox>
            <xmin>1027</xmin>
            <ymin>1187</ymin>
            <xmax>1035</xmax>
            <ymax>1209</ymax>
        </bndbox>
    </object>
    <object>
        <name>ex</name>
        <pose>Unspecified</pose>
        <truncated>0</truncated>
        <difficult>0</difficult>
        <bndbox>
            <xmin>1037</xmin>
            <ymin>1159</ymin>
            <xmax>1061</xmax>
            <ymax>1183</ymax>
        </bndbox>
    </object>
    <object>
        <name>ex</name>
        <pose>Unspecified</pose>
        <truncated>0</truncated>
        <difficult>0</difficult>
        <bndbox>
            <xmin>1051</xmin>
            <ymin>1557</ymin>
            <xmax>1073</xmax>
            <ymax>1591</ymax>
        </bndbox>
    </object>
    <object>
        <name>ex</name>
        <pose>Unspecified</pose>
        <truncated>0</truncated>
        <difficult>0</difficult>
        <bndbox>
            <xmin>1055</xmin>
            <ymin>1539</ymin>
            <xmax>1059</xmax>
            <ymax>1543</ymax>
        </bndbox>
    </object>
    <object>
        <name>ex</name>
        <pose>Unspecified</pose>
        <truncated>0</truncated>
        <difficult>0</difficult>
        <bndbox>
            <xmin>1069</xmin>
            <ymin>1527</ymin>
            <xmax>1129</xmax>
            <ymax>1571</ymax>
        </bndbox>
    </object>
    <object>
        <name>ex</name>
        <pose>Unspecified</pose>
        <truncated>0</truncated>
        <difficult>0</difficult>
        <bndbox>
            <xmin>1071</xmin>
            <ymin>1405</ymin>
            <xmax>1093</xmax>
            <ymax>1423</ymax>
        </bndbox>
    </object>
    <object>
        <name>ex</name>
        <pose>Unspecified</pose>
        <truncated>0</truncated>
        <difficult>0</difficult>
        <bndbox>
            <xmin>1085</xmin>
            <ymin>753</ymin>
            <xmax>1093</xmax>
            <ymax>759</ymax>
        </bndbox>
    </object>
    <object>
        <name>ex</name>
        <pose>Unspecified</pose>
        <truncated>0</truncated>
        <difficult>0</difficult>
        <bndbox>
            <xmin>1089</xmin>
            <ymin>1269</ymin>
            <xmax>1103</xmax>
            <ymax>1279</ymax>
        </bndbox>
    </object>
    <object>
        <name>ex</name>
        <pose>Unspecified</pose>
        <truncated>0</truncated>
        <difficult>0</difficult>
        <bndbox>
            <xmin>1091</xmin>
            <ymin>1509</ymin>
            <xmax>1103</xmax>
            <ymax>1521</ymax>
        </bndbox>
    </object>
    <object>
        <name>ex</name>
        <pose>Unspecified</pose>
        <truncated>0</truncated>
        <difficult>0</difficult>
        <bndbox>
            <xmin>1093</xmin>
            <ymin>1245</ymin>
            <xmax>1117</xmax>
            <ymax>1259</ymax>
        </bndbox>
    </object>
    <object>
        <name>ex</name>
        <pose>Unspecified</pose>
        <truncated>0</truncated>
        <difficult>0</difficult>
        <bndbox>
            <xmin>1095</xmin>
            <ymin>1119</ymin>
            <xmax>1103</xmax>
            <ymax>1135</ymax>
        </bndbox>
    </object>
    <object>
        <name>ex</name>
        <pose>Unspecified</pose>
        <truncated>0</truncated>
        <difficult>0</difficult>
        <bndbox>
            <xmin>1099</xmin>
            <ymin>1471</ymin>
            <xmax>1113</xmax>
            <ymax>1479</ymax>
        </bndbox>
    </object>
    <object>
        <name>ex</name>
        <pose>Unspecified</pose>
        <truncated>0</truncated>
        <difficult>0</difficult>
        <bndbox>
            <xmin>1101</xmin>
            <ymin>1169</ymin>
            <xmax>1117</xmax>
            <ymax>1185</ymax>
        </bndbox>
    </object>
    <object>
        <name>ex</name>
        <pose>Unspecified</pose>
        <truncated>0</truncated>
        <difficult>0</difficult>
        <bndbox>
            <xmin>1103</xmin>
            <ymin>1417</ymin>
            <xmax>1129</xmax>
            <ymax>1443</ymax>
        </bndbox>
    </object>
    <object>
        <name>ex</name>
        <pose>Unspecified</pose>
        <truncated>0</truncated>
        <difficult>0</difficult>
        <bndbox>
            <xmin>1113</xmin>
            <ymin>1121</ymin>
            <xmax>1133</xmax>
            <ymax>1153</ymax>
        </bndbox>
    </object>
    <object>
        <name>ex</name>
        <pose>Unspecified</pose>
        <truncated>0</truncated>
        <difficult>0</difficult>
        <bndbox>
            <xmin>1119</xmin>
            <ymin>1479</ymin>
            <xmax>1129</xmax>
            <ymax>1489</ymax>
        </bndbox>
    </object>
    <object>
        <name>ex</name>
        <pose>Unspecified</pose>
        <truncated>0</truncated>
        <difficult>0</difficult>
        <bndbox>
            <xmin>1125</xmin>
            <ymin>657</ymin>
            <xmax>1141</xmax>
            <ymax>669</ymax>
        </bndbox>
    </object>
    <object>
        <name>ex</name>
        <pose>Unspecified</pose>
        <truncated>0</truncated>
        <difficult>0</difficult>
        <bndbox>
            <xmin>1129</xmin>
            <ymin>1221</ymin>
            <xmax>1149</xmax>
            <ymax>1237</ymax>
        </bndbox>
    </object>
    <object>
        <name>ex</name>
        <pose>Unspecified</pose>
        <truncated>0</truncated>
        <difficult>0</difficult>
        <bndbox>
            <xmin>1131</xmin>
            <ymin>699</ymin>
            <xmax>1133</xmax>
            <ymax>705</ymax>
        </bndbox>
    </object>
    <object>
        <name>ex</name>
        <pose>Unspecified</pose>
        <truncated>0</truncated>
        <difficult>0</difficult>
        <bndbox>
            <xmin>1151</xmin>
            <ymin>555</ymin>
            <xmax>1161</xmax>
            <ymax>563</ymax>
        </bndbox>
    </object>
    <object>
        <name>ex</name>
        <pose>Unspecified</pose>
        <truncated>0</truncated>
        <difficult>0</difficult>
        <bndbox>
            <xmin>1151</xmin>
            <ymin>1275</ymin>
            <xmax>1169</xmax>
            <ymax>1291</ymax>
        </bndbox>
    </object>
    <object>
        <name>ex</name>
        <pose>Unspecified</pose>
        <truncated>0</truncated>
        <difficult>0</difficult>
        <bndbox>
            <xmin>1157</xmin>
            <ymin>1203</ymin>
            <xmax>1159</xmax>
            <ymax>1207</ymax>
        </bndbox>
    </object>
    <object>
        <name>ex</name>
        <pose>Unspecified</pose>
        <truncated>0</truncated>
        <difficult>0</difficult>
        <bndbox>
            <xmin>1163</xmin>
            <ymin>643</ymin>
            <xmax>1167</xmax>
            <ymax>647</ymax>
        </bndbox>
    </object>
    <object>
        <name>ex</name>
        <pose>Unspecified</pose>
        <truncated>0</truncated>
        <difficult>0</difficult>
        <bndbox>
            <xmin>1167</xmin>
            <ymin>625</ymin>
            <xmax>1179</xmax>
            <ymax>645</ymax>
        </bndbox>
    </object>
    <object>
        <name>ex</name>
        <pose>Unspecified</pose>
        <truncated>0</truncated>
        <difficult>0</difficult>
        <bndbox>
            <xmin>1177</xmin>
            <ymin>1377</ymin>
            <xmax>1261</xmax>
            <ymax>1423</ymax>
        </bndbox>
    </object>
    <object>
        <name>ex</name>
        <pose>Unspecified</pose>
        <truncated>0</truncated>
        <difficult>0</difficult>
        <bndbox>
            <xmin>1179</xmin>
            <ymin>509</ymin>
            <xmax>1185</xmax>
            <ymax>513</ymax>
        </bndbox>
    </object>
    <object>
        <name>ex</name>
        <pose>Unspecified</pose>
        <truncated>0</truncated>
        <difficult>0</difficult>
        <bndbox>
            <xmin>1179</xmin>
            <ymin>609</ymin>
            <xmax>1199</xmax>
            <ymax>633</ymax>
        </bndbox>
    </object>
    <object>
        <name>ex</name>
        <pose>Unspecified</pose>
        <truncated>0</truncated>
        <difficult>0</difficult>
        <bndbox>
            <xmin>1181</xmin>
            <ymin>579</ymin>
            <xmax>1199</xmax>
            <ymax>597</ymax>
        </bndbox>
    </object>
    <object>
        <name>ex</name>
        <pose>Unspecified</pose>
        <truncated>0</truncated>
        <difficult>0</difficult>
        <bndbox>
            <xmin>1199</xmin>
            <ymin>509</ymin>
            <xmax>1205</xmax>
            <ymax>513</ymax>
        </bndbox>
    </object>
    <object>
        <name>ex</name>
        <pose>Unspecified</pose>
        <truncated>0</truncated>
        <difficult>0</difficult>
        <bndbox>
            <xmin>1201</xmin>
            <ymin>589</ymin>
            <xmax>1207</xmax>
            <ymax>593</ymax>
        </bndbox>
    </object>
    <object>
        <name>ex</name>
        <pose>Unspecified</pose>
        <truncated>0</truncated>
        <difficult>0</difficult>
        <bndbox>
            <xmin>1203</xmin>
            <ymin>1239</ymin>
            <xmax>1283</xmax>
            <ymax>1277</ymax>
        </bndbox>
    </object>
    <object>
        <name>ex</name>
        <pose>Unspecified</pose>
        <truncated>0</truncated>
        <difficult>0</difficult>
        <bndbox>
            <xmin>1209</xmin>
            <ymin>1201</ymin>
            <xmax>1229</xmax>
            <ymax>1233</ymax>
        </bndbox>
    </object>
    <object>
        <name>ex</name>
        <pose>Unspecified</pose>
        <truncated>0</truncated>
        <difficult>0</difficult>
        <bndbox>
            <xmin>1227</xmin>
            <ymin>1323</ymin>
            <xmax>1249</xmax>
            <ymax>1357</ymax>
        </bndbox>
    </object>
    <object>
        <name>ex</name>
        <pose>Unspecified</pose>
        <truncated>0</truncated>
        <difficult>0</difficult>
        <bndbox>
            <xmin>1245</xmin>
            <ymin>1101</ymin>
            <xmax>1251</xmax>
            <ymax>1105</ymax>
        </bndbox>
    </object>
    <object>
        <name>ex</name>
        <pose>Unspecified</pose>
        <truncated>0</truncated>
        <difficult>0</difficult>
        <bndbox>
            <xmin>1269</xmin>
            <ymin>1357</ymin>
            <xmax>1291</xmax>
            <ymax>1383</ymax>
        </bndbox>
    </object>
    <object>
        <name>ex</name>
        <pose>Unspecified</pose>
        <truncated>0</truncated>
        <difficult>0</difficult>
        <bndbox>
            <xmin>1299</xmin>
            <ymin>657</ymin>
            <xmax>1319</xmax>
            <ymax>685</ymax>
        </bndbox>
    </object>
    <object>
        <name>ex</name>
        <pose>Unspecified</pose>
        <truncated>0</truncated>
        <difficult>0</difficult>
        <bndbox>
            <xmin>1309</xmin>
            <ymin>703</ymin>
            <xmax>1329</xmax>
            <ymax>731</ymax>
        </bndbox>
    </object>
    <object>
        <name>ex</name>
        <pose>Unspecified</pose>
        <truncated>0</truncated>
        <difficult>0</difficult>
        <bndbox>
            <xmin>1345</xmin>
            <ymin>763</ymin>
            <xmax>1367</xmax>
            <ymax>805</ymax>
        </bndbox>
    </object>
    <object>
        <name>ex</name>
        <pose>Unspecified</pose>
        <truncated>0</truncated>
        <difficult>0</difficult>
        <bndbox>
            <xmin>1391</xmin>
            <ymin>667</ymin>
            <xmax>1407</xmax>
            <ymax>687</ymax>
        </bndbox>
    </object>
    <object>
        <name>ex</name>
        <pose>Unspecified</pose>
        <truncated>0</truncated>
        <difficult>0</difficult>
        <bndbox>
            <xmin>1397</xmin>
            <ymin>907</ymin>
            <xmax>1399</xmax>
            <ymax>909</ymax>
        </bndbox>
    </object>
    <object>
        <name>ex</name>
        <pose>Unspecified</pose>
        <truncated>0</truncated>
        <difficult>0</difficult>
        <bndbox>
            <xmin>1413</xmin>
            <ymin>829</ymin>
            <xmax>1429</xmax>
            <ymax>851</ymax>
        </bndbox>
    </object>
    <object>
        <name>ex</name>
        <pose>Unspecified</pose>
        <truncated>0</truncated>
        <difficult>0</difficult>
        <bndbox>
            <xmin>1413</xmin>
            <ymin>855</ymin>
            <xmax>1427</xmax>
            <ymax>873</ymax>
        </bndbox>
    </object>
    <object>
        <name>ex</name>
        <pose>Unspecified</pose>
        <truncated>0</truncated>
        <difficult>0</difficult>
        <bndbox>
            <xmin>1427</xmin>
            <ymin>887</ymin>
            <xmax>1433</xmax>
            <ymax>893</ymax>
        </bndbox>
    </object>
    <object>
        <name>ex</name>
        <pose>Unspecified</pose>
        <truncated>0</truncated>
        <difficult>0</difficult>
        <bndbox>
            <xmin>1447</xmin>
            <ymin>895</ymin>
            <xmax>1475</xmax>
            <ymax>919</ymax>
        </bndbox>
    </object>
    <object>
        <name>ex</name>
        <pose>Unspecified</pose>
        <truncated>0</truncated>
        <difficult>0</difficult>
        <bndbox>
            <xmin>1483</xmin>
            <ymin>851</ymin>
            <xmax>1495</xmax>
            <ymax>873</ymax>
        </bndbox>
    </object>
    <object>
        <name>ex</name>
        <pose>Unspecified</pose>
        <truncated>0</truncated>
        <difficult>0</difficult>
        <bndbox>
            <xmin>1487</xmin>
            <ymin>653</ymin>
            <xmax>1497</xmax>
            <ymax>661</ymax>
        </bndbox>
    </object>
    <object>
        <name>ex</name>
        <pose>Unspecified</pose>
        <truncated>0</truncated>
        <difficult>0</difficult>
        <bndbox>
            <xmin>1503</xmin>
            <ymin>911</ymin>
            <xmax>1507</xmax>
            <ymax>913</ymax>
        </bndbox>
    </object>
    <object>
        <name>ex</name>
        <pose>Unspecified</pose>
        <truncated>0</truncated>
        <difficult>0</difficult>
        <bndbox>
            <xmin>1505</xmin>
            <ymin>853</ymin>
            <xmax>1513</xmax>
            <ymax>861</ymax>
        </bndbox>
    </object>
    <object>
        <name>ex</name>
        <pose>Unspecified</pose>
        <truncated>0</truncated>
        <difficult>0</difficult>
        <bndbox>
            <xmin>1523</xmin>
            <ymin>841</ymin>
            <xmax>1531</xmax>
            <ymax>855</ymax>
        </bndbox>
    </object>
    <object>
        <name>ex</name>
        <pose>Unspecified</pose>
        <truncated>0</truncated>
        <difficult>0</difficult>
        <bndbox>
            <xmin>1523</xmin>
            <ymin>895</ymin>
            <xmax>1527</xmax>
            <ymax>907</ymax>
        </bndbox>
    </object>
    <object>
        <name>ex</name>
        <pose>Unspecified</pose>
        <truncated>0</truncated>
        <difficult>0</difficult>
        <bndbox>
            <xmin>1529</xmin>
            <ymin>865</ymin>
            <xmax>1537</xmax>
            <ymax>875</ymax>
        </bndbox>
    </object>
    <object>
        <name>ex</name>
        <pose>Unspecified</pose>
        <truncated>0</truncated>
        <difficult>0</difficult>
        <bndbox>
            <xmin>1533</xmin>
            <ymin>765</ymin>
            <xmax>1537</xmax>
            <ymax>769</ymax>
        </bndbox>
    </object>
    <object>
        <name>ex</name>
        <pose>Unspecified</pose>
        <truncated>0</truncated>
        <difficult>0</difficult>
        <bndbox>
            <xmin>1533</xmin>
            <ymin>923</ymin>
            <xmax>1541</xmax>
            <ymax>929</ymax>
        </bndbox>
    </object>
    <object>
        <name>ex</name>
        <pose>Unspecified</pose>
        <truncated>0</truncated>
        <difficult>0</difficult>
        <bndbox>
            <xmin>1537</xmin>
            <ymin>757</ymin>
            <xmax>1543</xmax>
            <ymax>763</ymax>
        </bndbox>
    </object>
    <object>
        <name>ex</name>
        <pose>Unspecified</pose>
        <truncated>0</truncated>
        <difficult>0</difficult>
        <bndbox>
            <xmin>1547</xmin>
            <ymin>963</ymin>
            <xmax>1559</xmax>
            <ymax>983</ymax>
        </bndbox>
    </object>
    <object>
        <name>ex</name>
        <pose>Unspecified</pose>
        <truncated>0</truncated>
        <difficult>0</difficult>
        <bndbox>
            <xmin>1557</xmin>
            <ymin>803</ymin>
            <xmax>1565</xmax>
            <ymax>815</ymax>
        </bndbox>
    </object>
    <object>
        <name>ex</name>
        <pose>Unspecified</pose>
        <truncated>0</truncated>
        <difficult>0</difficult>
        <bndbox>
            <xmin>1563</xmin>
            <ymin>771</ymin>
            <xmax>1605</xmax>
            <ymax>795</ymax>
        </bndbox>
    </object>
    <object>
        <name>ex</name>
        <pose>Unspecified</pose>
        <truncated>0</truncated>
        <difficult>0</difficult>
        <bndbox>
            <xmin>1563</xmin>
            <ymin>877</ymin>
            <xmax>1579</xmax>
            <ymax>905</ymax>
        </bndbox>
    </object>
    <object>
        <name>ex</name>
        <pose>Unspecified</pose>
        <truncated>0</truncated>
        <difficult>0</difficult>
        <bndbox>
            <xmin>1581</xmin>
            <ymin>803</ymin>
            <xmax>1589</xmax>
            <ymax>809</ymax>
        </bndbox>
    </object>
    <object>
        <name>he</name>
        <pose>Unspecified</pose>
        <truncated>0</truncated>
        <difficult>0</difficult>
        <bndbox>
            <xmin>883</xmin>
            <ymin>1321</ymin>
            <xmax>897</xmax>
            <ymax>1351</ymax>
        </bndbox>
    </object>
    <object>
        <name>he</name>
        <pose>Unspecified</pose>
        <truncated>0</truncated>
        <difficult>0</difficult>
        <bndbox>
            <xmin>917</xmin>
            <ymin>1401</ymin>
            <xmax>927</xmax>
            <ymax>1411</ymax>
        </bndbox>
    </object>
    <object>
        <name>he</name>
        <pose>Unspecified</pose>
        <truncated>0</truncated>
        <difficult>0</difficult>
        <bndbox>
            <xmin>931</xmin>
            <ymin>1391</ymin>
            <xmax>953</xmax>
            <ymax>1421</ymax>
        </bndbox>
    </object>
    <object>
        <name>he</name>
        <pose>Unspecified</pose>
        <truncated>0</truncated>
        <difficult>0</difficult>
        <bndbox>
            <xmin>947</xmin>
            <ymin>1459</ymin>
            <xmax>965</xmax>
            <ymax>1481</ymax>
        </bndbox>
    </object>
    <object>
        <name>he</name>
        <pose>Unspecified</pose>
        <truncated>0</truncated>
        <difficult>0</difficult>
        <bndbox>
            <xmin>999</xmin>
            <ymin>1317</ymin>
            <xmax>1015</xmax>
            <ymax>1349</ymax>
        </bndbox>
    </object>
    <object>
        <name>he</name>
        <pose>Unspecified</pose>
        <truncated>0</truncated>
        <difficult>0</difficult>
        <bndbox>
            <xmin>1385</xmin>
            <ymin>1201</ymin>
            <xmax>1409</xmax>
            <ymax>1219</ymax>
        </bndbox>
    </object>
    <object>
        <name>he</name>
        <pose>Unspecified</pose>
        <truncated>0</truncated>
        <difficult>0</difficult>
        <bndbox>
            <xmin>1483</xmin>
            <ymin>1241</ymin>
            <xmax>1513</xmax>
            <ymax>1269</ymax>
        </bndbox>
    </object>
    <object>
        <name>ex</name>
        <pose>Unspecified</pose>
        <truncated>0</truncated>
        <difficult>0</difficult>
        <bndbox>
            <xmin>767</xmin>
            <ymin>1343</ymin>
            <xmax>787</xmax>
            <ymax>1377</ymax>
        </bndbox>
    </object>
    <object>
        <name>ex</name>
        <pose>Unspecified</pose>
        <truncated>0</truncated>
        <difficult>0</difficult>
        <bndbox>
            <xmin>771</xmin>
            <ymin>1421</ymin>
            <xmax>787</xmax>
            <ymax>1439</ymax>
        </bndbox>
    </object>
    <object>
        <name>ex</name>
        <pose>Unspecified</pose>
        <truncated>0</truncated>
        <difficult>0</difficult>
        <bndbox>
            <xmin>777</xmin>
            <ymin>1505</ymin>
            <xmax>795</xmax>
            <ymax>1521</ymax>
        </bndbox>
    </object>
    <object>
        <name>ex</name>
        <pose>Unspecified</pose>
        <truncated>0</truncated>
        <difficult>0</difficult>
        <bndbox>
            <xmin>787</xmin>
            <ymin>1253</ymin>
            <xmax>801</xmax>
            <ymax>1267</ymax>
        </bndbox>
    </object>
    <object>
        <name>ex</name>
        <pose>Unspecified</pose>
        <truncated>0</truncated>
        <difficult>0</difficult>
        <bndbox>
            <xmin>791</xmin>
            <ymin>1445</ymin>
            <xmax>793</xmax>
            <ymax>1449</ymax>
        </bndbox>
    </object>
    <object>
        <name>ex</name>
        <pose>Unspecified</pose>
        <truncated>0</truncated>
        <difficult>0</difficult>
        <bndbox>
            <xmin>797</xmin>
            <ymin>1433</ymin>
            <xmax>811</xmax>
            <ymax>1453</ymax>
        </bndbox>
    </object>
    <object>
        <name>ex</name>
        <pose>Unspecified</pose>
        <truncated>0</truncated>
        <difficult>0</difficult>
        <bndbox>
            <xmin>801</xmin>
            <ymin>1469</ymin>
            <xmax>813</xmax>
            <ymax>1487</ymax>
        </bndbox>
    </object>
    <object>
        <name>ex</name>
        <pose>Unspecified</pose>
        <truncated>0</truncated>
        <difficult>0</difficult>
        <bndbox>
            <xmin>803</xmin>
            <ymin>1351</ymin>
            <xmax>831</xmax>
            <ymax>1387</ymax>
        </bndbox>
    </object>
    <object>
        <name>ex</name>
        <pose>Unspecified</pose>
        <truncated>0</truncated>
        <difficult>0</difficult>
        <bndbox>
            <xmin>811</xmin>
            <ymin>1301</ymin>
            <xmax>823</xmax>
            <ymax>1317</ymax>
        </bndbox>
    </object>
    <object>
        <name>ex</name>
        <pose>Unspecified</pose>
        <truncated>0</truncated>
        <difficult>0</difficult>
        <bndbox>
            <xmin>813</xmin>
            <ymin>1325</ymin>
            <xmax>817</xmax>
            <ymax>1333</ymax>
        </bndbox>
    </object>
    <object>
        <name>ex</name>
        <pose>Unspecified</pose>
        <truncated>0</truncated>
        <difficult>0</difficult>
        <bndbox>
            <xmin>813</xmin>
            <ymin>1429</ymin>
            <xmax>823</xmax>
            <ymax>1447</ymax>
        </bndbox>
    </object>
    <object>
        <name>ex</name>
        <pose>Unspecified</pose>
        <truncated>0</truncated>
        <difficult>0</difficult>
        <bndbox>
            <xmin>827</xmin>
            <ymin>1195</ymin>
            <xmax>859</xmax>
            <ymax>1241</ymax>
        </bndbox>
    </object>
    <object>
        <name>ex</name>
        <pose>Unspecified</pose>
        <truncated>0</truncated>
        <difficult>0</difficult>
        <bndbox>
            <xmin>827</xmin>
            <ymin>1317</ymin>
            <xmax>849</xmax>
            <ymax>1337</ymax>
        </bndbox>
    </object>
    <object>
        <name>ex</name>
        <pose>Unspecified</pose>
        <truncated>0</truncated>
        <difficult>0</difficult>
        <bndbox>
            <xmin>831</xmin>
            <ymin>1495</ymin>
            <xmax>839</xmax>
            <ymax>1503</ymax>
        </bndbox>
    </object>
    <object>
        <name>ex</name>
        <pose>Unspecified</pose>
        <truncated>0</truncated>
        <difficult>0</difficult>
        <bndbox>
            <xmin>833</xmin>
            <ymin>1565</ymin>
            <xmax>853</xmax>
            <ymax>1587</ymax>
        </bndbox>
    </object>
    <object>
        <name>ex</name>
        <pose>Unspecified</pose>
        <truncated>0</truncated>
        <difficult>0</difficult>
        <bndbox>
            <xmin>837</xmin>
            <ymin>1451</ymin>
            <xmax>875</xmax>
            <ymax>1505</ymax>
        </bndbox>
    </object>
    <object>
        <name>ex</name>
        <pose>Unspecified</pose>
        <truncated>0</truncated>
        <difficult>0</difficult>
        <bndbox>
            <xmin>875</xmin>
            <ymin>1167</ymin>
            <xmax>885</xmax>
            <ymax>1179</ymax>
        </bndbox>
    </object>
    <object>
        <name>ex</name>
        <pose>Unspecified</pose>
        <truncated>0</truncated>
        <difficult>0</difficult>
        <bndbox>
            <xmin>883</xmin>
            <ymin>1531</ymin>
            <xmax>893</xmax>
            <ymax>1537</ymax>
        </bndbox>
    </object>
    <object>
        <name>ex</name>
        <pose>Unspecified</pose>
        <truncated>0</truncated>
        <difficult>0</difficult>
        <bndbox>
            <xmin>917</xmin>
            <ymin>1153</ymin>
            <xmax>929</xmax>
            <ymax>1173</ymax>
        </bndbox>
    </object>
    <object>
        <name>ex</name>
        <pose>Unspecified</pose>
        <truncated>0</truncated>
        <difficult>0</difficult>
        <bndbox>
            <xmin>929</xmin>
            <ymin>1569</ymin>
            <xmax>939</xmax>
            <ymax>1585</ymax>
        </bndbox>
    </object>
    <object>
        <name>ex</name>
        <pose>Unspecified</pose>
        <truncated>0</truncated>
        <difficult>0</difficult>
        <bndbox>
            <xmin>937</xmin>
            <ymin>1127</ymin>
            <xmax>1035</xmax>
            <ymax>1193</ymax>
        </bndbox>
    </object>
    <object>
        <name>ex</name>
        <pose>Unspecified</pose>
        <truncated>0</truncated>
        <difficult>0</difficult>
        <bndbox>
            <xmin>937</xmin>
            <ymin>1565</ymin>
            <xmax>941</xmax>
            <ymax>1569</ymax>
        </bndbox>
    </object>
    <object>
        <name>ex</name>
        <pose>Unspecified</pose>
        <truncated>0</truncated>
        <difficult>0</difficult>
        <bndbox>
            <xmin>943</xmin>
            <ymin>1549</ymin>
            <xmax>967</xmax>
            <ymax>1575</ymax>
        </bndbox>
    </object>
    <object>
        <name>ex</name>
        <pose>Unspecified</pose>
        <truncated>0</truncated>
        <difficult>0</difficult>
        <bndbox>
            <xmin>969</xmin>
            <ymin>1141</ymin>
            <xmax>975</xmax>
            <ymax>1149</ymax>
        </bndbox>
    </object>
    <object>
        <name>ex</name>
        <pose>Unspecified</pose>
        <truncated>0</truncated>
        <difficult>0</difficult>
        <bndbox>
            <xmin>999</xmin>
            <ymin>541</ymin>
            <xmax>1025</xmax>
            <ymax>561</ymax>
        </bndbox>
    </object>
    <object>
        <name>ex</name>
        <pose>Unspecified</pose>
        <truncated>0</truncated>
        <difficult>0</difficult>
        <bndbox>
            <xmin>1013</xmin>
            <ymin>611</ymin>
            <xmax>1021</xmax>
            <ymax>621</ymax>
        </bndbox>
    </object>
    <object>
        <name>ex</name>
        <pose>Unspecified</pose>
        <truncated>0</truncated>
        <difficult>0</difficult>
        <bndbox>
            <xmin>1013</xmin>
            <ymin>679</ymin>
            <xmax>1027</xmax>
            <ymax>687</ymax>
        </bndbox>
    </object>
    <object>
        <name>ex</name>
        <pose>Unspecified</pose>
        <truncated>0</truncated>
        <difficult>0</difficult>
        <bndbox>
            <xmin>1027</xmin>
            <ymin>1187</ymin>
            <xmax>1035</xmax>
            <ymax>1209</ymax>
        </bndbox>
    </object>
    <object>
        <name>ex</name>
        <pose>Unspecified</pose>
        <truncated>0</truncated>
        <difficult>0</difficult>
        <bndbox>
            <xmin>1037</xmin>
            <ymin>1159</ymin>
            <xmax>1061</xmax>
            <ymax>1183</ymax>
        </bndbox>
    </object>
    <object>
        <name>ex</name>
        <pose>Unspecified</pose>
        <truncated>0</truncated>
        <difficult>0</difficult>
        <bndbox>
            <xmin>1051</xmin>
            <ymin>1557</ymin>
            <xmax>1073</xmax>
            <ymax>1591</ymax>
        </bndbox>
    </object>
    <object>
        <name>ex</name>
        <pose>Unspecified</pose>
        <truncated>0</truncated>
        <difficult>0</difficult>
        <bndbox>
            <xmin>1055</xmin>
            <ymin>1539</ymin>
            <xmax>1059</xmax>
            <ymax>1543</ymax>
        </bndbox>
    </object>
    <object>
        <name>ex</name>
        <pose>Unspecified</pose>
        <truncated>0</truncated>
        <difficult>0</difficult>
        <bndbox>
            <xmin>1069</xmin>
            <ymin>1527</ymin>
            <xmax>1129</xmax>
            <ymax>1571</ymax>
        </bndbox>
    </object>
    <object>
        <name>ex</name>
        <pose>Unspecified</pose>
        <truncated>0</truncated>
        <difficult>0</difficult>
        <bndbox>
            <xmin>1071</xmin>
            <ymin>1405</ymin>
            <xmax>1093</xmax>
            <ymax>1423</ymax>
        </bndbox>
    </object>
    <object>
        <name>ex</name>
        <pose>Unspecified</pose>
        <truncated>0</truncated>
        <difficult>0</difficult>
        <bndbox>
            <xmin>1085</xmin>
            <ymin>753</ymin>
            <xmax>1093</xmax>
            <ymax>759</ymax>
        </bndbox>
    </object>
    <object>
        <name>ex</name>
        <pose>Unspecified</pose>
        <truncated>0</truncated>
        <difficult>0</difficult>
        <bndbox>
            <xmin>1089</xmin>
            <ymin>1269</ymin>
            <xmax>1103</xmax>
            <ymax>1279</ymax>
        </bndbox>
    </object>
    <object>
        <name>ex</name>
        <pose>Unspecified</pose>
        <truncated>0</truncated>
        <difficult>0</difficult>
        <bndbox>
            <xmin>1091</xmin>
            <ymin>1509</ymin>
            <xmax>1103</xmax>
            <ymax>1521</ymax>
        </bndbox>
    </object>
    <object>
        <name>ex</name>
        <pose>Unspecified</pose>
        <truncated>0</truncated>
        <difficult>0</difficult>
        <bndbox>
            <xmin>1093</xmin>
            <ymin>1245</ymin>
            <xmax>1117</xmax>
            <ymax>1259</ymax>
        </bndbox>
    </object>
    <object>
        <name>ex</name>
        <pose>Unspecified</pose>
        <truncated>0</truncated>
        <difficult>0</difficult>
        <bndbox>
            <xmin>1095</xmin>
            <ymin>1119</ymin>
            <xmax>1103</xmax>
            <ymax>1135</ymax>
        </bndbox>
    </object>
    <object>
        <name>ex</name>
        <pose>Unspecified</pose>
        <truncated>0</truncated>
        <difficult>0</difficult>
        <bndbox>
            <xmin>1099</xmin>
            <ymin>1471</ymin>
            <xmax>1113</xmax>
            <ymax>1479</ymax>
        </bndbox>
    </object>
    <object>
        <name>ex</name>
        <pose>Unspecified</pose>
        <truncated>0</truncated>
        <difficult>0</difficult>
        <bndbox>
            <xmin>1101</xmin>
            <ymin>1169</ymin>
            <xmax>1117</xmax>
            <ymax>1185</ymax>
        </bndbox>
    </object>
    <object>
        <name>ex</name>
        <pose>Unspecified</pose>
        <truncated>0</truncated>
        <difficult>0</difficult>
        <bndbox>
            <xmin>1103</xmin>
            <ymin>1417</ymin>
            <xmax>1129</xmax>
            <ymax>1443</ymax>
        </bndbox>
    </object>
    <object>
        <name>ex</name>
        <pose>Unspecified</pose>
        <truncated>0</truncated>
        <difficult>0</difficult>
        <bndbox>
            <xmin>1113</xmin>
            <ymin>1121</ymin>
            <xmax>1133</xmax>
            <ymax>1153</ymax>
        </bndbox>
    </object>
    <object>
        <name>ex</name>
        <pose>Unspecified</pose>
        <truncated>0</truncated>
        <difficult>0</difficult>
        <bndbox>
            <xmin>1119</xmin>
            <ymin>1479</ymin>
            <xmax>1129</xmax>
            <ymax>1489</ymax>
        </bndbox>
    </object>
    <object>
        <name>ex</name>
        <pose>Unspecified</pose>
        <truncated>0</truncated>
        <difficult>0</difficult>
        <bndbox>
            <xmin>1125</xmin>
            <ymin>657</ymin>
            <xmax>1141</xmax>
            <ymax>669</ymax>
        </bndbox>
    </object>
    <object>
        <name>ex</name>
        <pose>Unspecified</pose>
        <truncated>0</truncated>
        <difficult>0</difficult>
        <bndbox>
            <xmin>1129</xmin>
            <ymin>1221</ymin>
            <xmax>1149</xmax>
            <ymax>1237</ymax>
        </bndbox>
    </object>
    <object>
        <name>ex</name>
        <pose>Unspecified</pose>
        <truncated>0</truncated>
        <difficult>0</difficult>
        <bndbox>
            <xmin>1131</xmin>
            <ymin>699</ymin>
            <xmax>1133</xmax>
            <ymax>705</ymax>
        </bndbox>
    </object>
    <object>
        <name>ex</name>
        <pose>Unspecified</pose>
        <truncated>0</truncated>
        <difficult>0</difficult>
        <bndbox>
            <xmin>1151</xmin>
            <ymin>555</ymin>
            <xmax>1161</xmax>
            <ymax>563</ymax>
        </bndbox>
    </object>
    <object>
        <name>ex</name>
        <pose>Unspecified</pose>
        <truncated>0</truncated>
        <difficult>0</difficult>
        <bndbox>
            <xmin>1151</xmin>
            <ymin>1275</ymin>
            <xmax>1169</xmax>
            <ymax>1291</ymax>
        </bndbox>
    </object>
    <object>
        <name>ex</name>
        <pose>Unspecified</pose>
        <truncated>0</truncated>
        <difficult>0</difficult>
        <bndbox>
            <xmin>1157</xmin>
            <ymin>1203</ymin>
            <xmax>1159</xmax>
            <ymax>1207</ymax>
        </bndbox>
    </object>
    <object>
        <name>ex</name>
        <pose>Unspecified</pose>
        <truncated>0</truncated>
        <difficult>0</difficult>
        <bndbox>
            <xmin>1163</xmin>
            <ymin>643</ymin>
            <xmax>1167</xmax>
            <ymax>647</ymax>
        </bndbox>
    </object>
    <object>
        <name>ex</name>
        <pose>Unspecified</pose>
        <truncated>0</truncated>
        <difficult>0</difficult>
        <bndbox>
            <xmin>1167</xmin>
            <ymin>625</ymin>
            <xmax>1179</xmax>
            <ymax>645</ymax>
        </bndbox>
    </object>
    <object>
        <name>ex</name>
        <pose>Unspecified</pose>
        <truncated>0</truncated>
        <difficult>0</difficult>
        <bndbox>
            <xmin>1177</xmin>
            <ymin>1377</ymin>
            <xmax>1261</xmax>
            <ymax>1423</ymax>
        </bndbox>
    </object>
    <object>
        <name>ex</name>
        <pose>Unspecified</pose>
        <truncated>0</truncated>
        <difficult>0</difficult>
        <bndbox>
            <xmin>1179</xmin>
            <ymin>509</ymin>
            <xmax>1185</xmax>
            <ymax>513</ymax>
        </bndbox>
    </object>
    <object>
        <name>ex</name>
        <pose>Unspecified</pose>
        <truncated>0</truncated>
        <difficult>0</difficult>
        <bndbox>
            <xmin>1179</xmin>
            <ymin>609</ymin>
            <xmax>1199</xmax>
            <ymax>633</ymax>
        </bndbox>
    </object>
    <object>
        <name>ex</name>
        <pose>Unspecified</pose>
        <truncated>0</truncated>
        <difficult>0</difficult>
        <bndbox>
            <xmin>1181</xmin>
            <ymin>579</ymin>
            <xmax>1199</xmax>
            <ymax>597</ymax>
        </bndbox>
    </object>
    <object>
        <name>ex</name>
        <pose>Unspecified</pose>
        <truncated>0</truncated>
        <difficult>0</difficult>
        <bndbox>
            <xmin>1199</xmin>
            <ymin>509</ymin>
            <xmax>1205</xmax>
            <ymax>513</ymax>
        </bndbox>
    </object>
    <object>
        <name>ex</name>
        <pose>Unspecified</pose>
        <truncated>0</truncated>
        <difficult>0</difficult>
        <bndbox>
            <xmin>1201</xmin>
            <ymin>589</ymin>
            <xmax>1207</xmax>
            <ymax>593</ymax>
        </bndbox>
    </object>
    <object>
        <name>ex</name>
        <pose>Unspecified</pose>
        <truncated>0</truncated>
        <difficult>0</difficult>
        <bndbox>
            <xmin>1203</xmin>
            <ymin>1239</ymin>
            <xmax>1283</xmax>
            <ymax>1277</ymax>
        </bndbox>
    </object>
    <object>
        <name>ex</name>
        <pose>Unspecified</pose>
        <truncated>0</truncated>
        <difficult>0</difficult>
        <bndbox>
            <xmin>1209</xmin>
            <ymin>1201</ymin>
            <xmax>1229</xmax>
            <ymax>1233</ymax>
        </bndbox>
    </object>
    <object>
        <name>ex</name>
        <pose>Unspecified</pose>
        <truncated>0</truncated>
        <difficult>0</difficult>
        <bndbox>
            <xmin>1227</xmin>
            <ymin>1323</ymin>
            <xmax>1249</xmax>
            <ymax>1357</ymax>
        </bndbox>
    </object>
    <object>
        <name>ex</name>
        <pose>Unspecified</pose>
        <truncated>0</truncated>
        <difficult>0</difficult>
        <bndbox>
            <xmin>1245</xmin>
            <ymin>1101</ymin>
            <xmax>1251</xmax>
            <ymax>1105</ymax>
        </bndbox>
    </object>
    <object>
        <name>ex</name>
        <pose>Unspecified</pose>
        <truncated>0</truncated>
        <difficult>0</difficult>
        <bndbox>
            <xmin>1269</xmin>
            <ymin>1357</ymin>
            <xmax>1291</xmax>
            <ymax>1383</ymax>
        </bndbox>
    </object>
    <object>
        <name>ex</name>
        <pose>Unspecified</pose>
        <truncated>0</truncated>
        <difficult>0</difficult>
        <bndbox>
            <xmin>1299</xmin>
            <ymin>657</ymin>
            <xmax>1319</xmax>
            <ymax>685</ymax>
        </bndbox>
    </object>
    <object>
        <name>ex</name>
        <pose>Unspecified</pose>
        <truncated>0</truncated>
        <difficult>0</difficult>
        <bndbox>
            <xmin>1309</xmin>
            <ymin>703</ymin>
            <xmax>1329</xmax>
            <ymax>731</ymax>
        </bndbox>
    </object>
    <object>
        <name>ex</name>
        <pose>Unspecified</pose>
        <truncated>0</truncated>
        <difficult>0</difficult>
        <bndbox>
            <xmin>1345</xmin>
            <ymin>763</ymin>
            <xmax>1367</xmax>
            <ymax>805</ymax>
        </bndbox>
    </object>
    <object>
        <name>ex</name>
        <pose>Unspecified</pose>
        <truncated>0</truncated>
        <difficult>0</difficult>
        <bndbox>
            <xmin>1391</xmin>
            <ymin>667</ymin>
            <xmax>1407</xmax>
            <ymax>687</ymax>
        </bndbox>
    </object>
    <object>
        <name>ex</name>
        <pose>Unspecified</pose>
        <truncated>0</truncated>
        <difficult>0</difficult>
        <bndbox>
            <xmin>1397</xmin>
            <ymin>907</ymin>
            <xmax>1399</xmax>
            <ymax>909</ymax>
        </bndbox>
    </object>
    <object>
        <name>ex</name>
        <pose>Unspecified</pose>
        <truncated>0</truncated>
        <difficult>0</difficult>
        <bndbox>
            <xmin>1413</xmin>
            <ymin>829</ymin>
            <xmax>1429</xmax>
            <ymax>851</ymax>
        </bndbox>
    </object>
    <object>
        <name>ex</name>
        <pose>Unspecified</pose>
        <truncated>0</truncated>
        <difficult>0</difficult>
        <bndbox>
            <xmin>1413</xmin>
            <ymin>855</ymin>
            <xmax>1427</xmax>
            <ymax>873</ymax>
        </bndbox>
    </object>
    <object>
        <name>ex</name>
        <pose>Unspecified</pose>
        <truncated>0</truncated>
        <difficult>0</difficult>
        <bndbox>
            <xmin>1427</xmin>
            <ymin>887</ymin>
            <xmax>1433</xmax>
            <ymax>893</ymax>
        </bndbox>
    </object>
    <object>
        <name>ex</name>
        <pose>Unspecified</pose>
        <truncated>0</truncated>
        <difficult>0</difficult>
        <bndbox>
            <xmin>1447</xmin>
            <ymin>895</ymin>
            <xmax>1475</xmax>
            <ymax>919</ymax>
        </bndbox>
    </object>
    <object>
        <name>ex</name>
        <pose>Unspecified</pose>
        <truncated>0</truncated>
        <difficult>0</difficult>
        <bndbox>
            <xmin>1483</xmin>
            <ymin>851</ymin>
            <xmax>1495</xmax>
            <ymax>873</ymax>
        </bndbox>
    </object>
    <object>
        <name>ex</name>
        <pose>Unspecified</pose>
        <truncated>0</truncated>
        <difficult>0</difficult>
        <bndbox>
            <xmin>1487</xmin>
            <ymin>653</ymin>
            <xmax>1497</xmax>
            <ymax>661</ymax>
        </bndbox>
    </object>
    <object>
        <name>ex</name>
        <pose>Unspecified</pose>
        <truncated>0</truncated>
        <difficult>0</difficult>
        <bndbox>
            <xmin>1503</xmin>
            <ymin>911</ymin>
            <xmax>1507</xmax>
            <ymax>913</ymax>
        </bndbox>
    </object>
    <object>
        <name>ex</name>
        <pose>Unspecified</pose>
        <truncated>0</truncated>
        <difficult>0</difficult>
        <bndbox>
            <xmin>1505</xmin>
            <ymin>853</ymin>
            <xmax>1513</xmax>
            <ymax>861</ymax>
        </bndbox>
    </object>
    <object>
        <name>ex</name>
        <pose>Unspecified</pose>
        <truncated>0</truncated>
        <difficult>0</difficult>
        <bndbox>
            <xmin>1523</xmin>
            <ymin>841</ymin>
            <xmax>1531</xmax>
            <ymax>855</ymax>
        </bndbox>
    </object>
    <object>
        <name>ex</name>
        <pose>Unspecified</pose>
        <truncated>0</truncated>
        <difficult>0</difficult>
        <bndbox>
            <xmin>1523</xmin>
            <ymin>895</ymin>
            <xmax>1527</xmax>
            <ymax>907</ymax>
        </bndbox>
    </object>
    <object>
        <name>ex</name>
        <pose>Unspecified</pose>
        <truncated>0</truncated>
        <difficult>0</difficult>
        <bndbox>
            <xmin>1529</xmin>
            <ymin>865</ymin>
            <xmax>1537</xmax>
            <ymax>875</ymax>
        </bndbox>
    </object>
    <object>
        <name>ex</name>
        <pose>Unspecified</pose>
        <truncated>0</truncated>
        <difficult>0</difficult>
        <bndbox>
            <xmin>1533</xmin>
            <ymin>765</ymin>
            <xmax>1537</xmax>
            <ymax>769</ymax>
        </bndbox>
    </object>
    <object>
        <name>ex</name>
        <pose>Unspecified</pose>
        <truncated>0</truncated>
        <difficult>0</difficult>
        <bndbox>
            <xmin>1533</xmin>
            <ymin>923</ymin>
            <xmax>1541</xmax>
            <ymax>929</ymax>
        </bndbox>
    </object>
    <object>
        <name>ex</name>
        <pose>Unspecified</pose>
        <truncated>0</truncated>
        <difficult>0</difficult>
        <bndbox>
            <xmin>1537</xmin>
            <ymin>757</ymin>
            <xmax>1543</xmax>
            <ymax>763</ymax>
        </bndbox>
    </object>
    <object>
        <name>ex</name>
        <pose>Unspecified</pose>
        <truncated>0</truncated>
        <difficult>0</difficult>
        <bndbox>
            <xmin>1547</xmin>
            <ymin>963</ymin>
            <xmax>1559</xmax>
            <ymax>983</ymax>
        </bndbox>
    </object>
    <object>
        <name>ex</name>
        <pose>Unspecified</pose>
        <truncated>0</truncated>
        <difficult>0</difficult>
        <bndbox>
            <xmin>1557</xmin>
            <ymin>803</ymin>
            <xmax>1565</xmax>
            <ymax>815</ymax>
        </bndbox>
    </object>
    <object>
        <name>ex</name>
        <pose>Unspecified</pose>
        <truncated>0</truncated>
        <difficult>0</difficult>
        <bndbox>
            <xmin>1563</xmin>
            <ymin>771</ymin>
            <xmax>1605</xmax>
            <ymax>795</ymax>
        </bndbox>
    </object>
    <object>
        <name>ex</name>
        <pose>Unspecified</pose>
        <truncated>0</truncated>
        <difficult>0</difficult>
        <bndbox>
            <xmin>1563</xmin>
            <ymin>877</ymin>
            <xmax>1579</xmax>
            <ymax>905</ymax>
        </bndbox>
    </object>
    <object>
        <name>ex</name>
        <pose>Unspecified</pose>
        <truncated>0</truncated>
        <difficult>0</difficult>
        <bndbox>
            <xmin>1581</xmin>
            <ymin>803</ymin>
            <xmax>1589</xmax>
            <ymax>809</ymax>
        </bndbox>
    </object>
</annotation>