<annotation>
    <folder>OurDataset</folder>
    <filename>007-3729-200.jpg</filename>
    <size>
        <width>2960</width>
        <height>2935</height>
        <depth>3</depth>
    </size>
    <object>
        <name>ex</name>
        <pose>Unspecified</pose>
        <truncated>0</truncated>
        <difficult>0</difficult>
        <bndbox>
            <xmin>805</xmin>
            <ymin>702</ymin>
            <xmax>819</xmax>
            <ymax>718</ymax>
        </bndbox>
    </object>
    <object>
        <name>ex</name>
        <pose>Unspecified</pose>
        <truncated>0</truncated>
        <difficult>0</difficult>
        <bndbox>
            <xmin>1535</xmin>
            <ymin>520</ymin>
            <xmax>1563</xmax>
            <ymax>556</ymax>
        </bndbox>
    </object>
    <object>
        <name>ex</name>
        <pose>Unspecified</pose>
        <truncated>0</truncated>
        <difficult>0</difficult>
        <bndbox>
            <xmin>1557</xmin>
            <ymin>810</ymin>
            <xmax>1589</xmax>
            <ymax>830</ymax>
        </bndbox>
    </object>
    <object>
        <name>ex</name>
        <pose>Unspecified</pose>
        <truncated>0</truncated>
        <difficult>0</difficult>
        <bndbox>
            <xmin>1563</xmin>
            <ymin>782</ymin>
            <xmax>1585</xmax>
            <ymax>808</ymax>
        </bndbox>
    </object>
    <object>
        <name>ex</name>
        <pose>Unspecified</pose>
        <truncated>0</truncated>
        <difficult>0</difficult>
        <bndbox>
            <xmin>1595</xmin>
            <ymin>854</ymin>
            <xmax>1609</xmax>
            <ymax>868</ymax>
        </bndbox>
    </object>
    <object>
        <name>ex</name>
        <pose>Unspecified</pose>
        <truncated>0</truncated>
        <difficult>0</difficult>
        <bndbox>
            <xmin>1625</xmin>
            <ymin>690</ymin>
            <xmax>1665</xmax>
            <ymax>736</ymax>
        </bndbox>
    </object>
    <object>
        <name>ex</name>
        <pose>Unspecified</pose>
        <truncated>0</truncated>
        <difficult>0</difficult>
        <bndbox>
            <xmin>1639</xmin>
            <ymin>848</ymin>
            <xmax>1683</xmax>
            <ymax>898</ymax>
        </bndbox>
    </object>
    <object>
        <name>he</name>
        <pose>Unspecified</pose>
        <truncated>0</truncated>
        <difficult>0</difficult>
        <bndbox>
            <xmin>1169</xmin>
            <ymin>2598</ymin>
            <xmax>1191</xmax>
            <ymax>2616</ymax>
        </bndbox>
    </object>
    <object>
        <name>he</name>
        <pose>Unspecified</pose>
        <truncated>0</truncated>
        <difficult>0</difficult>
        <bndbox>
            <xmin>1531</xmin>
            <ymin>654</ymin>
            <xmax>1571</xmax>
            <ymax>690</ymax>
        </bndbox>
    </object>
    <object>
        <name>ex</name>
        <pose>Unspecified</pose>
        <truncated>0</truncated>
        <difficult>0</difficult>
        <bndbox>
            <xmin>805</xmin>
            <ymin>702</ymin>
            <xmax>819</xmax>
            <ymax>718</ymax>
        </bndbox>
    </object>
    <object>
        <name>ex</name>
        <pose>Unspecified</pose>
        <truncated>0</truncated>
        <difficult>0</difficult>
        <bndbox>
            <xmin>1535</xmin>
            <ymin>520</ymin>
            <xmax>1563</xmax>
            <ymax>556</ymax>
        </bndbox>
    </object>
    <object>
        <name>ex</name>
        <pose>Unspecified</pose>
        <truncated>0</truncated>
        <difficult>0</difficult>
        <bndbox>
            <xmin>1557</xmin>
            <ymin>810</ymin>
            <xmax>1589</xmax>
            <ymax>830</ymax>
        </bndbox>
    </object>
    <object>
        <name>ex</name>
        <pose>Unspecified</pose>
        <truncated>0</truncated>
        <difficult>0</difficult>
        <bndbox>
            <xmin>1563</xmin>
            <ymin>782</ymin>
            <xmax>1585</xmax>
            <ymax>808</ymax>
        </bndbox>
    </object>
    <object>
        <name>ex</name>
        <pose>Unspecified</pose>
        <truncated>0</truncated>
        <difficult>0</difficult>
        <bndbox>
            <xmin>1595</xmin>
            <ymin>854</ymin>
            <xmax>1609</xmax>
            <ymax>868</ymax>
        </bndbox>
    </object>
    <object>
        <name>ex</name>
        <pose>Unspecified</pose>
        <truncated>0</truncated>
        <difficult>0</difficult>
        <bndbox>
            <xmin>1625</xmin>
            <ymin>690</ymin>
            <xmax>1665</xmax>
            <ymax>736</ymax>
        </bndbox>
    </object>
    <object>
        <name>ex</name>
        <pose>Unspecified</pose>
        <truncated>0</truncated>
        <difficult>0</difficult>
        <bndbox>
            <xmin>1639</xmin>
            <ymin>848</ymin>
            <xmax>1683</xmax>
            <ymax>898</ymax>
        </bndbox>
    </object>
    <object>
        <name>he</name>
        <pose>Unspecified</pose>
        <truncated>0</truncated>
        <difficult>0</difficult>
        <bndbox>
            <xmin>1169</xmin>
            <ymin>2598</ymin>
            <xmax>1191</xmax>
            <ymax>2616</ymax>
        </bndbox>
    </object>
    <object>
        <name>he</name>
        <pose>Unspecified</pose>
        <truncated>0</truncated>
        <difficult>0</difficult>
        <bndbox>
            <xmin>1531</xmin>
            <ymin>654</ymin>
            <xmax>1571</xmax>
            <ymax>690</ymax>
        </bndbox>
    </object>
    <object>
        <name>ex</name>
        <pose>Unspecified</pose>
        <truncated>0</truncated>
        <difficult>0</difficult>
        <bndbox>
            <xmin>805</xmin>
            <ymin>702</ymin>
            <xmax>819</xmax>
            <ymax>718</ymax>
        </bndbox>
    </object>
    <object>
        <name>ex</name>
        <pose>Unspecified</pose>
        <truncated>0</truncated>
        <difficult>0</difficult>
        <bndbox>
            <xmin>1535</xmin>
            <ymin>520</ymin>
            <xmax>1563</xmax>
            <ymax>556</ymax>
        </bndbox>
    </object>
    <object>
        <name>ex</name>
        <pose>Unspecified</pose>
        <truncated>0</truncated>
        <difficult>0</difficult>
        <bndbox>
            <xmin>1557</xmin>
            <ymin>810</ymin>
            <xmax>1589</xmax>
            <ymax>830</ymax>
        </bndbox>
    </object>
    <object>
        <name>ex</name>
        <pose>Unspecified</pose>
        <truncated>0</truncated>
        <difficult>0</difficult>
        <bndbox>
            <xmin>1563</xmin>
            <ymin>782</ymin>
            <xmax>1585</xmax>
            <ymax>808</ymax>
        </bndbox>
    </object>
    <object>
        <name>ex</name>
        <pose>Unspecified</pose>
        <truncated>0</truncated>
        <difficult>0</difficult>
        <bndbox>
            <xmin>1595</xmin>
            <ymin>854</ymin>
            <xmax>1609</xmax>
            <ymax>868</ymax>
        </bndbox>
    </object>
    <object>
        <name>ex</name>
        <pose>Unspecified</pose>
        <truncated>0</truncated>
        <difficult>0</difficult>
        <bndbox>
            <xmin>1625</xmin>
            <ymin>690</ymin>
            <xmax>1665</xmax>
            <ymax>736</ymax>
        </bndbox>
    </object>
    <object>
        <name>ex</name>
        <pose>Unspecified</pose>
        <truncated>0</truncated>
        <difficult>0</difficult>
        <bndbox>
            <xmin>1639</xmin>
            <ymin>848</ymin>
            <xmax>1683</xmax>
            <ymax>898</ymax>
        </bndbox>
    </object>
</annotation>