<annotation>
    <folder>OurDataset</folder>
    <filename>007-4662-200.jpg</filename>
    <size>
        <width>3456</width>
        <height>3456</height>
        <depth>3</depth>
    </size>
    <object>
        <name>ex</name>
        <pose>Unspecified</pose>
        <truncated>0</truncated>
        <difficult>0</difficult>
        <bndbox>
            <xmin>2911</xmin>
            <ymin>1451</ymin>
            <xmax>2951</xmax>
            <ymax>1505</ymax>
        </bndbox>
    </object>
    <object>
        <name>ex</name>
        <pose>Unspecified</pose>
        <truncated>0</truncated>
        <difficult>0</difficult>
        <bndbox>
            <xmin>2935</xmin>
            <ymin>1493</ymin>
            <xmax>2953</xmax>
            <ymax>1509</ymax>
        </bndbox>
    </object>
    <object>
        <name>ma</name>
        <pose>Unspecified</pose>
        <truncated>0</truncated>
        <difficult>0</difficult>
        <bndbox>
            <xmin>261</xmin>
            <ymin>1843</ymin>
            <xmax>283</xmax>
            <ymax>1859</ymax>
        </bndbox>
    </object>
    <object>
        <name>ma</name>
        <pose>Unspecified</pose>
        <truncated>0</truncated>
        <difficult>0</difficult>
        <bndbox>
            <xmin>397</xmin>
            <ymin>1811</ymin>
            <xmax>419</xmax>
            <ymax>1837</ymax>
        </bndbox>
    </object>
    <object>
        <name>ma</name>
        <pose>Unspecified</pose>
        <truncated>0</truncated>
        <difficult>0</difficult>
        <bndbox>
            <xmin>463</xmin>
            <ymin>2505</ymin>
            <xmax>479</xmax>
            <ymax>2525</ymax>
        </bndbox>
    </object>
    <object>
        <name>ma</name>
        <pose>Unspecified</pose>
        <truncated>0</truncated>
        <difficult>0</difficult>
        <bndbox>
            <xmin>1985</xmin>
            <ymin>2727</ymin>
            <xmax>2005</xmax>
            <ymax>2741</ymax>
        </bndbox>
    </object>
    <object>
        <name>ma</name>
        <pose>Unspecified</pose>
        <truncated>0</truncated>
        <difficult>0</difficult>
        <bndbox>
            <xmin>2863</xmin>
            <ymin>1509</ymin>
            <xmax>2879</xmax>
            <ymax>1525</ymax>
        </bndbox>
    </object>
    <object>
        <name>ma</name>
        <pose>Unspecified</pose>
        <truncated>0</truncated>
        <difficult>0</difficult>
        <bndbox>
            <xmin>2893</xmin>
            <ymin>1323</ymin>
            <xmax>2899</xmax>
            <ymax>1329</ymax>
        </bndbox>
    </object>
    <object>
        <name>ma</name>
        <pose>Unspecified</pose>
        <truncated>0</truncated>
        <difficult>0</difficult>
        <bndbox>
            <xmin>2935</xmin>
            <ymin>1399</ymin>
            <xmax>2951</xmax>
            <ymax>1419</ymax>
        </bndbox>
    </object>
    <object>
        <name>ma</name>
        <pose>Unspecified</pose>
        <truncated>0</truncated>
        <difficult>0</difficult>
        <bndbox>
            <xmin>3021</xmin>
            <ymin>1457</ymin>
            <xmax>3043</xmax>
            <ymax>1479</ymax>
        </bndbox>
    </object>
    <object>
        <name>he</name>
        <pose>Unspecified</pose>
        <truncated>0</truncated>
        <difficult>0</difficult>
        <bndbox>
            <xmin>1515</xmin>
            <ymin>309</ymin>
            <xmax>1625</xmax>
            <ymax>389</ymax>
        </bndbox>
    </object>
    <object>
        <name>he</name>
        <pose>Unspecified</pose>
        <truncated>0</truncated>
        <difficult>0</difficult>
        <bndbox>
            <xmin>1539</xmin>
            <ymin>559</ymin>
            <xmax>1547</xmax>
            <ymax>569</ymax>
        </bndbox>
    </object>
    <object>
        <name>he</name>
        <pose>Unspecified</pose>
        <truncated>0</truncated>
        <difficult>0</difficult>
        <bndbox>
            <xmin>1653</xmin>
            <ymin>441</ymin>
            <xmax>1673</xmax>
            <ymax>455</ymax>
        </bndbox>
    </object>
    <object>
        <name>he</name>
        <pose>Unspecified</pose>
        <truncated>0</truncated>
        <difficult>0</difficult>
        <bndbox>
            <xmin>1925</xmin>
            <ymin>1651</ymin>
            <xmax>2021</xmax>
            <ymax>1747</ymax>
        </bndbox>
    </object>
    <object>
        <name>he</name>
        <pose>Unspecified</pose>
        <truncated>0</truncated>
        <difficult>0</difficult>
        <bndbox>
            <xmin>2127</xmin>
            <ymin>865</ymin>
            <xmax>2195</xmax>
            <ymax>933</ymax>
        </bndbox>
    </object>
    <object>
        <name>he</name>
        <pose>Unspecified</pose>
        <truncated>0</truncated>
        <difficult>0</difficult>
        <bndbox>
            <xmin>2311</xmin>
            <ymin>1467</ymin>
            <xmax>2355</xmax>
            <ymax>1503</ymax>
        </bndbox>
    </object>
    <object>
        <name>he</name>
        <pose>Unspecified</pose>
        <truncated>0</truncated>
        <difficult>0</difficult>
        <bndbox>
            <xmin>2587</xmin>
            <ymin>927</ymin>
            <xmax>2597</xmax>
            <ymax>937</ymax>
        </bndbox>
    </object>
    <object>
        <name>he</name>
        <pose>Unspecified</pose>
        <truncated>0</truncated>
        <difficult>0</difficult>
        <bndbox>
            <xmin>2597</xmin>
            <ymin>953</ymin>
            <xmax>2619</xmax>
            <ymax>981</ymax>
        </bndbox>
    </object>
    <object>
        <name>he</name>
        <pose>Unspecified</pose>
        <truncated>0</truncated>
        <difficult>0</difficult>
        <bndbox>
            <xmin>2705</xmin>
            <ymin>2371</ymin>
            <xmax>2737</xmax>
            <ymax>2399</ymax>
        </bndbox>
    </object>
    <object>
        <name>he</name>
        <pose>Unspecified</pose>
        <truncated>0</truncated>
        <difficult>0</difficult>
        <bndbox>
            <xmin>2739</xmin>
            <ymin>1101</ymin>
            <xmax>2777</xmax>
            <ymax>1139</ymax>
        </bndbox>
    </object>
    <object>
        <name>he</name>
        <pose>Unspecified</pose>
        <truncated>0</truncated>
        <difficult>0</difficult>
        <bndbox>
            <xmin>2831</xmin>
            <ymin>1177</ymin>
            <xmax>2841</xmax>
            <ymax>1207</ymax>
        </bndbox>
    </object>
    <object>
        <name>he</name>
        <pose>Unspecified</pose>
        <truncated>0</truncated>
        <difficult>0</difficult>
        <bndbox>
            <xmin>2831</xmin>
            <ymin>1219</ymin>
            <xmax>2837</xmax>
            <ymax>1229</ymax>
        </bndbox>
    </object>
    <object>
        <name>he</name>
        <pose>Unspecified</pose>
        <truncated>0</truncated>
        <difficult>0</difficult>
        <bndbox>
            <xmin>2845</xmin>
            <ymin>1055</ymin>
            <xmax>2867</xmax>
            <ymax>1071</ymax>
        </bndbox>
    </object>
    <object>
        <name>he</name>
        <pose>Unspecified</pose>
        <truncated>0</truncated>
        <difficult>0</difficult>
        <bndbox>
            <xmin>2845</xmin>
            <ymin>1183</ymin>
            <xmax>2861</xmax>
            <ymax>1203</ymax>
        </bndbox>
    </object>
    <object>
        <name>he</name>
        <pose>Unspecified</pose>
        <truncated>0</truncated>
        <difficult>0</difficult>
        <bndbox>
            <xmin>2857</xmin>
            <ymin>1779</ymin>
            <xmax>2883</xmax>
            <ymax>1821</ymax>
        </bndbox>
    </object>
    <object>
        <name>he</name>
        <pose>Unspecified</pose>
        <truncated>0</truncated>
        <difficult>0</difficult>
        <bndbox>
            <xmin>2941</xmin>
            <ymin>1653</ymin>
            <xmax>2963</xmax>
            <ymax>1683</ymax>
        </bndbox>
    </object>
    <object>
        <name>ex</name>
        <pose>Unspecified</pose>
        <truncated>0</truncated>
        <difficult>0</difficult>
        <bndbox>
            <xmin>2911</xmin>
            <ymin>1451</ymin>
            <xmax>2951</xmax>
            <ymax>1505</ymax>
        </bndbox>
    </object>
    <object>
        <name>ex</name>
        <pose>Unspecified</pose>
        <truncated>0</truncated>
        <difficult>0</difficult>
        <bndbox>
            <xmin>2935</xmin>
            <ymin>1493</ymin>
            <xmax>2953</xmax>
            <ymax>1509</ymax>
        </bndbox>
    </object>
    <object>
        <name>ma</name>
        <pose>Unspecified</pose>
        <truncated>0</truncated>
        <difficult>0</difficult>
        <bndbox>
            <xmin>261</xmin>
            <ymin>1843</ymin>
            <xmax>283</xmax>
            <ymax>1859</ymax>
        </bndbox>
    </object>
    <object>
        <name>ma</name>
        <pose>Unspecified</pose>
        <truncated>0</truncated>
        <difficult>0</difficult>
        <bndbox>
            <xmin>397</xmin>
            <ymin>1811</ymin>
            <xmax>419</xmax>
            <ymax>1837</ymax>
        </bndbox>
    </object>
    <object>
        <name>ma</name>
        <pose>Unspecified</pose>
        <truncated>0</truncated>
        <difficult>0</difficult>
        <bndbox>
            <xmin>463</xmin>
            <ymin>2505</ymin>
            <xmax>479</xmax>
            <ymax>2525</ymax>
        </bndbox>
    </object>
    <object>
        <name>ma</name>
        <pose>Unspecified</pose>
        <truncated>0</truncated>
        <difficult>0</difficult>
        <bndbox>
            <xmin>1985</xmin>
            <ymin>2727</ymin>
            <xmax>2005</xmax>
            <ymax>2741</ymax>
        </bndbox>
    </object>
    <object>
        <name>ma</name>
        <pose>Unspecified</pose>
        <truncated>0</truncated>
        <difficult>0</difficult>
        <bndbox>
            <xmin>2863</xmin>
            <ymin>1509</ymin>
            <xmax>2879</xmax>
            <ymax>1525</ymax>
        </bndbox>
    </object>
    <object>
        <name>ma</name>
        <pose>Unspecified</pose>
        <truncated>0</truncated>
        <difficult>0</difficult>
        <bndbox>
            <xmin>2893</xmin>
            <ymin>1323</ymin>
            <xmax>2899</xmax>
            <ymax>1329</ymax>
        </bndbox>
    </object>
    <object>
        <name>ma</name>
        <pose>Unspecified</pose>
        <truncated>0</truncated>
        <difficult>0</difficult>
        <bndbox>
            <xmin>2935</xmin>
            <ymin>1399</ymin>
            <xmax>2951</xmax>
            <ymax>1419</ymax>
        </bndbox>
    </object>
    <object>
        <name>ma</name>
        <pose>Unspecified</pose>
        <truncated>0</truncated>
        <difficult>0</difficult>
        <bndbox>
            <xmin>3021</xmin>
            <ymin>1457</ymin>
            <xmax>3043</xmax>
            <ymax>1479</ymax>
        </bndbox>
    </object>
    <object>
        <name>he</name>
        <pose>Unspecified</pose>
        <truncated>0</truncated>
        <difficult>0</difficult>
        <bndbox>
            <xmin>1515</xmin>
            <ymin>309</ymin>
            <xmax>1625</xmax>
            <ymax>389</ymax>
        </bndbox>
    </object>
    <object>
        <name>he</name>
        <pose>Unspecified</pose>
        <truncated>0</truncated>
        <difficult>0</difficult>
        <bndbox>
            <xmin>1539</xmin>
            <ymin>559</ymin>
            <xmax>1547</xmax>
            <ymax>569</ymax>
        </bndbox>
    </object>
    <object>
        <name>he</name>
        <pose>Unspecified</pose>
        <truncated>0</truncated>
        <difficult>0</difficult>
        <bndbox>
            <xmin>1653</xmin>
            <ymin>441</ymin>
            <xmax>1673</xmax>
            <ymax>455</ymax>
        </bndbox>
    </object>
    <object>
        <name>he</name>
        <pose>Unspecified</pose>
        <truncated>0</truncated>
        <difficult>0</difficult>
        <bndbox>
            <xmin>1925</xmin>
            <ymin>1651</ymin>
            <xmax>2021</xmax>
            <ymax>1747</ymax>
        </bndbox>
    </object>
    <object>
        <name>he</name>
        <pose>Unspecified</pose>
        <truncated>0</truncated>
        <difficult>0</difficult>
        <bndbox>
            <xmin>2127</xmin>
            <ymin>865</ymin>
            <xmax>2195</xmax>
            <ymax>933</ymax>
        </bndbox>
    </object>
    <object>
        <name>he</name>
        <pose>Unspecified</pose>
        <truncated>0</truncated>
        <difficult>0</difficult>
        <bndbox>
            <xmin>2311</xmin>
            <ymin>1467</ymin>
            <xmax>2355</xmax>
            <ymax>1503</ymax>
        </bndbox>
    </object>
    <object>
        <name>he</name>
        <pose>Unspecified</pose>
        <truncated>0</truncated>
        <difficult>0</difficult>
        <bndbox>
            <xmin>2587</xmin>
            <ymin>927</ymin>
            <xmax>2597</xmax>
            <ymax>937</ymax>
        </bndbox>
    </object>
    <object>
        <name>he</name>
        <pose>Unspecified</pose>
        <truncated>0</truncated>
        <difficult>0</difficult>
        <bndbox>
            <xmin>2597</xmin>
            <ymin>953</ymin>
            <xmax>2619</xmax>
            <ymax>981</ymax>
        </bndbox>
    </object>
    <object>
        <name>he</name>
        <pose>Unspecified</pose>
        <truncated>0</truncated>
        <difficult>0</difficult>
        <bndbox>
            <xmin>2705</xmin>
            <ymin>2371</ymin>
            <xmax>2737</xmax>
            <ymax>2399</ymax>
        </bndbox>
    </object>
    <object>
        <name>he</name>
        <pose>Unspecified</pose>
        <truncated>0</truncated>
        <difficult>0</difficult>
        <bndbox>
            <xmin>2739</xmin>
            <ymin>1101</ymin>
            <xmax>2777</xmax>
            <ymax>1139</ymax>
        </bndbox>
    </object>
    <object>
        <name>he</name>
        <pose>Unspecified</pose>
        <truncated>0</truncated>
        <difficult>0</difficult>
        <bndbox>
            <xmin>2831</xmin>
            <ymin>1177</ymin>
            <xmax>2841</xmax>
            <ymax>1207</ymax>
        </bndbox>
    </object>
    <object>
        <name>he</name>
        <pose>Unspecified</pose>
        <truncated>0</truncated>
        <difficult>0</difficult>
        <bndbox>
            <xmin>2831</xmin>
            <ymin>1219</ymin>
            <xmax>2837</xmax>
            <ymax>1229</ymax>
        </bndbox>
    </object>
    <object>
        <name>he</name>
        <pose>Unspecified</pose>
        <truncated>0</truncated>
        <difficult>0</difficult>
        <bndbox>
            <xmin>2845</xmin>
            <ymin>1055</ymin>
            <xmax>2867</xmax>
            <ymax>1071</ymax>
        </bndbox>
    </object>
    <object>
        <name>he</name>
        <pose>Unspecified</pose>
        <truncated>0</truncated>
        <difficult>0</difficult>
        <bndbox>
            <xmin>2845</xmin>
            <ymin>1183</ymin>
            <xmax>2861</xmax>
            <ymax>1203</ymax>
        </bndbox>
    </object>
    <object>
        <name>he</name>
        <pose>Unspecified</pose>
        <truncated>0</truncated>
        <difficult>0</difficult>
        <bndbox>
            <xmin>2857</xmin>
            <ymin>1779</ymin>
            <xmax>2883</xmax>
            <ymax>1821</ymax>
        </bndbox>
    </object>
    <object>
        <name>he</name>
        <pose>Unspecified</pose>
        <truncated>0</truncated>
        <difficult>0</difficult>
        <bndbox>
            <xmin>2941</xmin>
            <ymin>1653</ymin>
            <xmax>2963</xmax>
            <ymax>1683</ymax>
        </bndbox>
    </object>
    <object>
        <name>ex</name>
        <pose>Unspecified</pose>
        <truncated>0</truncated>
        <difficult>0</difficult>
        <bndbox>
            <xmin>2911</xmin>
            <ymin>1451</ymin>
            <xmax>2951</xmax>
            <ymax>1505</ymax>
        </bndbox>
    </object>
    <object>
        <name>ex</name>
        <pose>Unspecified</pose>
        <truncated>0</truncated>
        <difficult>0</difficult>
        <bndbox>
            <xmin>2935</xmin>
            <ymin>1493</ymin>
            <xmax>2953</xmax>
            <ymax>1509</ymax>
        </bndbox>
    </object>
</annotation>