<annotation>
    <folder>OurDataset</folder>
    <filename>007-3787-200.jpg</filename>
    <size>
        <width>2736</width>
        <height>1824</height>
        <depth>3</depth>
    </size>
    <object>
        <name>he</name>
        <pose>Unspecified</pose>
        <truncated>0</truncated>
        <difficult>0</difficult>
        <bndbox>
            <xmin>1627</xmin>
            <ymin>659</ymin>
            <xmax>1643</xmax>
            <ymax>669</ymax>
        </bndbox>
    </object>
    <object>
        <name>he</name>
        <pose>Unspecified</pose>
        <truncated>0</truncated>
        <difficult>0</difficult>
        <bndbox>
            <xmin>2067</xmin>
            <ymin>905</ymin>
            <xmax>2095</xmax>
            <ymax>931</ymax>
        </bndbox>
    </object>
    <object>
        <name>he</name>
        <pose>Unspecified</pose>
        <truncated>0</truncated>
        <difficult>0</difficult>
        <bndbox>
            <xmin>1627</xmin>
            <ymin>659</ymin>
            <xmax>1643</xmax>
            <ymax>669</ymax>
        </bndbox>
    </object>
    <object>
        <name>he</name>
        <pose>Unspecified</pose>
        <truncated>0</truncated>
        <difficult>0</difficult>
        <bndbox>
            <xmin>2067</xmin>
            <ymin>905</ymin>
            <xmax>2095</xmax>
            <ymax>931</ymax>
        </bndbox>
    </object>
</annotation>