<annotation>
    <folder>OurDataset</folder>
    <filename>007-3627-200.jpg</filename>
    <size>
        <width>2992</width>
        <height>2000</height>
        <depth>3</depth>
    </size>
    <object>
        <name>ex</name>
        <pose>Unspecified</pose>
        <truncated>0</truncated>
        <difficult>0</difficult>
        <bndbox>
            <xmin>593</xmin>
            <ymin>1019</ymin>
            <xmax>607</xmax>
            <ymax>1033</ymax>
        </bndbox>
    </object>
    <object>
        <name>ex</name>
        <pose>Unspecified</pose>
        <truncated>0</truncated>
        <difficult>0</difficult>
        <bndbox>
            <xmin>1341</xmin>
            <ymin>1155</ymin>
            <xmax>1349</xmax>
            <ymax>1161</ymax>
        </bndbox>
    </object>
    <object>
        <name>ex</name>
        <pose>Unspecified</pose>
        <truncated>0</truncated>
        <difficult>0</difficult>
        <bndbox>
            <xmin>1409</xmin>
            <ymin>1179</ymin>
            <xmax>1417</xmax>
            <ymax>1191</ymax>
        </bndbox>
    </object>
    <object>
        <name>ex</name>
        <pose>Unspecified</pose>
        <truncated>0</truncated>
        <difficult>0</difficult>
        <bndbox>
            <xmin>1419</xmin>
            <ymin>1179</ymin>
            <xmax>1425</xmax>
            <ymax>1191</ymax>
        </bndbox>
    </object>
    <object>
        <name>ex</name>
        <pose>Unspecified</pose>
        <truncated>0</truncated>
        <difficult>0</difficult>
        <bndbox>
            <xmin>1429</xmin>
            <ymin>1201</ymin>
            <xmax>1441</xmax>
            <ymax>1209</ymax>
        </bndbox>
    </object>
    <object>
        <name>ex</name>
        <pose>Unspecified</pose>
        <truncated>0</truncated>
        <difficult>0</difficult>
        <bndbox>
            <xmin>1479</xmin>
            <ymin>1101</ymin>
            <xmax>1483</xmax>
            <ymax>1107</ymax>
        </bndbox>
    </object>
    <object>
        <name>ex</name>
        <pose>Unspecified</pose>
        <truncated>0</truncated>
        <difficult>0</difficult>
        <bndbox>
            <xmin>1577</xmin>
            <ymin>1047</ymin>
            <xmax>1581</xmax>
            <ymax>1051</ymax>
        </bndbox>
    </object>
    <object>
        <name>ex</name>
        <pose>Unspecified</pose>
        <truncated>0</truncated>
        <difficult>0</difficult>
        <bndbox>
            <xmin>1647</xmin>
            <ymin>983</ymin>
            <xmax>1651</xmax>
            <ymax>991</ymax>
        </bndbox>
    </object>
    <object>
        <name>ex</name>
        <pose>Unspecified</pose>
        <truncated>0</truncated>
        <difficult>0</difficult>
        <bndbox>
            <xmin>1647</xmin>
            <ymin>1119</ymin>
            <xmax>1651</xmax>
            <ymax>1135</ymax>
        </bndbox>
    </object>
    <object>
        <name>ex</name>
        <pose>Unspecified</pose>
        <truncated>0</truncated>
        <difficult>0</difficult>
        <bndbox>
            <xmin>1703</xmin>
            <ymin>975</ymin>
            <xmax>1709</xmax>
            <ymax>981</ymax>
        </bndbox>
    </object>
    <object>
        <name>ex</name>
        <pose>Unspecified</pose>
        <truncated>0</truncated>
        <difficult>0</difficult>
        <bndbox>
            <xmin>2097</xmin>
            <ymin>855</ymin>
            <xmax>2103</xmax>
            <ymax>861</ymax>
        </bndbox>
    </object>
    <object>
        <name>ex</name>
        <pose>Unspecified</pose>
        <truncated>0</truncated>
        <difficult>0</difficult>
        <bndbox>
            <xmin>2177</xmin>
            <ymin>1105</ymin>
            <xmax>2183</xmax>
            <ymax>1111</ymax>
        </bndbox>
    </object>
    <object>
        <name>ex</name>
        <pose>Unspecified</pose>
        <truncated>0</truncated>
        <difficult>0</difficult>
        <bndbox>
            <xmin>2241</xmin>
            <ymin>1189</ymin>
            <xmax>2259</xmax>
            <ymax>1205</ymax>
        </bndbox>
    </object>
    <object>
        <name>ex</name>
        <pose>Unspecified</pose>
        <truncated>0</truncated>
        <difficult>0</difficult>
        <bndbox>
            <xmin>2311</xmin>
            <ymin>1055</ymin>
            <xmax>2317</xmax>
            <ymax>1061</ymax>
        </bndbox>
    </object>
    <object>
        <name>ex</name>
        <pose>Unspecified</pose>
        <truncated>0</truncated>
        <difficult>0</difficult>
        <bndbox>
            <xmin>2313</xmin>
            <ymin>1027</ymin>
            <xmax>2319</xmax>
            <ymax>1033</ymax>
        </bndbox>
    </object>
    <object>
        <name>ex</name>
        <pose>Unspecified</pose>
        <truncated>0</truncated>
        <difficult>0</difficult>
        <bndbox>
            <xmin>2417</xmin>
            <ymin>1001</ymin>
            <xmax>2429</xmax>
            <ymax>1011</ymax>
        </bndbox>
    </object>
    <object>
        <name>ma</name>
        <pose>Unspecified</pose>
        <truncated>0</truncated>
        <difficult>0</difficult>
        <bndbox>
            <xmin>1203</xmin>
            <ymin>271</ymin>
            <xmax>1209</xmax>
            <ymax>275</ymax>
        </bndbox>
    </object>
    <object>
        <name>ma</name>
        <pose>Unspecified</pose>
        <truncated>0</truncated>
        <difficult>0</difficult>
        <bndbox>
            <xmin>1275</xmin>
            <ymin>1127</ymin>
            <xmax>1283</xmax>
            <ymax>1133</ymax>
        </bndbox>
    </object>
    <object>
        <name>ma</name>
        <pose>Unspecified</pose>
        <truncated>0</truncated>
        <difficult>0</difficult>
        <bndbox>
            <xmin>1307</xmin>
            <ymin>1533</ymin>
            <xmax>1313</xmax>
            <ymax>1537</ymax>
        </bndbox>
    </object>
    <object>
        <name>ma</name>
        <pose>Unspecified</pose>
        <truncated>0</truncated>
        <difficult>0</difficult>
        <bndbox>
            <xmin>1327</xmin>
            <ymin>213</ymin>
            <xmax>1331</xmax>
            <ymax>215</ymax>
        </bndbox>
    </object>
    <object>
        <name>ma</name>
        <pose>Unspecified</pose>
        <truncated>0</truncated>
        <difficult>0</difficult>
        <bndbox>
            <xmin>1395</xmin>
            <ymin>1605</ymin>
            <xmax>1405</xmax>
            <ymax>1611</ymax>
        </bndbox>
    </object>
    <object>
        <name>ma</name>
        <pose>Unspecified</pose>
        <truncated>0</truncated>
        <difficult>0</difficult>
        <bndbox>
            <xmin>1471</xmin>
            <ymin>1489</ymin>
            <xmax>1485</xmax>
            <ymax>1499</ymax>
        </bndbox>
    </object>
    <object>
        <name>ma</name>
        <pose>Unspecified</pose>
        <truncated>0</truncated>
        <difficult>0</difficult>
        <bndbox>
            <xmin>1485</xmin>
            <ymin>929</ymin>
            <xmax>1491</xmax>
            <ymax>937</ymax>
        </bndbox>
    </object>
    <object>
        <name>ma</name>
        <pose>Unspecified</pose>
        <truncated>0</truncated>
        <difficult>0</difficult>
        <bndbox>
            <xmin>1493</xmin>
            <ymin>1207</ymin>
            <xmax>1497</xmax>
            <ymax>1213</ymax>
        </bndbox>
    </object>
    <object>
        <name>ma</name>
        <pose>Unspecified</pose>
        <truncated>0</truncated>
        <difficult>0</difficult>
        <bndbox>
            <xmin>1571</xmin>
            <ymin>1145</ymin>
            <xmax>1579</xmax>
            <ymax>1153</ymax>
        </bndbox>
    </object>
    <object>
        <name>ma</name>
        <pose>Unspecified</pose>
        <truncated>0</truncated>
        <difficult>0</difficult>
        <bndbox>
            <xmin>1583</xmin>
            <ymin>1155</ymin>
            <xmax>1587</xmax>
            <ymax>1157</ymax>
        </bndbox>
    </object>
    <object>
        <name>ma</name>
        <pose>Unspecified</pose>
        <truncated>0</truncated>
        <difficult>0</difficult>
        <bndbox>
            <xmin>1613</xmin>
            <ymin>1671</ymin>
            <xmax>1617</xmax>
            <ymax>1675</ymax>
        </bndbox>
    </object>
    <object>
        <name>ma</name>
        <pose>Unspecified</pose>
        <truncated>0</truncated>
        <difficult>0</difficult>
        <bndbox>
            <xmin>1639</xmin>
            <ymin>1673</ymin>
            <xmax>1643</xmax>
            <ymax>1677</ymax>
        </bndbox>
    </object>
    <object>
        <name>ma</name>
        <pose>Unspecified</pose>
        <truncated>0</truncated>
        <difficult>0</difficult>
        <bndbox>
            <xmin>1639</xmin>
            <ymin>1723</ymin>
            <xmax>1651</xmax>
            <ymax>1731</ymax>
        </bndbox>
    </object>
    <object>
        <name>ma</name>
        <pose>Unspecified</pose>
        <truncated>0</truncated>
        <difficult>0</difficult>
        <bndbox>
            <xmin>1647</xmin>
            <ymin>637</ymin>
            <xmax>1657</xmax>
            <ymax>643</ymax>
        </bndbox>
    </object>
    <object>
        <name>ma</name>
        <pose>Unspecified</pose>
        <truncated>0</truncated>
        <difficult>0</difficult>
        <bndbox>
            <xmin>1663</xmin>
            <ymin>1243</ymin>
            <xmax>1669</xmax>
            <ymax>1255</ymax>
        </bndbox>
    </object>
    <object>
        <name>ma</name>
        <pose>Unspecified</pose>
        <truncated>0</truncated>
        <difficult>0</difficult>
        <bndbox>
            <xmin>1669</xmin>
            <ymin>627</ymin>
            <xmax>1675</xmax>
            <ymax>631</ymax>
        </bndbox>
    </object>
    <object>
        <name>ma</name>
        <pose>Unspecified</pose>
        <truncated>0</truncated>
        <difficult>0</difficult>
        <bndbox>
            <xmin>1679</xmin>
            <ymin>1259</ymin>
            <xmax>1685</xmax>
            <ymax>1263</ymax>
        </bndbox>
    </object>
    <object>
        <name>ma</name>
        <pose>Unspecified</pose>
        <truncated>0</truncated>
        <difficult>0</difficult>
        <bndbox>
            <xmin>1701</xmin>
            <ymin>1825</ymin>
            <xmax>1705</xmax>
            <ymax>1831</ymax>
        </bndbox>
    </object>
    <object>
        <name>ma</name>
        <pose>Unspecified</pose>
        <truncated>0</truncated>
        <difficult>0</difficult>
        <bndbox>
            <xmin>1745</xmin>
            <ymin>1205</ymin>
            <xmax>1747</xmax>
            <ymax>1207</ymax>
        </bndbox>
    </object>
    <object>
        <name>ma</name>
        <pose>Unspecified</pose>
        <truncated>0</truncated>
        <difficult>0</difficult>
        <bndbox>
            <xmin>1753</xmin>
            <ymin>1205</ymin>
            <xmax>1763</xmax>
            <ymax>1213</ymax>
        </bndbox>
    </object>
    <object>
        <name>ma</name>
        <pose>Unspecified</pose>
        <truncated>0</truncated>
        <difficult>0</difficult>
        <bndbox>
            <xmin>1815</xmin>
            <ymin>725</ymin>
            <xmax>1825</xmax>
            <ymax>737</ymax>
        </bndbox>
    </object>
    <object>
        <name>ma</name>
        <pose>Unspecified</pose>
        <truncated>0</truncated>
        <difficult>0</difficult>
        <bndbox>
            <xmin>1865</xmin>
            <ymin>1601</ymin>
            <xmax>1867</xmax>
            <ymax>1605</ymax>
        </bndbox>
    </object>
    <object>
        <name>ma</name>
        <pose>Unspecified</pose>
        <truncated>0</truncated>
        <difficult>0</difficult>
        <bndbox>
            <xmin>1887</xmin>
            <ymin>825</ymin>
            <xmax>1893</xmax>
            <ymax>831</ymax>
        </bndbox>
    </object>
    <object>
        <name>ma</name>
        <pose>Unspecified</pose>
        <truncated>0</truncated>
        <difficult>0</difficult>
        <bndbox>
            <xmin>1901</xmin>
            <ymin>673</ymin>
            <xmax>1905</xmax>
            <ymax>679</ymax>
        </bndbox>
    </object>
    <object>
        <name>ma</name>
        <pose>Unspecified</pose>
        <truncated>0</truncated>
        <difficult>0</difficult>
        <bndbox>
            <xmin>1921</xmin>
            <ymin>993</ymin>
            <xmax>1931</xmax>
            <ymax>1007</ymax>
        </bndbox>
    </object>
    <object>
        <name>ma</name>
        <pose>Unspecified</pose>
        <truncated>0</truncated>
        <difficult>0</difficult>
        <bndbox>
            <xmin>1933</xmin>
            <ymin>1221</ymin>
            <xmax>1947</xmax>
            <ymax>1233</ymax>
        </bndbox>
    </object>
    <object>
        <name>ma</name>
        <pose>Unspecified</pose>
        <truncated>0</truncated>
        <difficult>0</difficult>
        <bndbox>
            <xmin>1945</xmin>
            <ymin>993</ymin>
            <xmax>1949</xmax>
            <ymax>999</ymax>
        </bndbox>
    </object>
    <object>
        <name>ma</name>
        <pose>Unspecified</pose>
        <truncated>0</truncated>
        <difficult>0</difficult>
        <bndbox>
            <xmin>1971</xmin>
            <ymin>311</ymin>
            <xmax>1979</xmax>
            <ymax>317</ymax>
        </bndbox>
    </object>
    <object>
        <name>ma</name>
        <pose>Unspecified</pose>
        <truncated>0</truncated>
        <difficult>0</difficult>
        <bndbox>
            <xmin>1987</xmin>
            <ymin>635</ymin>
            <xmax>1991</xmax>
            <ymax>641</ymax>
        </bndbox>
    </object>
    <object>
        <name>ma</name>
        <pose>Unspecified</pose>
        <truncated>0</truncated>
        <difficult>0</difficult>
        <bndbox>
            <xmin>1997</xmin>
            <ymin>651</ymin>
            <xmax>2003</xmax>
            <ymax>657</ymax>
        </bndbox>
    </object>
    <object>
        <name>ma</name>
        <pose>Unspecified</pose>
        <truncated>0</truncated>
        <difficult>0</difficult>
        <bndbox>
            <xmin>1999</xmin>
            <ymin>641</ymin>
            <xmax>2007</xmax>
            <ymax>647</ymax>
        </bndbox>
    </object>
    <object>
        <name>ma</name>
        <pose>Unspecified</pose>
        <truncated>0</truncated>
        <difficult>0</difficult>
        <bndbox>
            <xmin>2027</xmin>
            <ymin>803</ymin>
            <xmax>2033</xmax>
            <ymax>811</ymax>
        </bndbox>
    </object>
    <object>
        <name>ma</name>
        <pose>Unspecified</pose>
        <truncated>0</truncated>
        <difficult>0</difficult>
        <bndbox>
            <xmin>2051</xmin>
            <ymin>851</ymin>
            <xmax>2055</xmax>
            <ymax>857</ymax>
        </bndbox>
    </object>
    <object>
        <name>ma</name>
        <pose>Unspecified</pose>
        <truncated>0</truncated>
        <difficult>0</difficult>
        <bndbox>
            <xmin>2133</xmin>
            <ymin>955</ymin>
            <xmax>2139</xmax>
            <ymax>959</ymax>
        </bndbox>
    </object>
    <object>
        <name>ma</name>
        <pose>Unspecified</pose>
        <truncated>0</truncated>
        <difficult>0</difficult>
        <bndbox>
            <xmin>2157</xmin>
            <ymin>937</ymin>
            <xmax>2159</xmax>
            <ymax>941</ymax>
        </bndbox>
    </object>
    <object>
        <name>ma</name>
        <pose>Unspecified</pose>
        <truncated>0</truncated>
        <difficult>0</difficult>
        <bndbox>
            <xmin>2179</xmin>
            <ymin>915</ymin>
            <xmax>2185</xmax>
            <ymax>919</ymax>
        </bndbox>
    </object>
    <object>
        <name>ma</name>
        <pose>Unspecified</pose>
        <truncated>0</truncated>
        <difficult>0</difficult>
        <bndbox>
            <xmin>2273</xmin>
            <ymin>997</ymin>
            <xmax>2275</xmax>
            <ymax>999</ymax>
        </bndbox>
    </object>
    <object>
        <name>ma</name>
        <pose>Unspecified</pose>
        <truncated>0</truncated>
        <difficult>0</difficult>
        <bndbox>
            <xmin>2313</xmin>
            <ymin>1327</ymin>
            <xmax>2327</xmax>
            <ymax>1339</ymax>
        </bndbox>
    </object>
    <object>
        <name>ma</name>
        <pose>Unspecified</pose>
        <truncated>0</truncated>
        <difficult>0</difficult>
        <bndbox>
            <xmin>2317</xmin>
            <ymin>1281</ymin>
            <xmax>2321</xmax>
            <ymax>1285</ymax>
        </bndbox>
    </object>
    <object>
        <name>he</name>
        <pose>Unspecified</pose>
        <truncated>0</truncated>
        <difficult>0</difficult>
        <bndbox>
            <xmin>1349</xmin>
            <ymin>261</ymin>
            <xmax>1355</xmax>
            <ymax>271</ymax>
        </bndbox>
    </object>
    <object>
        <name>he</name>
        <pose>Unspecified</pose>
        <truncated>0</truncated>
        <difficult>0</difficult>
        <bndbox>
            <xmin>1445</xmin>
            <ymin>1091</ymin>
            <xmax>1461</xmax>
            <ymax>1109</ymax>
        </bndbox>
    </object>
    <object>
        <name>he</name>
        <pose>Unspecified</pose>
        <truncated>0</truncated>
        <difficult>0</difficult>
        <bndbox>
            <xmin>1939</xmin>
            <ymin>1071</ymin>
            <xmax>1957</xmax>
            <ymax>1081</ymax>
        </bndbox>
    </object>
    <object>
        <name>ex</name>
        <pose>Unspecified</pose>
        <truncated>0</truncated>
        <difficult>0</difficult>
        <bndbox>
            <xmin>593</xmin>
            <ymin>1019</ymin>
            <xmax>607</xmax>
            <ymax>1033</ymax>
        </bndbox>
    </object>
    <object>
        <name>ex</name>
        <pose>Unspecified</pose>
        <truncated>0</truncated>
        <difficult>0</difficult>
        <bndbox>
            <xmin>1341</xmin>
            <ymin>1155</ymin>
            <xmax>1349</xmax>
            <ymax>1161</ymax>
        </bndbox>
    </object>
    <object>
        <name>ex</name>
        <pose>Unspecified</pose>
        <truncated>0</truncated>
        <difficult>0</difficult>
        <bndbox>
            <xmin>1409</xmin>
            <ymin>1179</ymin>
            <xmax>1417</xmax>
            <ymax>1191</ymax>
        </bndbox>
    </object>
    <object>
        <name>ex</name>
        <pose>Unspecified</pose>
        <truncated>0</truncated>
        <difficult>0</difficult>
        <bndbox>
            <xmin>1419</xmin>
            <ymin>1179</ymin>
            <xmax>1425</xmax>
            <ymax>1191</ymax>
        </bndbox>
    </object>
    <object>
        <name>ex</name>
        <pose>Unspecified</pose>
        <truncated>0</truncated>
        <difficult>0</difficult>
        <bndbox>
            <xmin>1429</xmin>
            <ymin>1201</ymin>
            <xmax>1441</xmax>
            <ymax>1209</ymax>
        </bndbox>
    </object>
    <object>
        <name>ex</name>
        <pose>Unspecified</pose>
        <truncated>0</truncated>
        <difficult>0</difficult>
        <bndbox>
            <xmin>1479</xmin>
            <ymin>1101</ymin>
            <xmax>1483</xmax>
            <ymax>1107</ymax>
        </bndbox>
    </object>
    <object>
        <name>ex</name>
        <pose>Unspecified</pose>
        <truncated>0</truncated>
        <difficult>0</difficult>
        <bndbox>
            <xmin>1577</xmin>
            <ymin>1047</ymin>
            <xmax>1581</xmax>
            <ymax>1051</ymax>
        </bndbox>
    </object>
    <object>
        <name>ex</name>
        <pose>Unspecified</pose>
        <truncated>0</truncated>
        <difficult>0</difficult>
        <bndbox>
            <xmin>1647</xmin>
            <ymin>983</ymin>
            <xmax>1651</xmax>
            <ymax>991</ymax>
        </bndbox>
    </object>
    <object>
        <name>ex</name>
        <pose>Unspecified</pose>
        <truncated>0</truncated>
        <difficult>0</difficult>
        <bndbox>
            <xmin>1647</xmin>
            <ymin>1119</ymin>
            <xmax>1651</xmax>
            <ymax>1135</ymax>
        </bndbox>
    </object>
    <object>
        <name>ex</name>
        <pose>Unspecified</pose>
        <truncated>0</truncated>
        <difficult>0</difficult>
        <bndbox>
            <xmin>1703</xmin>
            <ymin>975</ymin>
            <xmax>1709</xmax>
            <ymax>981</ymax>
        </bndbox>
    </object>
    <object>
        <name>ex</name>
        <pose>Unspecified</pose>
        <truncated>0</truncated>
        <difficult>0</difficult>
        <bndbox>
            <xmin>2097</xmin>
            <ymin>855</ymin>
            <xmax>2103</xmax>
            <ymax>861</ymax>
        </bndbox>
    </object>
    <object>
        <name>ex</name>
        <pose>Unspecified</pose>
        <truncated>0</truncated>
        <difficult>0</difficult>
        <bndbox>
            <xmin>2177</xmin>
            <ymin>1105</ymin>
            <xmax>2183</xmax>
            <ymax>1111</ymax>
        </bndbox>
    </object>
    <object>
        <name>ex</name>
        <pose>Unspecified</pose>
        <truncated>0</truncated>
        <difficult>0</difficult>
        <bndbox>
            <xmin>2241</xmin>
            <ymin>1189</ymin>
            <xmax>2259</xmax>
            <ymax>1205</ymax>
        </bndbox>
    </object>
    <object>
        <name>ex</name>
        <pose>Unspecified</pose>
        <truncated>0</truncated>
        <difficult>0</difficult>
        <bndbox>
            <xmin>2311</xmin>
            <ymin>1055</ymin>
            <xmax>2317</xmax>
            <ymax>1061</ymax>
        </bndbox>
    </object>
    <object>
        <name>ex</name>
        <pose>Unspecified</pose>
        <truncated>0</truncated>
        <difficult>0</difficult>
        <bndbox>
            <xmin>2313</xmin>
            <ymin>1027</ymin>
            <xmax>2319</xmax>
            <ymax>1033</ymax>
        </bndbox>
    </object>
    <object>
        <name>ex</name>
        <pose>Unspecified</pose>
        <truncated>0</truncated>
        <difficult>0</difficult>
        <bndbox>
            <xmin>2417</xmin>
            <ymin>1001</ymin>
            <xmax>2429</xmax>
            <ymax>1011</ymax>
        </bndbox>
    </object>
    <object>
        <name>ma</name>
        <pose>Unspecified</pose>
        <truncated>0</truncated>
        <difficult>0</difficult>
        <bndbox>
            <xmin>1203</xmin>
            <ymin>271</ymin>
            <xmax>1209</xmax>
            <ymax>275</ymax>
        </bndbox>
    </object>
    <object>
        <name>ma</name>
        <pose>Unspecified</pose>
        <truncated>0</truncated>
        <difficult>0</difficult>
        <bndbox>
            <xmin>1275</xmin>
            <ymin>1127</ymin>
            <xmax>1283</xmax>
            <ymax>1133</ymax>
        </bndbox>
    </object>
    <object>
        <name>ma</name>
        <pose>Unspecified</pose>
        <truncated>0</truncated>
        <difficult>0</difficult>
        <bndbox>
            <xmin>1307</xmin>
            <ymin>1533</ymin>
            <xmax>1313</xmax>
            <ymax>1537</ymax>
        </bndbox>
    </object>
    <object>
        <name>ma</name>
        <pose>Unspecified</pose>
        <truncated>0</truncated>
        <difficult>0</difficult>
        <bndbox>
            <xmin>1327</xmin>
            <ymin>213</ymin>
            <xmax>1331</xmax>
            <ymax>215</ymax>
        </bndbox>
    </object>
    <object>
        <name>ma</name>
        <pose>Unspecified</pose>
        <truncated>0</truncated>
        <difficult>0</difficult>
        <bndbox>
            <xmin>1395</xmin>
            <ymin>1605</ymin>
            <xmax>1405</xmax>
            <ymax>1611</ymax>
        </bndbox>
    </object>
    <object>
        <name>ma</name>
        <pose>Unspecified</pose>
        <truncated>0</truncated>
        <difficult>0</difficult>
        <bndbox>
            <xmin>1471</xmin>
            <ymin>1489</ymin>
            <xmax>1485</xmax>
            <ymax>1499</ymax>
        </bndbox>
    </object>
    <object>
        <name>ma</name>
        <pose>Unspecified</pose>
        <truncated>0</truncated>
        <difficult>0</difficult>
        <bndbox>
            <xmin>1485</xmin>
            <ymin>929</ymin>
            <xmax>1491</xmax>
            <ymax>937</ymax>
        </bndbox>
    </object>
    <object>
        <name>ma</name>
        <pose>Unspecified</pose>
        <truncated>0</truncated>
        <difficult>0</difficult>
        <bndbox>
            <xmin>1493</xmin>
            <ymin>1207</ymin>
            <xmax>1497</xmax>
            <ymax>1213</ymax>
        </bndbox>
    </object>
    <object>
        <name>ma</name>
        <pose>Unspecified</pose>
        <truncated>0</truncated>
        <difficult>0</difficult>
        <bndbox>
            <xmin>1571</xmin>
            <ymin>1145</ymin>
            <xmax>1579</xmax>
            <ymax>1153</ymax>
        </bndbox>
    </object>
    <object>
        <name>ma</name>
        <pose>Unspecified</pose>
        <truncated>0</truncated>
        <difficult>0</difficult>
        <bndbox>
            <xmin>1583</xmin>
            <ymin>1155</ymin>
            <xmax>1587</xmax>
            <ymax>1157</ymax>
        </bndbox>
    </object>
    <object>
        <name>ma</name>
        <pose>Unspecified</pose>
        <truncated>0</truncated>
        <difficult>0</difficult>
        <bndbox>
            <xmin>1613</xmin>
            <ymin>1671</ymin>
            <xmax>1617</xmax>
            <ymax>1675</ymax>
        </bndbox>
    </object>
    <object>
        <name>ma</name>
        <pose>Unspecified</pose>
        <truncated>0</truncated>
        <difficult>0</difficult>
        <bndbox>
            <xmin>1639</xmin>
            <ymin>1673</ymin>
            <xmax>1643</xmax>
            <ymax>1677</ymax>
        </bndbox>
    </object>
    <object>
        <name>ma</name>
        <pose>Unspecified</pose>
        <truncated>0</truncated>
        <difficult>0</difficult>
        <bndbox>
            <xmin>1639</xmin>
            <ymin>1723</ymin>
            <xmax>1651</xmax>
            <ymax>1731</ymax>
        </bndbox>
    </object>
    <object>
        <name>ma</name>
        <pose>Unspecified</pose>
        <truncated>0</truncated>
        <difficult>0</difficult>
        <bndbox>
            <xmin>1647</xmin>
            <ymin>637</ymin>
            <xmax>1657</xmax>
            <ymax>643</ymax>
        </bndbox>
    </object>
    <object>
        <name>ma</name>
        <pose>Unspecified</pose>
        <truncated>0</truncated>
        <difficult>0</difficult>
        <bndbox>
            <xmin>1663</xmin>
            <ymin>1243</ymin>
            <xmax>1669</xmax>
            <ymax>1255</ymax>
        </bndbox>
    </object>
    <object>
        <name>ma</name>
        <pose>Unspecified</pose>
        <truncated>0</truncated>
        <difficult>0</difficult>
        <bndbox>
            <xmin>1669</xmin>
            <ymin>627</ymin>
            <xmax>1675</xmax>
            <ymax>631</ymax>
        </bndbox>
    </object>
    <object>
        <name>ma</name>
        <pose>Unspecified</pose>
        <truncated>0</truncated>
        <difficult>0</difficult>
        <bndbox>
            <xmin>1679</xmin>
            <ymin>1259</ymin>
            <xmax>1685</xmax>
            <ymax>1263</ymax>
        </bndbox>
    </object>
    <object>
        <name>ma</name>
        <pose>Unspecified</pose>
        <truncated>0</truncated>
        <difficult>0</difficult>
        <bndbox>
            <xmin>1701</xmin>
            <ymin>1825</ymin>
            <xmax>1705</xmax>
            <ymax>1831</ymax>
        </bndbox>
    </object>
    <object>
        <name>ma</name>
        <pose>Unspecified</pose>
        <truncated>0</truncated>
        <difficult>0</difficult>
        <bndbox>
            <xmin>1745</xmin>
            <ymin>1205</ymin>
            <xmax>1747</xmax>
            <ymax>1207</ymax>
        </bndbox>
    </object>
    <object>
        <name>ma</name>
        <pose>Unspecified</pose>
        <truncated>0</truncated>
        <difficult>0</difficult>
        <bndbox>
            <xmin>1753</xmin>
            <ymin>1205</ymin>
            <xmax>1763</xmax>
            <ymax>1213</ymax>
        </bndbox>
    </object>
    <object>
        <name>ma</name>
        <pose>Unspecified</pose>
        <truncated>0</truncated>
        <difficult>0</difficult>
        <bndbox>
            <xmin>1815</xmin>
            <ymin>725</ymin>
            <xmax>1825</xmax>
            <ymax>737</ymax>
        </bndbox>
    </object>
    <object>
        <name>ma</name>
        <pose>Unspecified</pose>
        <truncated>0</truncated>
        <difficult>0</difficult>
        <bndbox>
            <xmin>1865</xmin>
            <ymin>1601</ymin>
            <xmax>1867</xmax>
            <ymax>1605</ymax>
        </bndbox>
    </object>
    <object>
        <name>ma</name>
        <pose>Unspecified</pose>
        <truncated>0</truncated>
        <difficult>0</difficult>
        <bndbox>
            <xmin>1887</xmin>
            <ymin>825</ymin>
            <xmax>1893</xmax>
            <ymax>831</ymax>
        </bndbox>
    </object>
    <object>
        <name>ma</name>
        <pose>Unspecified</pose>
        <truncated>0</truncated>
        <difficult>0</difficult>
        <bndbox>
            <xmin>1901</xmin>
            <ymin>673</ymin>
            <xmax>1905</xmax>
            <ymax>679</ymax>
        </bndbox>
    </object>
    <object>
        <name>ma</name>
        <pose>Unspecified</pose>
        <truncated>0</truncated>
        <difficult>0</difficult>
        <bndbox>
            <xmin>1921</xmin>
            <ymin>993</ymin>
            <xmax>1931</xmax>
            <ymax>1007</ymax>
        </bndbox>
    </object>
    <object>
        <name>ma</name>
        <pose>Unspecified</pose>
        <truncated>0</truncated>
        <difficult>0</difficult>
        <bndbox>
            <xmin>1933</xmin>
            <ymin>1221</ymin>
            <xmax>1947</xmax>
            <ymax>1233</ymax>
        </bndbox>
    </object>
    <object>
        <name>ma</name>
        <pose>Unspecified</pose>
        <truncated>0</truncated>
        <difficult>0</difficult>
        <bndbox>
            <xmin>1945</xmin>
            <ymin>993</ymin>
            <xmax>1949</xmax>
            <ymax>999</ymax>
        </bndbox>
    </object>
    <object>
        <name>ma</name>
        <pose>Unspecified</pose>
        <truncated>0</truncated>
        <difficult>0</difficult>
        <bndbox>
            <xmin>1971</xmin>
            <ymin>311</ymin>
            <xmax>1979</xmax>
            <ymax>317</ymax>
        </bndbox>
    </object>
    <object>
        <name>ma</name>
        <pose>Unspecified</pose>
        <truncated>0</truncated>
        <difficult>0</difficult>
        <bndbox>
            <xmin>1987</xmin>
            <ymin>635</ymin>
            <xmax>1991</xmax>
            <ymax>641</ymax>
        </bndbox>
    </object>
    <object>
        <name>ma</name>
        <pose>Unspecified</pose>
        <truncated>0</truncated>
        <difficult>0</difficult>
        <bndbox>
            <xmin>1997</xmin>
            <ymin>651</ymin>
            <xmax>2003</xmax>
            <ymax>657</ymax>
        </bndbox>
    </object>
    <object>
        <name>ma</name>
        <pose>Unspecified</pose>
        <truncated>0</truncated>
        <difficult>0</difficult>
        <bndbox>
            <xmin>1999</xmin>
            <ymin>641</ymin>
            <xmax>2007</xmax>
            <ymax>647</ymax>
        </bndbox>
    </object>
    <object>
        <name>ma</name>
        <pose>Unspecified</pose>
        <truncated>0</truncated>
        <difficult>0</difficult>
        <bndbox>
            <xmin>2027</xmin>
            <ymin>803</ymin>
            <xmax>2033</xmax>
            <ymax>811</ymax>
        </bndbox>
    </object>
    <object>
        <name>ma</name>
        <pose>Unspecified</pose>
        <truncated>0</truncated>
        <difficult>0</difficult>
        <bndbox>
            <xmin>2051</xmin>
            <ymin>851</ymin>
            <xmax>2055</xmax>
            <ymax>857</ymax>
        </bndbox>
    </object>
    <object>
        <name>ma</name>
        <pose>Unspecified</pose>
        <truncated>0</truncated>
        <difficult>0</difficult>
        <bndbox>
            <xmin>2133</xmin>
            <ymin>955</ymin>
            <xmax>2139</xmax>
            <ymax>959</ymax>
        </bndbox>
    </object>
    <object>
        <name>ma</name>
        <pose>Unspecified</pose>
        <truncated>0</truncated>
        <difficult>0</difficult>
        <bndbox>
            <xmin>2157</xmin>
            <ymin>937</ymin>
            <xmax>2159</xmax>
            <ymax>941</ymax>
        </bndbox>
    </object>
    <object>
        <name>ma</name>
        <pose>Unspecified</pose>
        <truncated>0</truncated>
        <difficult>0</difficult>
        <bndbox>
            <xmin>2179</xmin>
            <ymin>915</ymin>
            <xmax>2185</xmax>
            <ymax>919</ymax>
        </bndbox>
    </object>
    <object>
        <name>ma</name>
        <pose>Unspecified</pose>
        <truncated>0</truncated>
        <difficult>0</difficult>
        <bndbox>
            <xmin>2273</xmin>
            <ymin>997</ymin>
            <xmax>2275</xmax>
            <ymax>999</ymax>
        </bndbox>
    </object>
    <object>
        <name>ma</name>
        <pose>Unspecified</pose>
        <truncated>0</truncated>
        <difficult>0</difficult>
        <bndbox>
            <xmin>2313</xmin>
            <ymin>1327</ymin>
            <xmax>2327</xmax>
            <ymax>1339</ymax>
        </bndbox>
    </object>
    <object>
        <name>ma</name>
        <pose>Unspecified</pose>
        <truncated>0</truncated>
        <difficult>0</difficult>
        <bndbox>
            <xmin>2317</xmin>
            <ymin>1281</ymin>
            <xmax>2321</xmax>
            <ymax>1285</ymax>
        </bndbox>
    </object>
    <object>
        <name>he</name>
        <pose>Unspecified</pose>
        <truncated>0</truncated>
        <difficult>0</difficult>
        <bndbox>
            <xmin>1349</xmin>
            <ymin>261</ymin>
            <xmax>1355</xmax>
            <ymax>271</ymax>
        </bndbox>
    </object>
    <object>
        <name>he</name>
        <pose>Unspecified</pose>
        <truncated>0</truncated>
        <difficult>0</difficult>
        <bndbox>
            <xmin>1445</xmin>
            <ymin>1091</ymin>
            <xmax>1461</xmax>
            <ymax>1109</ymax>
        </bndbox>
    </object>
    <object>
        <name>he</name>
        <pose>Unspecified</pose>
        <truncated>0</truncated>
        <difficult>0</difficult>
        <bndbox>
            <xmin>1939</xmin>
            <ymin>1071</ymin>
            <xmax>1957</xmax>
            <ymax>1081</ymax>
        </bndbox>
    </object>
    <object>
        <name>ex</name>
        <pose>Unspecified</pose>
        <truncated>0</truncated>
        <difficult>0</difficult>
        <bndbox>
            <xmin>593</xmin>
            <ymin>1019</ymin>
            <xmax>607</xmax>
            <ymax>1033</ymax>
        </bndbox>
    </object>
    <object>
        <name>ex</name>
        <pose>Unspecified</pose>
        <truncated>0</truncated>
        <difficult>0</difficult>
        <bndbox>
            <xmin>1341</xmin>
            <ymin>1155</ymin>
            <xmax>1349</xmax>
            <ymax>1161</ymax>
        </bndbox>
    </object>
    <object>
        <name>ex</name>
        <pose>Unspecified</pose>
        <truncated>0</truncated>
        <difficult>0</difficult>
        <bndbox>
            <xmin>1409</xmin>
            <ymin>1179</ymin>
            <xmax>1417</xmax>
            <ymax>1191</ymax>
        </bndbox>
    </object>
    <object>
        <name>ex</name>
        <pose>Unspecified</pose>
        <truncated>0</truncated>
        <difficult>0</difficult>
        <bndbox>
            <xmin>1419</xmin>
            <ymin>1179</ymin>
            <xmax>1425</xmax>
            <ymax>1191</ymax>
        </bndbox>
    </object>
    <object>
        <name>ex</name>
        <pose>Unspecified</pose>
        <truncated>0</truncated>
        <difficult>0</difficult>
        <bndbox>
            <xmin>1429</xmin>
            <ymin>1201</ymin>
            <xmax>1441</xmax>
            <ymax>1209</ymax>
        </bndbox>
    </object>
    <object>
        <name>ex</name>
        <pose>Unspecified</pose>
        <truncated>0</truncated>
        <difficult>0</difficult>
        <bndbox>
            <xmin>1479</xmin>
            <ymin>1101</ymin>
            <xmax>1483</xmax>
            <ymax>1107</ymax>
        </bndbox>
    </object>
    <object>
        <name>ex</name>
        <pose>Unspecified</pose>
        <truncated>0</truncated>
        <difficult>0</difficult>
        <bndbox>
            <xmin>1577</xmin>
            <ymin>1047</ymin>
            <xmax>1581</xmax>
            <ymax>1051</ymax>
        </bndbox>
    </object>
    <object>
        <name>ex</name>
        <pose>Unspecified</pose>
        <truncated>0</truncated>
        <difficult>0</difficult>
        <bndbox>
            <xmin>1647</xmin>
            <ymin>983</ymin>
            <xmax>1651</xmax>
            <ymax>991</ymax>
        </bndbox>
    </object>
    <object>
        <name>ex</name>
        <pose>Unspecified</pose>
        <truncated>0</truncated>
        <difficult>0</difficult>
        <bndbox>
            <xmin>1647</xmin>
            <ymin>1119</ymin>
            <xmax>1651</xmax>
            <ymax>1135</ymax>
        </bndbox>
    </object>
    <object>
        <name>ex</name>
        <pose>Unspecified</pose>
        <truncated>0</truncated>
        <difficult>0</difficult>
        <bndbox>
            <xmin>1703</xmin>
            <ymin>975</ymin>
            <xmax>1709</xmax>
            <ymax>981</ymax>
        </bndbox>
    </object>
    <object>
        <name>ex</name>
        <pose>Unspecified</pose>
        <truncated>0</truncated>
        <difficult>0</difficult>
        <bndbox>
            <xmin>2097</xmin>
            <ymin>855</ymin>
            <xmax>2103</xmax>
            <ymax>861</ymax>
        </bndbox>
    </object>
    <object>
        <name>ex</name>
        <pose>Unspecified</pose>
        <truncated>0</truncated>
        <difficult>0</difficult>
        <bndbox>
            <xmin>2177</xmin>
            <ymin>1105</ymin>
            <xmax>2183</xmax>
            <ymax>1111</ymax>
        </bndbox>
    </object>
    <object>
        <name>ex</name>
        <pose>Unspecified</pose>
        <truncated>0</truncated>
        <difficult>0</difficult>
        <bndbox>
            <xmin>2241</xmin>
            <ymin>1189</ymin>
            <xmax>2259</xmax>
            <ymax>1205</ymax>
        </bndbox>
    </object>
    <object>
        <name>ex</name>
        <pose>Unspecified</pose>
        <truncated>0</truncated>
        <difficult>0</difficult>
        <bndbox>
            <xmin>2311</xmin>
            <ymin>1055</ymin>
            <xmax>2317</xmax>
            <ymax>1061</ymax>
        </bndbox>
    </object>
    <object>
        <name>ex</name>
        <pose>Unspecified</pose>
        <truncated>0</truncated>
        <difficult>0</difficult>
        <bndbox>
            <xmin>2313</xmin>
            <ymin>1027</ymin>
            <xmax>2319</xmax>
            <ymax>1033</ymax>
        </bndbox>
    </object>
    <object>
        <name>ex</name>
        <pose>Unspecified</pose>
        <truncated>0</truncated>
        <difficult>0</difficult>
        <bndbox>
            <xmin>2417</xmin>
            <ymin>1001</ymin>
            <xmax>2429</xmax>
            <ymax>1011</ymax>
        </bndbox>
    </object>
</annotation>