<annotation>
    <folder>OurDataset</folder>
    <filename>007-3784-200.jpg</filename>
    <size>
        <width>2736</width>
        <height>1824</height>
        <depth>3</depth>
    </size>
    <object>
        <name>ex</name>
        <pose>Unspecified</pose>
        <truncated>0</truncated>
        <difficult>0</difficult>
        <bndbox>
            <xmin>1433</xmin>
            <ymin>245</ymin>
            <xmax>1485</xmax>
            <ymax>299</ymax>
        </bndbox>
    </object>
    <object>
        <name>ex</name>
        <pose>Unspecified</pose>
        <truncated>0</truncated>
        <difficult>0</difficult>
        <bndbox>
            <xmin>1479</xmin>
            <ymin>263</ymin>
            <xmax>1487</xmax>
            <ymax>271</ymax>
        </bndbox>
    </object>
    <object>
        <name>ma</name>
        <pose>Unspecified</pose>
        <truncated>0</truncated>
        <difficult>0</difficult>
        <bndbox>
            <xmin>941</xmin>
            <ymin>379</ymin>
            <xmax>947</xmax>
            <ymax>383</ymax>
        </bndbox>
    </object>
    <object>
        <name>ma</name>
        <pose>Unspecified</pose>
        <truncated>0</truncated>
        <difficult>0</difficult>
        <bndbox>
            <xmin>1103</xmin>
            <ymin>1237</ymin>
            <xmax>1111</xmax>
            <ymax>1245</ymax>
        </bndbox>
    </object>
    <object>
        <name>ex</name>
        <pose>Unspecified</pose>
        <truncated>0</truncated>
        <difficult>0</difficult>
        <bndbox>
            <xmin>1433</xmin>
            <ymin>245</ymin>
            <xmax>1485</xmax>
            <ymax>299</ymax>
        </bndbox>
    </object>
    <object>
        <name>ex</name>
        <pose>Unspecified</pose>
        <truncated>0</truncated>
        <difficult>0</difficult>
        <bndbox>
            <xmin>1479</xmin>
            <ymin>263</ymin>
            <xmax>1487</xmax>
            <ymax>271</ymax>
        </bndbox>
    </object>
    <object>
        <name>ma</name>
        <pose>Unspecified</pose>
        <truncated>0</truncated>
        <difficult>0</difficult>
        <bndbox>
            <xmin>941</xmin>
            <ymin>379</ymin>
            <xmax>947</xmax>
            <ymax>383</ymax>
        </bndbox>
    </object>
    <object>
        <name>ma</name>
        <pose>Unspecified</pose>
        <truncated>0</truncated>
        <difficult>0</difficult>
        <bndbox>
            <xmin>1103</xmin>
            <ymin>1237</ymin>
            <xmax>1111</xmax>
            <ymax>1245</ymax>
        </bndbox>
    </object>
    <object>
        <name>ex</name>
        <pose>Unspecified</pose>
        <truncated>0</truncated>
        <difficult>0</difficult>
        <bndbox>
            <xmin>1433</xmin>
            <ymin>245</ymin>
            <xmax>1485</xmax>
            <ymax>299</ymax>
        </bndbox>
    </object>
    <object>
        <name>ex</name>
        <pose>Unspecified</pose>
        <truncated>0</truncated>
        <difficult>0</difficult>
        <bndbox>
            <xmin>1479</xmin>
            <ymin>263</ymin>
            <xmax>1487</xmax>
            <ymax>271</ymax>
        </bndbox>
    </object>
</annotation>