<annotation>
    <folder>OurDataset</folder>
    <filename>007-4899-300.jpg</filename>
    <size>
        <width>2048</width>
        <height>1536</height>
        <depth>3</depth>
    </size>
    <object>
        <name>se</name>
        <pose>Unspecified</pose>
        <truncated>0</truncated>
        <difficult>0</difficult>
        <bndbox>
            <xmin>881</xmin>
            <ymin>1123</ymin>
            <xmax>952</xmax>
            <ymax>1231</ymax>
        </bndbox>
    </object>
    <object>
        <name>he</name>
        <pose>Unspecified</pose>
        <truncated>0</truncated>
        <difficult>0</difficult>
        <bndbox>
            <xmin>935</xmin>
            <ymin>1136</ymin>
            <xmax>947</xmax>
            <ymax>1151</ymax>
        </bndbox>
    </object>
    <object>
        <name>he</name>
        <pose>Unspecified</pose>
        <truncated>0</truncated>
        <difficult>0</difficult>
        <bndbox>
            <xmin>945</xmin>
            <ymin>1153</ymin>
            <xmax>951</xmax>
            <ymax>1159</ymax>
        </bndbox>
    </object>
    <object>
        <name>he</name>
        <pose>Unspecified</pose>
        <truncated>0</truncated>
        <difficult>0</difficult>
        <bndbox>
            <xmin>954</xmin>
            <ymin>1162</ymin>
            <xmax>967</xmax>
            <ymax>1176</ymax>
        </bndbox>
    </object>
    <object>
        <name>he</name>
        <pose>Unspecified</pose>
        <truncated>0</truncated>
        <difficult>0</difficult>
        <bndbox>
            <xmin>1001</xmin>
            <ymin>465</ymin>
            <xmax>1034</xmax>
            <ymax>481</ymax>
        </bndbox>
    </object>
    <object>
        <name>se</name>
        <pose>Unspecified</pose>
        <truncated>0</truncated>
        <difficult>0</difficult>
        <bndbox>
            <xmin>881</xmin>
            <ymin>1123</ymin>
            <xmax>952</xmax>
            <ymax>1231</ymax>
        </bndbox>
    </object>
    <object>
        <name>he</name>
        <pose>Unspecified</pose>
        <truncated>0</truncated>
        <difficult>0</difficult>
        <bndbox>
            <xmin>935</xmin>
            <ymin>1136</ymin>
            <xmax>947</xmax>
            <ymax>1151</ymax>
        </bndbox>
    </object>
    <object>
        <name>he</name>
        <pose>Unspecified</pose>
        <truncated>0</truncated>
        <difficult>0</difficult>
        <bndbox>
            <xmin>945</xmin>
            <ymin>1153</ymin>
            <xmax>951</xmax>
            <ymax>1159</ymax>
        </bndbox>
    </object>
    <object>
        <name>he</name>
        <pose>Unspecified</pose>
        <truncated>0</truncated>
        <difficult>0</difficult>
        <bndbox>
            <xmin>954</xmin>
            <ymin>1162</ymin>
            <xmax>967</xmax>
            <ymax>1176</ymax>
        </bndbox>
    </object>
    <object>
        <name>he</name>
        <pose>Unspecified</pose>
        <truncated>0</truncated>
        <difficult>0</difficult>
        <bndbox>
            <xmin>1001</xmin>
            <ymin>465</ymin>
            <xmax>1034</xmax>
            <ymax>481</ymax>
        </bndbox>
    </object>
</annotation>