<annotation>
    <folder>OurDataset</folder>
    <filename>007-4038-200.jpg</filename>
    <size>
        <width>3264</width>
        <height>2448</height>
        <depth>3</depth>
    </size>
    <object>
        <name>ex</name>
        <pose>Unspecified</pose>
        <truncated>0</truncated>
        <difficult>0</difficult>
        <bndbox>
            <xmin>1367</xmin>
            <ymin>1377</ymin>
            <xmax>1385</xmax>
            <ymax>1399</ymax>
        </bndbox>
    </object>
    <object>
        <name>ex</name>
        <pose>Unspecified</pose>
        <truncated>0</truncated>
        <difficult>0</difficult>
        <bndbox>
            <xmin>1409</xmin>
            <ymin>1369</ymin>
            <xmax>1441</xmax>
            <ymax>1413</ymax>
        </bndbox>
    </object>
    <object>
        <name>ex</name>
        <pose>Unspecified</pose>
        <truncated>0</truncated>
        <difficult>0</difficult>
        <bndbox>
            <xmin>1417</xmin>
            <ymin>1207</ymin>
            <xmax>1459</xmax>
            <ymax>1245</ymax>
        </bndbox>
    </object>
    <object>
        <name>ex</name>
        <pose>Unspecified</pose>
        <truncated>0</truncated>
        <difficult>0</difficult>
        <bndbox>
            <xmin>1431</xmin>
            <ymin>1307</ymin>
            <xmax>1475</xmax>
            <ymax>1369</ymax>
        </bndbox>
    </object>
    <object>
        <name>ex</name>
        <pose>Unspecified</pose>
        <truncated>0</truncated>
        <difficult>0</difficult>
        <bndbox>
            <xmin>1487</xmin>
            <ymin>1237</ymin>
            <xmax>1527</xmax>
            <ymax>1273</ymax>
        </bndbox>
    </object>
    <object>
        <name>ex</name>
        <pose>Unspecified</pose>
        <truncated>0</truncated>
        <difficult>0</difficult>
        <bndbox>
            <xmin>1503</xmin>
            <ymin>1441</ymin>
            <xmax>1509</xmax>
            <ymax>1451</ymax>
        </bndbox>
    </object>
    <object>
        <name>ma</name>
        <pose>Unspecified</pose>
        <truncated>0</truncated>
        <difficult>0</difficult>
        <bndbox>
            <xmin>727</xmin>
            <ymin>1395</ymin>
            <xmax>733</xmax>
            <ymax>1403</ymax>
        </bndbox>
    </object>
    <object>
        <name>ma</name>
        <pose>Unspecified</pose>
        <truncated>0</truncated>
        <difficult>0</difficult>
        <bndbox>
            <xmin>2213</xmin>
            <ymin>1561</ymin>
            <xmax>2233</xmax>
            <ymax>1589</ymax>
        </bndbox>
    </object>
    <object>
        <name>ex</name>
        <pose>Unspecified</pose>
        <truncated>0</truncated>
        <difficult>0</difficult>
        <bndbox>
            <xmin>1367</xmin>
            <ymin>1377</ymin>
            <xmax>1385</xmax>
            <ymax>1399</ymax>
        </bndbox>
    </object>
    <object>
        <name>ex</name>
        <pose>Unspecified</pose>
        <truncated>0</truncated>
        <difficult>0</difficult>
        <bndbox>
            <xmin>1409</xmin>
            <ymin>1369</ymin>
            <xmax>1441</xmax>
            <ymax>1413</ymax>
        </bndbox>
    </object>
    <object>
        <name>ex</name>
        <pose>Unspecified</pose>
        <truncated>0</truncated>
        <difficult>0</difficult>
        <bndbox>
            <xmin>1417</xmin>
            <ymin>1207</ymin>
            <xmax>1459</xmax>
            <ymax>1245</ymax>
        </bndbox>
    </object>
    <object>
        <name>ex</name>
        <pose>Unspecified</pose>
        <truncated>0</truncated>
        <difficult>0</difficult>
        <bndbox>
            <xmin>1431</xmin>
            <ymin>1307</ymin>
            <xmax>1475</xmax>
            <ymax>1369</ymax>
        </bndbox>
    </object>
    <object>
        <name>ex</name>
        <pose>Unspecified</pose>
        <truncated>0</truncated>
        <difficult>0</difficult>
        <bndbox>
            <xmin>1487</xmin>
            <ymin>1237</ymin>
            <xmax>1527</xmax>
            <ymax>1273</ymax>
        </bndbox>
    </object>
    <object>
        <name>ex</name>
        <pose>Unspecified</pose>
        <truncated>0</truncated>
        <difficult>0</difficult>
        <bndbox>
            <xmin>1503</xmin>
            <ymin>1441</ymin>
            <xmax>1509</xmax>
            <ymax>1451</ymax>
        </bndbox>
    </object>
    <object>
        <name>ma</name>
        <pose>Unspecified</pose>
        <truncated>0</truncated>
        <difficult>0</difficult>
        <bndbox>
            <xmin>727</xmin>
            <ymin>1395</ymin>
            <xmax>733</xmax>
            <ymax>1403</ymax>
        </bndbox>
    </object>
    <object>
        <name>ma</name>
        <pose>Unspecified</pose>
        <truncated>0</truncated>
        <difficult>0</difficult>
        <bndbox>
            <xmin>2213</xmin>
            <ymin>1561</ymin>
            <xmax>2233</xmax>
            <ymax>1589</ymax>
        </bndbox>
    </object>
    <object>
        <name>ex</name>
        <pose>Unspecified</pose>
        <truncated>0</truncated>
        <difficult>0</difficult>
        <bndbox>
            <xmin>1367</xmin>
            <ymin>1377</ymin>
            <xmax>1385</xmax>
            <ymax>1399</ymax>
        </bndbox>
    </object>
    <object>
        <name>ex</name>
        <pose>Unspecified</pose>
        <truncated>0</truncated>
        <difficult>0</difficult>
        <bndbox>
            <xmin>1409</xmin>
            <ymin>1369</ymin>
            <xmax>1441</xmax>
            <ymax>1413</ymax>
        </bndbox>
    </object>
    <object>
        <name>ex</name>
        <pose>Unspecified</pose>
        <truncated>0</truncated>
        <difficult>0</difficult>
        <bndbox>
            <xmin>1417</xmin>
            <ymin>1207</ymin>
            <xmax>1459</xmax>
            <ymax>1245</ymax>
        </bndbox>
    </object>
    <object>
        <name>ex</name>
        <pose>Unspecified</pose>
        <truncated>0</truncated>
        <difficult>0</difficult>
        <bndbox>
            <xmin>1431</xmin>
            <ymin>1307</ymin>
            <xmax>1475</xmax>
            <ymax>1369</ymax>
        </bndbox>
    </object>
    <object>
        <name>ex</name>
        <pose>Unspecified</pose>
        <truncated>0</truncated>
        <difficult>0</difficult>
        <bndbox>
            <xmin>1487</xmin>
            <ymin>1237</ymin>
            <xmax>1527</xmax>
            <ymax>1273</ymax>
        </bndbox>
    </object>
    <object>
        <name>ex</name>
        <pose>Unspecified</pose>
        <truncated>0</truncated>
        <difficult>0</difficult>
        <bndbox>
            <xmin>1503</xmin>
            <ymin>1441</ymin>
            <xmax>1509</xmax>
            <ymax>1451</ymax>
        </bndbox>
    </object>
</annotation>