<annotation>
    <folder>OurDataset</folder>
    <filename>007-4815-300.jpg</filename>
    <size>
        <width>2592</width>
        <height>1728</height>
        <depth>3</depth>
    </size>
    <object>
        <name>ex</name>
        <pose>Unspecified</pose>
        <truncated>0</truncated>
        <difficult>0</difficult>
        <bndbox>
            <xmin>1539</xmin>
            <ymin>605</ymin>
            <xmax>1541</xmax>
            <ymax>607</ymax>
        </bndbox>
    </object>
    <object>
        <name>ex</name>
        <pose>Unspecified</pose>
        <truncated>0</truncated>
        <difficult>0</difficult>
        <bndbox>
            <xmin>1541</xmin>
            <ymin>613</ymin>
            <xmax>1545</xmax>
            <ymax>617</ymax>
        </bndbox>
    </object>
    <object>
        <name>ex</name>
        <pose>Unspecified</pose>
        <truncated>0</truncated>
        <difficult>0</difficult>
        <bndbox>
            <xmin>1541</xmin>
            <ymin>621</ymin>
            <xmax>1547</xmax>
            <ymax>629</ymax>
        </bndbox>
    </object>
    <object>
        <name>ex</name>
        <pose>Unspecified</pose>
        <truncated>0</truncated>
        <difficult>0</difficult>
        <bndbox>
            <xmin>1549</xmin>
            <ymin>565</ymin>
            <xmax>1563</xmax>
            <ymax>575</ymax>
        </bndbox>
    </object>
    <object>
        <name>ex</name>
        <pose>Unspecified</pose>
        <truncated>0</truncated>
        <difficult>0</difficult>
        <bndbox>
            <xmin>1557</xmin>
            <ymin>591</ymin>
            <xmax>1559</xmax>
            <ymax>593</ymax>
        </bndbox>
    </object>
    <object>
        <name>ex</name>
        <pose>Unspecified</pose>
        <truncated>0</truncated>
        <difficult>0</difficult>
        <bndbox>
            <xmin>1561</xmin>
            <ymin>611</ymin>
            <xmax>1567</xmax>
            <ymax>617</ymax>
        </bndbox>
    </object>
    <object>
        <name>ex</name>
        <pose>Unspecified</pose>
        <truncated>0</truncated>
        <difficult>0</difficult>
        <bndbox>
            <xmin>1573</xmin>
            <ymin>547</ymin>
            <xmax>1579</xmax>
            <ymax>557</ymax>
        </bndbox>
    </object>
    <object>
        <name>ex</name>
        <pose>Unspecified</pose>
        <truncated>0</truncated>
        <difficult>0</difficult>
        <bndbox>
            <xmin>1573</xmin>
            <ymin>691</ymin>
            <xmax>1583</xmax>
            <ymax>729</ymax>
        </bndbox>
    </object>
    <object>
        <name>ex</name>
        <pose>Unspecified</pose>
        <truncated>0</truncated>
        <difficult>0</difficult>
        <bndbox>
            <xmin>1575</xmin>
            <ymin>671</ymin>
            <xmax>1583</xmax>
            <ymax>683</ymax>
        </bndbox>
    </object>
    <object>
        <name>ex</name>
        <pose>Unspecified</pose>
        <truncated>0</truncated>
        <difficult>0</difficult>
        <bndbox>
            <xmin>1585</xmin>
            <ymin>519</ymin>
            <xmax>1633</xmax>
            <ymax>555</ymax>
        </bndbox>
    </object>
    <object>
        <name>ex</name>
        <pose>Unspecified</pose>
        <truncated>0</truncated>
        <difficult>0</difficult>
        <bndbox>
            <xmin>1593</xmin>
            <ymin>671</ymin>
            <xmax>1613</xmax>
            <ymax>705</ymax>
        </bndbox>
    </object>
    <object>
        <name>ex</name>
        <pose>Unspecified</pose>
        <truncated>0</truncated>
        <difficult>0</difficult>
        <bndbox>
            <xmin>1605</xmin>
            <ymin>653</ymin>
            <xmax>1617</xmax>
            <ymax>671</ymax>
        </bndbox>
    </object>
    <object>
        <name>ex</name>
        <pose>Unspecified</pose>
        <truncated>0</truncated>
        <difficult>0</difficult>
        <bndbox>
            <xmin>1619</xmin>
            <ymin>521</ymin>
            <xmax>1625</xmax>
            <ymax>527</ymax>
        </bndbox>
    </object>
    <object>
        <name>ex</name>
        <pose>Unspecified</pose>
        <truncated>0</truncated>
        <difficult>0</difficult>
        <bndbox>
            <xmin>1633</xmin>
            <ymin>515</ymin>
            <xmax>1637</xmax>
            <ymax>519</ymax>
        </bndbox>
    </object>
    <object>
        <name>ex</name>
        <pose>Unspecified</pose>
        <truncated>0</truncated>
        <difficult>0</difficult>
        <bndbox>
            <xmin>1653</xmin>
            <ymin>521</ymin>
            <xmax>1655</xmax>
            <ymax>525</ymax>
        </bndbox>
    </object>
    <object>
        <name>se</name>
        <pose>Unspecified</pose>
        <truncated>0</truncated>
        <difficult>0</difficult>
        <bndbox>
            <xmin>1137</xmin>
            <ymin>591</ymin>
            <xmax>1195</xmax>
            <ymax>651</ymax>
        </bndbox>
    </object>
    <object>
        <name>he</name>
        <pose>Unspecified</pose>
        <truncated>0</truncated>
        <difficult>0</difficult>
        <bndbox>
            <xmin>1275</xmin>
            <ymin>487</ymin>
            <xmax>1283</xmax>
            <ymax>495</ymax>
        </bndbox>
    </object>
    <object>
        <name>he</name>
        <pose>Unspecified</pose>
        <truncated>0</truncated>
        <difficult>0</difficult>
        <bndbox>
            <xmin>1297</xmin>
            <ymin>473</ymin>
            <xmax>1313</xmax>
            <ymax>481</ymax>
        </bndbox>
    </object>
    <object>
        <name>he</name>
        <pose>Unspecified</pose>
        <truncated>0</truncated>
        <difficult>0</difficult>
        <bndbox>
            <xmin>1579</xmin>
            <ymin>433</ymin>
            <xmax>1599</xmax>
            <ymax>451</ymax>
        </bndbox>
    </object>
    <object>
        <name>he</name>
        <pose>Unspecified</pose>
        <truncated>0</truncated>
        <difficult>0</difficult>
        <bndbox>
            <xmin>1649</xmin>
            <ymin>375</ymin>
            <xmax>1733</xmax>
            <ymax>419</ymax>
        </bndbox>
    </object>
    <object>
        <name>ex</name>
        <pose>Unspecified</pose>
        <truncated>0</truncated>
        <difficult>0</difficult>
        <bndbox>
            <xmin>1539</xmin>
            <ymin>605</ymin>
            <xmax>1541</xmax>
            <ymax>607</ymax>
        </bndbox>
    </object>
    <object>
        <name>ex</name>
        <pose>Unspecified</pose>
        <truncated>0</truncated>
        <difficult>0</difficult>
        <bndbox>
            <xmin>1541</xmin>
            <ymin>613</ymin>
            <xmax>1545</xmax>
            <ymax>617</ymax>
        </bndbox>
    </object>
    <object>
        <name>ex</name>
        <pose>Unspecified</pose>
        <truncated>0</truncated>
        <difficult>0</difficult>
        <bndbox>
            <xmin>1541</xmin>
            <ymin>621</ymin>
            <xmax>1547</xmax>
            <ymax>629</ymax>
        </bndbox>
    </object>
    <object>
        <name>ex</name>
        <pose>Unspecified</pose>
        <truncated>0</truncated>
        <difficult>0</difficult>
        <bndbox>
            <xmin>1549</xmin>
            <ymin>565</ymin>
            <xmax>1563</xmax>
            <ymax>575</ymax>
        </bndbox>
    </object>
    <object>
        <name>ex</name>
        <pose>Unspecified</pose>
        <truncated>0</truncated>
        <difficult>0</difficult>
        <bndbox>
            <xmin>1557</xmin>
            <ymin>591</ymin>
            <xmax>1559</xmax>
            <ymax>593</ymax>
        </bndbox>
    </object>
    <object>
        <name>ex</name>
        <pose>Unspecified</pose>
        <truncated>0</truncated>
        <difficult>0</difficult>
        <bndbox>
            <xmin>1561</xmin>
            <ymin>611</ymin>
            <xmax>1567</xmax>
            <ymax>617</ymax>
        </bndbox>
    </object>
    <object>
        <name>ex</name>
        <pose>Unspecified</pose>
        <truncated>0</truncated>
        <difficult>0</difficult>
        <bndbox>
            <xmin>1573</xmin>
            <ymin>547</ymin>
            <xmax>1579</xmax>
            <ymax>557</ymax>
        </bndbox>
    </object>
    <object>
        <name>ex</name>
        <pose>Unspecified</pose>
        <truncated>0</truncated>
        <difficult>0</difficult>
        <bndbox>
            <xmin>1573</xmin>
            <ymin>691</ymin>
            <xmax>1583</xmax>
            <ymax>729</ymax>
        </bndbox>
    </object>
    <object>
        <name>ex</name>
        <pose>Unspecified</pose>
        <truncated>0</truncated>
        <difficult>0</difficult>
        <bndbox>
            <xmin>1575</xmin>
            <ymin>671</ymin>
            <xmax>1583</xmax>
            <ymax>683</ymax>
        </bndbox>
    </object>
    <object>
        <name>ex</name>
        <pose>Unspecified</pose>
        <truncated>0</truncated>
        <difficult>0</difficult>
        <bndbox>
            <xmin>1585</xmin>
            <ymin>519</ymin>
            <xmax>1633</xmax>
            <ymax>555</ymax>
        </bndbox>
    </object>
    <object>
        <name>ex</name>
        <pose>Unspecified</pose>
        <truncated>0</truncated>
        <difficult>0</difficult>
        <bndbox>
            <xmin>1593</xmin>
            <ymin>671</ymin>
            <xmax>1613</xmax>
            <ymax>705</ymax>
        </bndbox>
    </object>
    <object>
        <name>ex</name>
        <pose>Unspecified</pose>
        <truncated>0</truncated>
        <difficult>0</difficult>
        <bndbox>
            <xmin>1605</xmin>
            <ymin>653</ymin>
            <xmax>1617</xmax>
            <ymax>671</ymax>
        </bndbox>
    </object>
    <object>
        <name>ex</name>
        <pose>Unspecified</pose>
        <truncated>0</truncated>
        <difficult>0</difficult>
        <bndbox>
            <xmin>1619</xmin>
            <ymin>521</ymin>
            <xmax>1625</xmax>
            <ymax>527</ymax>
        </bndbox>
    </object>
    <object>
        <name>ex</name>
        <pose>Unspecified</pose>
        <truncated>0</truncated>
        <difficult>0</difficult>
        <bndbox>
            <xmin>1633</xmin>
            <ymin>515</ymin>
            <xmax>1637</xmax>
            <ymax>519</ymax>
        </bndbox>
    </object>
    <object>
        <name>ex</name>
        <pose>Unspecified</pose>
        <truncated>0</truncated>
        <difficult>0</difficult>
        <bndbox>
            <xmin>1653</xmin>
            <ymin>521</ymin>
            <xmax>1655</xmax>
            <ymax>525</ymax>
        </bndbox>
    </object>
    <object>
        <name>se</name>
        <pose>Unspecified</pose>
        <truncated>0</truncated>
        <difficult>0</difficult>
        <bndbox>
            <xmin>1137</xmin>
            <ymin>591</ymin>
            <xmax>1195</xmax>
            <ymax>651</ymax>
        </bndbox>
    </object>
    <object>
        <name>he</name>
        <pose>Unspecified</pose>
        <truncated>0</truncated>
        <difficult>0</difficult>
        <bndbox>
            <xmin>1275</xmin>
            <ymin>487</ymin>
            <xmax>1283</xmax>
            <ymax>495</ymax>
        </bndbox>
    </object>
    <object>
        <name>he</name>
        <pose>Unspecified</pose>
        <truncated>0</truncated>
        <difficult>0</difficult>
        <bndbox>
            <xmin>1297</xmin>
            <ymin>473</ymin>
            <xmax>1313</xmax>
            <ymax>481</ymax>
        </bndbox>
    </object>
    <object>
        <name>he</name>
        <pose>Unspecified</pose>
        <truncated>0</truncated>
        <difficult>0</difficult>
        <bndbox>
            <xmin>1579</xmin>
            <ymin>433</ymin>
            <xmax>1599</xmax>
            <ymax>451</ymax>
        </bndbox>
    </object>
    <object>
        <name>he</name>
        <pose>Unspecified</pose>
        <truncated>0</truncated>
        <difficult>0</difficult>
        <bndbox>
            <xmin>1649</xmin>
            <ymin>375</ymin>
            <xmax>1733</xmax>
            <ymax>419</ymax>
        </bndbox>
    </object>
    <object>
        <name>ex</name>
        <pose>Unspecified</pose>
        <truncated>0</truncated>
        <difficult>0</difficult>
        <bndbox>
            <xmin>1539</xmin>
            <ymin>605</ymin>
            <xmax>1541</xmax>
            <ymax>607</ymax>
        </bndbox>
    </object>
    <object>
        <name>ex</name>
        <pose>Unspecified</pose>
        <truncated>0</truncated>
        <difficult>0</difficult>
        <bndbox>
            <xmin>1541</xmin>
            <ymin>613</ymin>
            <xmax>1545</xmax>
            <ymax>617</ymax>
        </bndbox>
    </object>
    <object>
        <name>ex</name>
        <pose>Unspecified</pose>
        <truncated>0</truncated>
        <difficult>0</difficult>
        <bndbox>
            <xmin>1541</xmin>
            <ymin>621</ymin>
            <xmax>1547</xmax>
            <ymax>629</ymax>
        </bndbox>
    </object>
    <object>
        <name>ex</name>
        <pose>Unspecified</pose>
        <truncated>0</truncated>
        <difficult>0</difficult>
        <bndbox>
            <xmin>1549</xmin>
            <ymin>565</ymin>
            <xmax>1563</xmax>
            <ymax>575</ymax>
        </bndbox>
    </object>
    <object>
        <name>ex</name>
        <pose>Unspecified</pose>
        <truncated>0</truncated>
        <difficult>0</difficult>
        <bndbox>
            <xmin>1557</xmin>
            <ymin>591</ymin>
            <xmax>1559</xmax>
            <ymax>593</ymax>
        </bndbox>
    </object>
    <object>
        <name>ex</name>
        <pose>Unspecified</pose>
        <truncated>0</truncated>
        <difficult>0</difficult>
        <bndbox>
            <xmin>1561</xmin>
            <ymin>611</ymin>
            <xmax>1567</xmax>
            <ymax>617</ymax>
        </bndbox>
    </object>
    <object>
        <name>ex</name>
        <pose>Unspecified</pose>
        <truncated>0</truncated>
        <difficult>0</difficult>
        <bndbox>
            <xmin>1573</xmin>
            <ymin>547</ymin>
            <xmax>1579</xmax>
            <ymax>557</ymax>
        </bndbox>
    </object>
    <object>
        <name>ex</name>
        <pose>Unspecified</pose>
        <truncated>0</truncated>
        <difficult>0</difficult>
        <bndbox>
            <xmin>1573</xmin>
            <ymin>691</ymin>
            <xmax>1583</xmax>
            <ymax>729</ymax>
        </bndbox>
    </object>
    <object>
        <name>ex</name>
        <pose>Unspecified</pose>
        <truncated>0</truncated>
        <difficult>0</difficult>
        <bndbox>
            <xmin>1575</xmin>
            <ymin>671</ymin>
            <xmax>1583</xmax>
            <ymax>683</ymax>
        </bndbox>
    </object>
    <object>
        <name>ex</name>
        <pose>Unspecified</pose>
        <truncated>0</truncated>
        <difficult>0</difficult>
        <bndbox>
            <xmin>1585</xmin>
            <ymin>519</ymin>
            <xmax>1633</xmax>
            <ymax>555</ymax>
        </bndbox>
    </object>
    <object>
        <name>ex</name>
        <pose>Unspecified</pose>
        <truncated>0</truncated>
        <difficult>0</difficult>
        <bndbox>
            <xmin>1593</xmin>
            <ymin>671</ymin>
            <xmax>1613</xmax>
            <ymax>705</ymax>
        </bndbox>
    </object>
    <object>
        <name>ex</name>
        <pose>Unspecified</pose>
        <truncated>0</truncated>
        <difficult>0</difficult>
        <bndbox>
            <xmin>1605</xmin>
            <ymin>653</ymin>
            <xmax>1617</xmax>
            <ymax>671</ymax>
        </bndbox>
    </object>
    <object>
        <name>ex</name>
        <pose>Unspecified</pose>
        <truncated>0</truncated>
        <difficult>0</difficult>
        <bndbox>
            <xmin>1619</xmin>
            <ymin>521</ymin>
            <xmax>1625</xmax>
            <ymax>527</ymax>
        </bndbox>
    </object>
    <object>
        <name>ex</name>
        <pose>Unspecified</pose>
        <truncated>0</truncated>
        <difficult>0</difficult>
        <bndbox>
            <xmin>1633</xmin>
            <ymin>515</ymin>
            <xmax>1637</xmax>
            <ymax>519</ymax>
        </bndbox>
    </object>
    <object>
        <name>ex</name>
        <pose>Unspecified</pose>
        <truncated>0</truncated>
        <difficult>0</difficult>
        <bndbox>
            <xmin>1653</xmin>
            <ymin>521</ymin>
            <xmax>1655</xmax>
            <ymax>525</ymax>
        </bndbox>
    </object>
</annotation>