<annotation>
    <folder>OurDataset</folder>
    <filename>007-6674-400.jpg</filename>
    <size>
        <width>1380</width>
        <height>1382</height>
        <depth>3</depth>
    </size>
    <object>
        <name>ex</name>
        <pose>Unspecified</pose>
        <truncated>0</truncated>
        <difficult>0</difficult>
        <bndbox>
            <xmin>44</xmin>
            <ymin>526</ymin>
            <xmax>59</xmax>
            <ymax>538</ymax>
        </bndbox>
    </object>
    <object>
        <name>ex</name>
        <pose>Unspecified</pose>
        <truncated>0</truncated>
        <difficult>0</difficult>
        <bndbox>
            <xmin>810</xmin>
            <ymin>247</ymin>
            <xmax>821</xmax>
            <ymax>256</ymax>
        </bndbox>
    </object>
    <object>
        <name>ex</name>
        <pose>Unspecified</pose>
        <truncated>0</truncated>
        <difficult>0</difficult>
        <bndbox>
            <xmin>1166</xmin>
            <ymin>429</ymin>
            <xmax>1174</xmax>
            <ymax>434</ymax>
        </bndbox>
    </object>
    <object>
        <name>ex</name>
        <pose>Unspecified</pose>
        <truncated>0</truncated>
        <difficult>0</difficult>
        <bndbox>
            <xmin>1181</xmin>
            <ymin>426</ymin>
            <xmax>1196</xmax>
            <ymax>438</ymax>
        </bndbox>
    </object>
    <object>
        <name>ex</name>
        <pose>Unspecified</pose>
        <truncated>0</truncated>
        <difficult>0</difficult>
        <bndbox>
            <xmin>1187</xmin>
            <ymin>484</ymin>
            <xmax>1190</xmax>
            <ymax>488</ymax>
        </bndbox>
    </object>
    <object>
        <name>ex</name>
        <pose>Unspecified</pose>
        <truncated>0</truncated>
        <difficult>0</difficult>
        <bndbox>
            <xmin>1191</xmin>
            <ymin>474</ymin>
            <xmax>1203</xmax>
            <ymax>489</ymax>
        </bndbox>
    </object>
    <object>
        <name>ex</name>
        <pose>Unspecified</pose>
        <truncated>0</truncated>
        <difficult>0</difficult>
        <bndbox>
            <xmin>1194</xmin>
            <ymin>644</ymin>
            <xmax>1205</xmax>
            <ymax>653</ymax>
        </bndbox>
    </object>
    <object>
        <name>ex</name>
        <pose>Unspecified</pose>
        <truncated>0</truncated>
        <difficult>0</difficult>
        <bndbox>
            <xmin>1198</xmin>
            <ymin>449</ymin>
            <xmax>1200</xmax>
            <ymax>450</ymax>
        </bndbox>
    </object>
    <object>
        <name>ex</name>
        <pose>Unspecified</pose>
        <truncated>0</truncated>
        <difficult>0</difficult>
        <bndbox>
            <xmin>1200</xmin>
            <ymin>472</ymin>
            <xmax>1202</xmax>
            <ymax>474</ymax>
        </bndbox>
    </object>
    <object>
        <name>ex</name>
        <pose>Unspecified</pose>
        <truncated>0</truncated>
        <difficult>0</difficult>
        <bndbox>
            <xmin>1208</xmin>
            <ymin>488</ymin>
            <xmax>1211</xmax>
            <ymax>492</ymax>
        </bndbox>
    </object>
    <object>
        <name>ex</name>
        <pose>Unspecified</pose>
        <truncated>0</truncated>
        <difficult>0</difficult>
        <bndbox>
            <xmin>1210</xmin>
            <ymin>608</ymin>
            <xmax>1217</xmax>
            <ymax>616</ymax>
        </bndbox>
    </object>
    <object>
        <name>ex</name>
        <pose>Unspecified</pose>
        <truncated>0</truncated>
        <difficult>0</difficult>
        <bndbox>
            <xmin>1215</xmin>
            <ymin>453</ymin>
            <xmax>1224</xmax>
            <ymax>465</ymax>
        </bndbox>
    </object>
    <object>
        <name>ex</name>
        <pose>Unspecified</pose>
        <truncated>0</truncated>
        <difficult>0</difficult>
        <bndbox>
            <xmin>1217</xmin>
            <ymin>427</ymin>
            <xmax>1233</xmax>
            <ymax>446</ymax>
        </bndbox>
    </object>
    <object>
        <name>ex</name>
        <pose>Unspecified</pose>
        <truncated>0</truncated>
        <difficult>0</difficult>
        <bndbox>
            <xmin>1223</xmin>
            <ymin>629</ymin>
            <xmax>1235</xmax>
            <ymax>639</ymax>
        </bndbox>
    </object>
    <object>
        <name>ma</name>
        <pose>Unspecified</pose>
        <truncated>0</truncated>
        <difficult>0</difficult>
        <bndbox>
            <xmin>142</xmin>
            <ymin>643</ymin>
            <xmax>150</xmax>
            <ymax>651</ymax>
        </bndbox>
    </object>
    <object>
        <name>ma</name>
        <pose>Unspecified</pose>
        <truncated>0</truncated>
        <difficult>0</difficult>
        <bndbox>
            <xmin>156</xmin>
            <ymin>384</ymin>
            <xmax>163</xmax>
            <ymax>391</ymax>
        </bndbox>
    </object>
    <object>
        <name>ma</name>
        <pose>Unspecified</pose>
        <truncated>0</truncated>
        <difficult>0</difficult>
        <bndbox>
            <xmin>876</xmin>
            <ymin>355</ymin>
            <xmax>883</xmax>
            <ymax>361</ymax>
        </bndbox>
    </object>
    <object>
        <name>ma</name>
        <pose>Unspecified</pose>
        <truncated>0</truncated>
        <difficult>0</difficult>
        <bndbox>
            <xmin>893</xmin>
            <ymin>382</ymin>
            <xmax>902</xmax>
            <ymax>395</ymax>
        </bndbox>
    </object>
    <object>
        <name>ma</name>
        <pose>Unspecified</pose>
        <truncated>0</truncated>
        <difficult>0</difficult>
        <bndbox>
            <xmin>932</xmin>
            <ymin>823</ymin>
            <xmax>938</xmax>
            <ymax>828</ymax>
        </bndbox>
    </object>
    <object>
        <name>ma</name>
        <pose>Unspecified</pose>
        <truncated>0</truncated>
        <difficult>0</difficult>
        <bndbox>
            <xmin>940</xmin>
            <ymin>830</ymin>
            <xmax>946</xmax>
            <ymax>838</ymax>
        </bndbox>
    </object>
    <object>
        <name>ma</name>
        <pose>Unspecified</pose>
        <truncated>0</truncated>
        <difficult>0</difficult>
        <bndbox>
            <xmin>1006</xmin>
            <ymin>867</ymin>
            <xmax>1014</xmax>
            <ymax>877</ymax>
        </bndbox>
    </object>
    <object>
        <name>ma</name>
        <pose>Unspecified</pose>
        <truncated>0</truncated>
        <difficult>0</difficult>
        <bndbox>
            <xmin>1023</xmin>
            <ymin>1036</ymin>
            <xmax>1030</xmax>
            <ymax>1044</ymax>
        </bndbox>
    </object>
    <object>
        <name>ma</name>
        <pose>Unspecified</pose>
        <truncated>0</truncated>
        <difficult>0</difficult>
        <bndbox>
            <xmin>1065</xmin>
            <ymin>1034</ymin>
            <xmax>1077</xmax>
            <ymax>1044</ymax>
        </bndbox>
    </object>
    <object>
        <name>ma</name>
        <pose>Unspecified</pose>
        <truncated>0</truncated>
        <difficult>0</difficult>
        <bndbox>
            <xmin>1123</xmin>
            <ymin>587</ymin>
            <xmax>1134</xmax>
            <ymax>598</ymax>
        </bndbox>
    </object>
    <object>
        <name>ma</name>
        <pose>Unspecified</pose>
        <truncated>0</truncated>
        <difficult>0</difficult>
        <bndbox>
            <xmin>1162</xmin>
            <ymin>832</ymin>
            <xmax>1167</xmax>
            <ymax>839</ymax>
        </bndbox>
    </object>
    <object>
        <name>ma</name>
        <pose>Unspecified</pose>
        <truncated>0</truncated>
        <difficult>0</difficult>
        <bndbox>
            <xmin>1167</xmin>
            <ymin>441</ymin>
            <xmax>1171</xmax>
            <ymax>449</ymax>
        </bndbox>
    </object>
    <object>
        <name>ma</name>
        <pose>Unspecified</pose>
        <truncated>0</truncated>
        <difficult>0</difficult>
        <bndbox>
            <xmin>1170</xmin>
            <ymin>1139</ymin>
            <xmax>1179</xmax>
            <ymax>1148</ymax>
        </bndbox>
    </object>
    <object>
        <name>ma</name>
        <pose>Unspecified</pose>
        <truncated>0</truncated>
        <difficult>0</difficult>
        <bndbox>
            <xmin>1183</xmin>
            <ymin>688</ymin>
            <xmax>1198</xmax>
            <ymax>702</ymax>
        </bndbox>
    </object>
    <object>
        <name>ma</name>
        <pose>Unspecified</pose>
        <truncated>0</truncated>
        <difficult>0</difficult>
        <bndbox>
            <xmin>1248</xmin>
            <ymin>509</ymin>
            <xmax>1255</xmax>
            <ymax>517</ymax>
        </bndbox>
    </object>
    <object>
        <name>ma</name>
        <pose>Unspecified</pose>
        <truncated>0</truncated>
        <difficult>0</difficult>
        <bndbox>
            <xmin>1248</xmin>
            <ymin>540</ymin>
            <xmax>1255</xmax>
            <ymax>548</ymax>
        </bndbox>
    </object>
    <object>
        <name>ma</name>
        <pose>Unspecified</pose>
        <truncated>0</truncated>
        <difficult>0</difficult>
        <bndbox>
            <xmin>1275</xmin>
            <ymin>628</ymin>
            <xmax>1286</xmax>
            <ymax>637</ymax>
        </bndbox>
    </object>
    <object>
        <name>ma</name>
        <pose>Unspecified</pose>
        <truncated>0</truncated>
        <difficult>0</difficult>
        <bndbox>
            <xmin>1287</xmin>
            <ymin>419</ymin>
            <xmax>1296</xmax>
            <ymax>425</ymax>
        </bndbox>
    </object>
    <object>
        <name>ma</name>
        <pose>Unspecified</pose>
        <truncated>0</truncated>
        <difficult>0</difficult>
        <bndbox>
            <xmin>1290</xmin>
            <ymin>592</ymin>
            <xmax>1294</xmax>
            <ymax>598</ymax>
        </bndbox>
    </object>
    <object>
        <name>he</name>
        <pose>Unspecified</pose>
        <truncated>0</truncated>
        <difficult>0</difficult>
        <bndbox>
            <xmin>173</xmin>
            <ymin>750</ymin>
            <xmax>221</xmax>
            <ymax>785</ymax>
        </bndbox>
    </object>
    <object>
        <name>he</name>
        <pose>Unspecified</pose>
        <truncated>0</truncated>
        <difficult>0</difficult>
        <bndbox>
            <xmin>207</xmin>
            <ymin>748</ymin>
            <xmax>210</xmax>
            <ymax>749</ymax>
        </bndbox>
    </object>
    <object>
        <name>he</name>
        <pose>Unspecified</pose>
        <truncated>0</truncated>
        <difficult>0</difficult>
        <bndbox>
            <xmin>595</xmin>
            <ymin>25</ymin>
            <xmax>1209</xmax>
            <ymax>383</ymax>
        </bndbox>
    </object>
    <object>
        <name>he</name>
        <pose>Unspecified</pose>
        <truncated>0</truncated>
        <difficult>0</difficult>
        <bndbox>
            <xmin>610</xmin>
            <ymin>12</ymin>
            <xmax>657</xmax>
            <ymax>63</ymax>
        </bndbox>
    </object>
    <object>
        <name>he</name>
        <pose>Unspecified</pose>
        <truncated>0</truncated>
        <difficult>0</difficult>
        <bndbox>
            <xmin>732</xmin>
            <ymin>605</ymin>
            <xmax>742</xmax>
            <ymax>621</ymax>
        </bndbox>
    </object>
    <object>
        <name>he</name>
        <pose>Unspecified</pose>
        <truncated>0</truncated>
        <difficult>0</difficult>
        <bndbox>
            <xmin>867</xmin>
            <ymin>710</ymin>
            <xmax>882</xmax>
            <ymax>719</ymax>
        </bndbox>
    </object>
    <object>
        <name>he</name>
        <pose>Unspecified</pose>
        <truncated>0</truncated>
        <difficult>0</difficult>
        <bndbox>
            <xmin>975</xmin>
            <ymin>661</ymin>
            <xmax>989</xmax>
            <ymax>679</ymax>
        </bndbox>
    </object>
    <object>
        <name>he</name>
        <pose>Unspecified</pose>
        <truncated>0</truncated>
        <difficult>0</difficult>
        <bndbox>
            <xmin>1014</xmin>
            <ymin>355</ymin>
            <xmax>1034</xmax>
            <ymax>365</ymax>
        </bndbox>
    </object>
    <object>
        <name>he</name>
        <pose>Unspecified</pose>
        <truncated>0</truncated>
        <difficult>0</difficult>
        <bndbox>
            <xmin>1020</xmin>
            <ymin>465</ymin>
            <xmax>1029</xmax>
            <ymax>481</ymax>
        </bndbox>
    </object>
    <object>
        <name>he</name>
        <pose>Unspecified</pose>
        <truncated>0</truncated>
        <difficult>0</difficult>
        <bndbox>
            <xmin>1029</xmin>
            <ymin>827</ymin>
            <xmax>1053</xmax>
            <ymax>843</ymax>
        </bndbox>
    </object>
    <object>
        <name>he</name>
        <pose>Unspecified</pose>
        <truncated>0</truncated>
        <difficult>0</difficult>
        <bndbox>
            <xmin>1039</xmin>
            <ymin>429</ymin>
            <xmax>1050</xmax>
            <ymax>440</ymax>
        </bndbox>
    </object>
    <object>
        <name>he</name>
        <pose>Unspecified</pose>
        <truncated>0</truncated>
        <difficult>0</difficult>
        <bndbox>
            <xmin>1051</xmin>
            <ymin>435</ymin>
            <xmax>1061</xmax>
            <ymax>446</ymax>
        </bndbox>
    </object>
    <object>
        <name>he</name>
        <pose>Unspecified</pose>
        <truncated>0</truncated>
        <difficult>0</difficult>
        <bndbox>
            <xmin>1055</xmin>
            <ymin>415</ymin>
            <xmax>1066</xmax>
            <ymax>427</ymax>
        </bndbox>
    </object>
    <object>
        <name>he</name>
        <pose>Unspecified</pose>
        <truncated>0</truncated>
        <difficult>0</difficult>
        <bndbox>
            <xmin>1140</xmin>
            <ymin>1100</ymin>
            <xmax>1178</xmax>
            <ymax>1125</ymax>
        </bndbox>
    </object>
    <object>
        <name>he</name>
        <pose>Unspecified</pose>
        <truncated>0</truncated>
        <difficult>0</difficult>
        <bndbox>
            <xmin>1198</xmin>
            <ymin>979</ymin>
            <xmax>1228</xmax>
            <ymax>999</ymax>
        </bndbox>
    </object>
    <object>
        <name>he</name>
        <pose>Unspecified</pose>
        <truncated>0</truncated>
        <difficult>0</difficult>
        <bndbox>
            <xmin>1222</xmin>
            <ymin>897</ymin>
            <xmax>1241</xmax>
            <ymax>920</ymax>
        </bndbox>
    </object>
    <object>
        <name>he</name>
        <pose>Unspecified</pose>
        <truncated>0</truncated>
        <difficult>0</difficult>
        <bndbox>
            <xmin>1231</xmin>
            <ymin>404</ymin>
            <xmax>1239</xmax>
            <ymax>415</ymax>
        </bndbox>
    </object>
    <object>
        <name>he</name>
        <pose>Unspecified</pose>
        <truncated>0</truncated>
        <difficult>0</difficult>
        <bndbox>
            <xmin>1240</xmin>
            <ymin>414</ymin>
            <xmax>1252</xmax>
            <ymax>425</ymax>
        </bndbox>
    </object>
    <object>
        <name>he</name>
        <pose>Unspecified</pose>
        <truncated>0</truncated>
        <difficult>0</difficult>
        <bndbox>
            <xmin>1263</xmin>
            <ymin>375</ymin>
            <xmax>1290</xmax>
            <ymax>399</ymax>
        </bndbox>
    </object>
    <object>
        <name>he</name>
        <pose>Unspecified</pose>
        <truncated>0</truncated>
        <difficult>0</difficult>
        <bndbox>
            <xmin>1292</xmin>
            <ymin>434</ymin>
            <xmax>1321</xmax>
            <ymax>464</ymax>
        </bndbox>
    </object>
    <object>
        <name>ex</name>
        <pose>Unspecified</pose>
        <truncated>0</truncated>
        <difficult>0</difficult>
        <bndbox>
            <xmin>44</xmin>
            <ymin>526</ymin>
            <xmax>59</xmax>
            <ymax>538</ymax>
        </bndbox>
    </object>
    <object>
        <name>ex</name>
        <pose>Unspecified</pose>
        <truncated>0</truncated>
        <difficult>0</difficult>
        <bndbox>
            <xmin>810</xmin>
            <ymin>247</ymin>
            <xmax>821</xmax>
            <ymax>256</ymax>
        </bndbox>
    </object>
    <object>
        <name>ex</name>
        <pose>Unspecified</pose>
        <truncated>0</truncated>
        <difficult>0</difficult>
        <bndbox>
            <xmin>1166</xmin>
            <ymin>429</ymin>
            <xmax>1174</xmax>
            <ymax>434</ymax>
        </bndbox>
    </object>
    <object>
        <name>ex</name>
        <pose>Unspecified</pose>
        <truncated>0</truncated>
        <difficult>0</difficult>
        <bndbox>
            <xmin>1181</xmin>
            <ymin>426</ymin>
            <xmax>1196</xmax>
            <ymax>438</ymax>
        </bndbox>
    </object>
    <object>
        <name>ex</name>
        <pose>Unspecified</pose>
        <truncated>0</truncated>
        <difficult>0</difficult>
        <bndbox>
            <xmin>1187</xmin>
            <ymin>484</ymin>
            <xmax>1190</xmax>
            <ymax>488</ymax>
        </bndbox>
    </object>
    <object>
        <name>ex</name>
        <pose>Unspecified</pose>
        <truncated>0</truncated>
        <difficult>0</difficult>
        <bndbox>
            <xmin>1191</xmin>
            <ymin>474</ymin>
            <xmax>1203</xmax>
            <ymax>489</ymax>
        </bndbox>
    </object>
    <object>
        <name>ex</name>
        <pose>Unspecified</pose>
        <truncated>0</truncated>
        <difficult>0</difficult>
        <bndbox>
            <xmin>1194</xmin>
            <ymin>644</ymin>
            <xmax>1205</xmax>
            <ymax>653</ymax>
        </bndbox>
    </object>
    <object>
        <name>ex</name>
        <pose>Unspecified</pose>
        <truncated>0</truncated>
        <difficult>0</difficult>
        <bndbox>
            <xmin>1198</xmin>
            <ymin>449</ymin>
            <xmax>1200</xmax>
            <ymax>450</ymax>
        </bndbox>
    </object>
    <object>
        <name>ex</name>
        <pose>Unspecified</pose>
        <truncated>0</truncated>
        <difficult>0</difficult>
        <bndbox>
            <xmin>1200</xmin>
            <ymin>472</ymin>
            <xmax>1202</xmax>
            <ymax>474</ymax>
        </bndbox>
    </object>
    <object>
        <name>ex</name>
        <pose>Unspecified</pose>
        <truncated>0</truncated>
        <difficult>0</difficult>
        <bndbox>
            <xmin>1208</xmin>
            <ymin>488</ymin>
            <xmax>1211</xmax>
            <ymax>492</ymax>
        </bndbox>
    </object>
    <object>
        <name>ex</name>
        <pose>Unspecified</pose>
        <truncated>0</truncated>
        <difficult>0</difficult>
        <bndbox>
            <xmin>1210</xmin>
            <ymin>608</ymin>
            <xmax>1217</xmax>
            <ymax>616</ymax>
        </bndbox>
    </object>
    <object>
        <name>ex</name>
        <pose>Unspecified</pose>
        <truncated>0</truncated>
        <difficult>0</difficult>
        <bndbox>
            <xmin>1215</xmin>
            <ymin>453</ymin>
            <xmax>1224</xmax>
            <ymax>465</ymax>
        </bndbox>
    </object>
    <object>
        <name>ex</name>
        <pose>Unspecified</pose>
        <truncated>0</truncated>
        <difficult>0</difficult>
        <bndbox>
            <xmin>1217</xmin>
            <ymin>427</ymin>
            <xmax>1233</xmax>
            <ymax>446</ymax>
        </bndbox>
    </object>
    <object>
        <name>ex</name>
        <pose>Unspecified</pose>
        <truncated>0</truncated>
        <difficult>0</difficult>
        <bndbox>
            <xmin>1223</xmin>
            <ymin>629</ymin>
            <xmax>1235</xmax>
            <ymax>639</ymax>
        </bndbox>
    </object>
    <object>
        <name>ma</name>
        <pose>Unspecified</pose>
        <truncated>0</truncated>
        <difficult>0</difficult>
        <bndbox>
            <xmin>142</xmin>
            <ymin>643</ymin>
            <xmax>150</xmax>
            <ymax>651</ymax>
        </bndbox>
    </object>
    <object>
        <name>ma</name>
        <pose>Unspecified</pose>
        <truncated>0</truncated>
        <difficult>0</difficult>
        <bndbox>
            <xmin>156</xmin>
            <ymin>384</ymin>
            <xmax>163</xmax>
            <ymax>391</ymax>
        </bndbox>
    </object>
    <object>
        <name>ma</name>
        <pose>Unspecified</pose>
        <truncated>0</truncated>
        <difficult>0</difficult>
        <bndbox>
            <xmin>876</xmin>
            <ymin>355</ymin>
            <xmax>883</xmax>
            <ymax>361</ymax>
        </bndbox>
    </object>
    <object>
        <name>ma</name>
        <pose>Unspecified</pose>
        <truncated>0</truncated>
        <difficult>0</difficult>
        <bndbox>
            <xmin>893</xmin>
            <ymin>382</ymin>
            <xmax>902</xmax>
            <ymax>395</ymax>
        </bndbox>
    </object>
    <object>
        <name>ma</name>
        <pose>Unspecified</pose>
        <truncated>0</truncated>
        <difficult>0</difficult>
        <bndbox>
            <xmin>932</xmin>
            <ymin>823</ymin>
            <xmax>938</xmax>
            <ymax>828</ymax>
        </bndbox>
    </object>
    <object>
        <name>ma</name>
        <pose>Unspecified</pose>
        <truncated>0</truncated>
        <difficult>0</difficult>
        <bndbox>
            <xmin>940</xmin>
            <ymin>830</ymin>
            <xmax>946</xmax>
            <ymax>838</ymax>
        </bndbox>
    </object>
    <object>
        <name>ma</name>
        <pose>Unspecified</pose>
        <truncated>0</truncated>
        <difficult>0</difficult>
        <bndbox>
            <xmin>1006</xmin>
            <ymin>867</ymin>
            <xmax>1014</xmax>
            <ymax>877</ymax>
        </bndbox>
    </object>
    <object>
        <name>ma</name>
        <pose>Unspecified</pose>
        <truncated>0</truncated>
        <difficult>0</difficult>
        <bndbox>
            <xmin>1023</xmin>
            <ymin>1036</ymin>
            <xmax>1030</xmax>
            <ymax>1044</ymax>
        </bndbox>
    </object>
    <object>
        <name>ma</name>
        <pose>Unspecified</pose>
        <truncated>0</truncated>
        <difficult>0</difficult>
        <bndbox>
            <xmin>1065</xmin>
            <ymin>1034</ymin>
            <xmax>1077</xmax>
            <ymax>1044</ymax>
        </bndbox>
    </object>
    <object>
        <name>ma</name>
        <pose>Unspecified</pose>
        <truncated>0</truncated>
        <difficult>0</difficult>
        <bndbox>
            <xmin>1123</xmin>
            <ymin>587</ymin>
            <xmax>1134</xmax>
            <ymax>598</ymax>
        </bndbox>
    </object>
    <object>
        <name>ma</name>
        <pose>Unspecified</pose>
        <truncated>0</truncated>
        <difficult>0</difficult>
        <bndbox>
            <xmin>1162</xmin>
            <ymin>832</ymin>
            <xmax>1167</xmax>
            <ymax>839</ymax>
        </bndbox>
    </object>
    <object>
        <name>ma</name>
        <pose>Unspecified</pose>
        <truncated>0</truncated>
        <difficult>0</difficult>
        <bndbox>
            <xmin>1167</xmin>
            <ymin>441</ymin>
            <xmax>1171</xmax>
            <ymax>449</ymax>
        </bndbox>
    </object>
    <object>
        <name>ma</name>
        <pose>Unspecified</pose>
        <truncated>0</truncated>
        <difficult>0</difficult>
        <bndbox>
            <xmin>1170</xmin>
            <ymin>1139</ymin>
            <xmax>1179</xmax>
            <ymax>1148</ymax>
        </bndbox>
    </object>
    <object>
        <name>ma</name>
        <pose>Unspecified</pose>
        <truncated>0</truncated>
        <difficult>0</difficult>
        <bndbox>
            <xmin>1183</xmin>
            <ymin>688</ymin>
            <xmax>1198</xmax>
            <ymax>702</ymax>
        </bndbox>
    </object>
    <object>
        <name>ma</name>
        <pose>Unspecified</pose>
        <truncated>0</truncated>
        <difficult>0</difficult>
        <bndbox>
            <xmin>1248</xmin>
            <ymin>509</ymin>
            <xmax>1255</xmax>
            <ymax>517</ymax>
        </bndbox>
    </object>
    <object>
        <name>ma</name>
        <pose>Unspecified</pose>
        <truncated>0</truncated>
        <difficult>0</difficult>
        <bndbox>
            <xmin>1248</xmin>
            <ymin>540</ymin>
            <xmax>1255</xmax>
            <ymax>548</ymax>
        </bndbox>
    </object>
    <object>
        <name>ma</name>
        <pose>Unspecified</pose>
        <truncated>0</truncated>
        <difficult>0</difficult>
        <bndbox>
            <xmin>1275</xmin>
            <ymin>628</ymin>
            <xmax>1286</xmax>
            <ymax>637</ymax>
        </bndbox>
    </object>
    <object>
        <name>ma</name>
        <pose>Unspecified</pose>
        <truncated>0</truncated>
        <difficult>0</difficult>
        <bndbox>
            <xmin>1287</xmin>
            <ymin>419</ymin>
            <xmax>1296</xmax>
            <ymax>425</ymax>
        </bndbox>
    </object>
    <object>
        <name>ma</name>
        <pose>Unspecified</pose>
        <truncated>0</truncated>
        <difficult>0</difficult>
        <bndbox>
            <xmin>1290</xmin>
            <ymin>592</ymin>
            <xmax>1294</xmax>
            <ymax>598</ymax>
        </bndbox>
    </object>
    <object>
        <name>he</name>
        <pose>Unspecified</pose>
        <truncated>0</truncated>
        <difficult>0</difficult>
        <bndbox>
            <xmin>173</xmin>
            <ymin>750</ymin>
            <xmax>221</xmax>
            <ymax>785</ymax>
        </bndbox>
    </object>
    <object>
        <name>he</name>
        <pose>Unspecified</pose>
        <truncated>0</truncated>
        <difficult>0</difficult>
        <bndbox>
            <xmin>207</xmin>
            <ymin>748</ymin>
            <xmax>210</xmax>
            <ymax>749</ymax>
        </bndbox>
    </object>
    <object>
        <name>he</name>
        <pose>Unspecified</pose>
        <truncated>0</truncated>
        <difficult>0</difficult>
        <bndbox>
            <xmin>595</xmin>
            <ymin>25</ymin>
            <xmax>1209</xmax>
            <ymax>383</ymax>
        </bndbox>
    </object>
    <object>
        <name>he</name>
        <pose>Unspecified</pose>
        <truncated>0</truncated>
        <difficult>0</difficult>
        <bndbox>
            <xmin>610</xmin>
            <ymin>12</ymin>
            <xmax>657</xmax>
            <ymax>63</ymax>
        </bndbox>
    </object>
    <object>
        <name>he</name>
        <pose>Unspecified</pose>
        <truncated>0</truncated>
        <difficult>0</difficult>
        <bndbox>
            <xmin>732</xmin>
            <ymin>605</ymin>
            <xmax>742</xmax>
            <ymax>621</ymax>
        </bndbox>
    </object>
    <object>
        <name>he</name>
        <pose>Unspecified</pose>
        <truncated>0</truncated>
        <difficult>0</difficult>
        <bndbox>
            <xmin>867</xmin>
            <ymin>710</ymin>
            <xmax>882</xmax>
            <ymax>719</ymax>
        </bndbox>
    </object>
    <object>
        <name>he</name>
        <pose>Unspecified</pose>
        <truncated>0</truncated>
        <difficult>0</difficult>
        <bndbox>
            <xmin>975</xmin>
            <ymin>661</ymin>
            <xmax>989</xmax>
            <ymax>679</ymax>
        </bndbox>
    </object>
    <object>
        <name>he</name>
        <pose>Unspecified</pose>
        <truncated>0</truncated>
        <difficult>0</difficult>
        <bndbox>
            <xmin>1014</xmin>
            <ymin>355</ymin>
            <xmax>1034</xmax>
            <ymax>365</ymax>
        </bndbox>
    </object>
    <object>
        <name>he</name>
        <pose>Unspecified</pose>
        <truncated>0</truncated>
        <difficult>0</difficult>
        <bndbox>
            <xmin>1020</xmin>
            <ymin>465</ymin>
            <xmax>1029</xmax>
            <ymax>481</ymax>
        </bndbox>
    </object>
    <object>
        <name>he</name>
        <pose>Unspecified</pose>
        <truncated>0</truncated>
        <difficult>0</difficult>
        <bndbox>
            <xmin>1029</xmin>
            <ymin>827</ymin>
            <xmax>1053</xmax>
            <ymax>843</ymax>
        </bndbox>
    </object>
    <object>
        <name>he</name>
        <pose>Unspecified</pose>
        <truncated>0</truncated>
        <difficult>0</difficult>
        <bndbox>
            <xmin>1039</xmin>
            <ymin>429</ymin>
            <xmax>1050</xmax>
            <ymax>440</ymax>
        </bndbox>
    </object>
    <object>
        <name>he</name>
        <pose>Unspecified</pose>
        <truncated>0</truncated>
        <difficult>0</difficult>
        <bndbox>
            <xmin>1051</xmin>
            <ymin>435</ymin>
            <xmax>1061</xmax>
            <ymax>446</ymax>
        </bndbox>
    </object>
    <object>
        <name>he</name>
        <pose>Unspecified</pose>
        <truncated>0</truncated>
        <difficult>0</difficult>
        <bndbox>
            <xmin>1055</xmin>
            <ymin>415</ymin>
            <xmax>1066</xmax>
            <ymax>427</ymax>
        </bndbox>
    </object>
    <object>
        <name>he</name>
        <pose>Unspecified</pose>
        <truncated>0</truncated>
        <difficult>0</difficult>
        <bndbox>
            <xmin>1140</xmin>
            <ymin>1100</ymin>
            <xmax>1178</xmax>
            <ymax>1125</ymax>
        </bndbox>
    </object>
    <object>
        <name>he</name>
        <pose>Unspecified</pose>
        <truncated>0</truncated>
        <difficult>0</difficult>
        <bndbox>
            <xmin>1198</xmin>
            <ymin>979</ymin>
            <xmax>1228</xmax>
            <ymax>999</ymax>
        </bndbox>
    </object>
    <object>
        <name>he</name>
        <pose>Unspecified</pose>
        <truncated>0</truncated>
        <difficult>0</difficult>
        <bndbox>
            <xmin>1222</xmin>
            <ymin>897</ymin>
            <xmax>1241</xmax>
            <ymax>920</ymax>
        </bndbox>
    </object>
    <object>
        <name>he</name>
        <pose>Unspecified</pose>
        <truncated>0</truncated>
        <difficult>0</difficult>
        <bndbox>
            <xmin>1231</xmin>
            <ymin>404</ymin>
            <xmax>1239</xmax>
            <ymax>415</ymax>
        </bndbox>
    </object>
    <object>
        <name>he</name>
        <pose>Unspecified</pose>
        <truncated>0</truncated>
        <difficult>0</difficult>
        <bndbox>
            <xmin>1240</xmin>
            <ymin>414</ymin>
            <xmax>1252</xmax>
            <ymax>425</ymax>
        </bndbox>
    </object>
    <object>
        <name>he</name>
        <pose>Unspecified</pose>
        <truncated>0</truncated>
        <difficult>0</difficult>
        <bndbox>
            <xmin>1263</xmin>
            <ymin>375</ymin>
            <xmax>1290</xmax>
            <ymax>399</ymax>
        </bndbox>
    </object>
    <object>
        <name>he</name>
        <pose>Unspecified</pose>
        <truncated>0</truncated>
        <difficult>0</difficult>
        <bndbox>
            <xmin>1292</xmin>
            <ymin>434</ymin>
            <xmax>1321</xmax>
            <ymax>464</ymax>
        </bndbox>
    </object>
</annotation>