<annotation>
    <folder>OurDataset</folder>
    <filename>007-6676-400.jpg</filename>
    <size>
        <width>1380</width>
        <height>1382</height>
        <depth>3</depth>
    </size>
    <object>
        <name>ex</name>
        <pose>Unspecified</pose>
        <truncated>0</truncated>
        <difficult>0</difficult>
        <bndbox>
            <xmin>1070</xmin>
            <ymin>886</ymin>
            <xmax>1091</xmax>
            <ymax>902</ymax>
        </bndbox>
    </object>
    <object>
        <name>ex</name>
        <pose>Unspecified</pose>
        <truncated>0</truncated>
        <difficult>0</difficult>
        <bndbox>
            <xmin>1129</xmin>
            <ymin>619</ymin>
            <xmax>1150</xmax>
            <ymax>636</ymax>
        </bndbox>
    </object>
    <object>
        <name>ex</name>
        <pose>Unspecified</pose>
        <truncated>0</truncated>
        <difficult>0</difficult>
        <bndbox>
            <xmin>1151</xmin>
            <ymin>602</ymin>
            <xmax>1182</xmax>
            <ymax>626</ymax>
        </bndbox>
    </object>
    <object>
        <name>ex</name>
        <pose>Unspecified</pose>
        <truncated>0</truncated>
        <difficult>0</difficult>
        <bndbox>
            <xmin>1166</xmin>
            <ymin>648</ymin>
            <xmax>1171</xmax>
            <ymax>654</ymax>
        </bndbox>
    </object>
    <object>
        <name>ex</name>
        <pose>Unspecified</pose>
        <truncated>0</truncated>
        <difficult>0</difficult>
        <bndbox>
            <xmin>1177</xmin>
            <ymin>626</ymin>
            <xmax>1181</xmax>
            <ymax>633</ymax>
        </bndbox>
    </object>
    <object>
        <name>ex</name>
        <pose>Unspecified</pose>
        <truncated>0</truncated>
        <difficult>0</difficult>
        <bndbox>
            <xmin>1178</xmin>
            <ymin>653</ymin>
            <xmax>1188</xmax>
            <ymax>664</ymax>
        </bndbox>
    </object>
    <object>
        <name>ex</name>
        <pose>Unspecified</pose>
        <truncated>0</truncated>
        <difficult>0</difficult>
        <bndbox>
            <xmin>1192</xmin>
            <ymin>646</ymin>
            <xmax>1204</xmax>
            <ymax>664</ymax>
        </bndbox>
    </object>
    <object>
        <name>ex</name>
        <pose>Unspecified</pose>
        <truncated>0</truncated>
        <difficult>0</difficult>
        <bndbox>
            <xmin>1211</xmin>
            <ymin>657</ymin>
            <xmax>1221</xmax>
            <ymax>672</ymax>
        </bndbox>
    </object>
    <object>
        <name>ex</name>
        <pose>Unspecified</pose>
        <truncated>0</truncated>
        <difficult>0</difficult>
        <bndbox>
            <xmin>1278</xmin>
            <ymin>709</ymin>
            <xmax>1286</xmax>
            <ymax>720</ymax>
        </bndbox>
    </object>
    <object>
        <name>se</name>
        <pose>Unspecified</pose>
        <truncated>0</truncated>
        <difficult>0</difficult>
        <bndbox>
            <xmin>381</xmin>
            <ymin>192</ymin>
            <xmax>410</xmax>
            <ymax>213</ymax>
        </bndbox>
    </object>
    <object>
        <name>se</name>
        <pose>Unspecified</pose>
        <truncated>0</truncated>
        <difficult>0</difficult>
        <bndbox>
            <xmin>745</xmin>
            <ymin>193</ymin>
            <xmax>779</xmax>
            <ymax>225</ymax>
        </bndbox>
    </object>
    <object>
        <name>se</name>
        <pose>Unspecified</pose>
        <truncated>0</truncated>
        <difficult>0</difficult>
        <bndbox>
            <xmin>777</xmin>
            <ymin>1094</ymin>
            <xmax>793</xmax>
            <ymax>1121</ymax>
        </bndbox>
    </object>
    <object>
        <name>se</name>
        <pose>Unspecified</pose>
        <truncated>0</truncated>
        <difficult>0</difficult>
        <bndbox>
            <xmin>842</xmin>
            <ymin>301</ymin>
            <xmax>890</xmax>
            <ymax>380</ymax>
        </bndbox>
    </object>
    <object>
        <name>se</name>
        <pose>Unspecified</pose>
        <truncated>0</truncated>
        <difficult>0</difficult>
        <bndbox>
            <xmin>956</xmin>
            <ymin>407</ymin>
            <xmax>1013</xmax>
            <ymax>474</ymax>
        </bndbox>
    </object>
    <object>
        <name>se</name>
        <pose>Unspecified</pose>
        <truncated>0</truncated>
        <difficult>0</difficult>
        <bndbox>
            <xmin>1052</xmin>
            <ymin>406</ymin>
            <xmax>1127</xmax>
            <ymax>459</ymax>
        </bndbox>
    </object>
    <object>
        <name>se</name>
        <pose>Unspecified</pose>
        <truncated>0</truncated>
        <difficult>0</difficult>
        <bndbox>
            <xmin>1062</xmin>
            <ymin>1062</ymin>
            <xmax>1103</xmax>
            <ymax>1094</ymax>
        </bndbox>
    </object>
    <object>
        <name>se</name>
        <pose>Unspecified</pose>
        <truncated>0</truncated>
        <difficult>0</difficult>
        <bndbox>
            <xmin>1065</xmin>
            <ymin>879</ymin>
            <xmax>1087</xmax>
            <ymax>902</ymax>
        </bndbox>
    </object>
    <object>
        <name>se</name>
        <pose>Unspecified</pose>
        <truncated>0</truncated>
        <difficult>0</difficult>
        <bndbox>
            <xmin>1151</xmin>
            <ymin>1081</ymin>
            <xmax>1197</xmax>
            <ymax>1124</ymax>
        </bndbox>
    </object>
    <object>
        <name>se</name>
        <pose>Unspecified</pose>
        <truncated>0</truncated>
        <difficult>0</difficult>
        <bndbox>
            <xmin>1248</xmin>
            <ymin>588</ymin>
            <xmax>1303</xmax>
            <ymax>646</ymax>
        </bndbox>
    </object>
    <object>
        <name>he</name>
        <pose>Unspecified</pose>
        <truncated>0</truncated>
        <difficult>0</difficult>
        <bndbox>
            <xmin>106</xmin>
            <ymin>595</ymin>
            <xmax>126</xmax>
            <ymax>619</ymax>
        </bndbox>
    </object>
    <object>
        <name>he</name>
        <pose>Unspecified</pose>
        <truncated>0</truncated>
        <difficult>0</difficult>
        <bndbox>
            <xmin>130</xmin>
            <ymin>560</ymin>
            <xmax>141</xmax>
            <ymax>578</ymax>
        </bndbox>
    </object>
    <object>
        <name>he</name>
        <pose>Unspecified</pose>
        <truncated>0</truncated>
        <difficult>0</difficult>
        <bndbox>
            <xmin>166</xmin>
            <ymin>447</ymin>
            <xmax>180</xmax>
            <ymax>470</ymax>
        </bndbox>
    </object>
    <object>
        <name>he</name>
        <pose>Unspecified</pose>
        <truncated>0</truncated>
        <difficult>0</difficult>
        <bndbox>
            <xmin>375</xmin>
            <ymin>1021</ymin>
            <xmax>387</xmax>
            <ymax>1035</ymax>
        </bndbox>
    </object>
    <object>
        <name>he</name>
        <pose>Unspecified</pose>
        <truncated>0</truncated>
        <difficult>0</difficult>
        <bndbox>
            <xmin>410</xmin>
            <ymin>528</ymin>
            <xmax>446</xmax>
            <ymax>549</ymax>
        </bndbox>
    </object>
    <object>
        <name>he</name>
        <pose>Unspecified</pose>
        <truncated>0</truncated>
        <difficult>0</difficult>
        <bndbox>
            <xmin>1003</xmin>
            <ymin>645</ymin>
            <xmax>1034</xmax>
            <ymax>670</ymax>
        </bndbox>
    </object>
    <object>
        <name>ex</name>
        <pose>Unspecified</pose>
        <truncated>0</truncated>
        <difficult>0</difficult>
        <bndbox>
            <xmin>1070</xmin>
            <ymin>886</ymin>
            <xmax>1091</xmax>
            <ymax>902</ymax>
        </bndbox>
    </object>
    <object>
        <name>ex</name>
        <pose>Unspecified</pose>
        <truncated>0</truncated>
        <difficult>0</difficult>
        <bndbox>
            <xmin>1129</xmin>
            <ymin>619</ymin>
            <xmax>1150</xmax>
            <ymax>636</ymax>
        </bndbox>
    </object>
    <object>
        <name>ex</name>
        <pose>Unspecified</pose>
        <truncated>0</truncated>
        <difficult>0</difficult>
        <bndbox>
            <xmin>1151</xmin>
            <ymin>602</ymin>
            <xmax>1182</xmax>
            <ymax>626</ymax>
        </bndbox>
    </object>
    <object>
        <name>ex</name>
        <pose>Unspecified</pose>
        <truncated>0</truncated>
        <difficult>0</difficult>
        <bndbox>
            <xmin>1166</xmin>
            <ymin>648</ymin>
            <xmax>1171</xmax>
            <ymax>654</ymax>
        </bndbox>
    </object>
    <object>
        <name>ex</name>
        <pose>Unspecified</pose>
        <truncated>0</truncated>
        <difficult>0</difficult>
        <bndbox>
            <xmin>1177</xmin>
            <ymin>626</ymin>
            <xmax>1181</xmax>
            <ymax>633</ymax>
        </bndbox>
    </object>
    <object>
        <name>ex</name>
        <pose>Unspecified</pose>
        <truncated>0</truncated>
        <difficult>0</difficult>
        <bndbox>
            <xmin>1178</xmin>
            <ymin>653</ymin>
            <xmax>1188</xmax>
            <ymax>664</ymax>
        </bndbox>
    </object>
    <object>
        <name>ex</name>
        <pose>Unspecified</pose>
        <truncated>0</truncated>
        <difficult>0</difficult>
        <bndbox>
            <xmin>1192</xmin>
            <ymin>646</ymin>
            <xmax>1204</xmax>
            <ymax>664</ymax>
        </bndbox>
    </object>
    <object>
        <name>ex</name>
        <pose>Unspecified</pose>
        <truncated>0</truncated>
        <difficult>0</difficult>
        <bndbox>
            <xmin>1211</xmin>
            <ymin>657</ymin>
            <xmax>1221</xmax>
            <ymax>672</ymax>
        </bndbox>
    </object>
    <object>
        <name>ex</name>
        <pose>Unspecified</pose>
        <truncated>0</truncated>
        <difficult>0</difficult>
        <bndbox>
            <xmin>1278</xmin>
            <ymin>709</ymin>
            <xmax>1286</xmax>
            <ymax>720</ymax>
        </bndbox>
    </object>
    <object>
        <name>se</name>
        <pose>Unspecified</pose>
        <truncated>0</truncated>
        <difficult>0</difficult>
        <bndbox>
            <xmin>381</xmin>
            <ymin>192</ymin>
            <xmax>410</xmax>
            <ymax>213</ymax>
        </bndbox>
    </object>
    <object>
        <name>se</name>
        <pose>Unspecified</pose>
        <truncated>0</truncated>
        <difficult>0</difficult>
        <bndbox>
            <xmin>745</xmin>
            <ymin>193</ymin>
            <xmax>779</xmax>
            <ymax>225</ymax>
        </bndbox>
    </object>
    <object>
        <name>se</name>
        <pose>Unspecified</pose>
        <truncated>0</truncated>
        <difficult>0</difficult>
        <bndbox>
            <xmin>777</xmin>
            <ymin>1094</ymin>
            <xmax>793</xmax>
            <ymax>1121</ymax>
        </bndbox>
    </object>
    <object>
        <name>se</name>
        <pose>Unspecified</pose>
        <truncated>0</truncated>
        <difficult>0</difficult>
        <bndbox>
            <xmin>842</xmin>
            <ymin>301</ymin>
            <xmax>890</xmax>
            <ymax>380</ymax>
        </bndbox>
    </object>
    <object>
        <name>se</name>
        <pose>Unspecified</pose>
        <truncated>0</truncated>
        <difficult>0</difficult>
        <bndbox>
            <xmin>956</xmin>
            <ymin>407</ymin>
            <xmax>1013</xmax>
            <ymax>474</ymax>
        </bndbox>
    </object>
    <object>
        <name>se</name>
        <pose>Unspecified</pose>
        <truncated>0</truncated>
        <difficult>0</difficult>
        <bndbox>
            <xmin>1052</xmin>
            <ymin>406</ymin>
            <xmax>1127</xmax>
            <ymax>459</ymax>
        </bndbox>
    </object>
    <object>
        <name>se</name>
        <pose>Unspecified</pose>
        <truncated>0</truncated>
        <difficult>0</difficult>
        <bndbox>
            <xmin>1062</xmin>
            <ymin>1062</ymin>
            <xmax>1103</xmax>
            <ymax>1094</ymax>
        </bndbox>
    </object>
    <object>
        <name>se</name>
        <pose>Unspecified</pose>
        <truncated>0</truncated>
        <difficult>0</difficult>
        <bndbox>
            <xmin>1065</xmin>
            <ymin>879</ymin>
            <xmax>1087</xmax>
            <ymax>902</ymax>
        </bndbox>
    </object>
    <object>
        <name>se</name>
        <pose>Unspecified</pose>
        <truncated>0</truncated>
        <difficult>0</difficult>
        <bndbox>
            <xmin>1151</xmin>
            <ymin>1081</ymin>
            <xmax>1197</xmax>
            <ymax>1124</ymax>
        </bndbox>
    </object>
    <object>
        <name>se</name>
        <pose>Unspecified</pose>
        <truncated>0</truncated>
        <difficult>0</difficult>
        <bndbox>
            <xmin>1248</xmin>
            <ymin>588</ymin>
            <xmax>1303</xmax>
            <ymax>646</ymax>
        </bndbox>
    </object>
    <object>
        <name>he</name>
        <pose>Unspecified</pose>
        <truncated>0</truncated>
        <difficult>0</difficult>
        <bndbox>
            <xmin>106</xmin>
            <ymin>595</ymin>
            <xmax>126</xmax>
            <ymax>619</ymax>
        </bndbox>
    </object>
    <object>
        <name>he</name>
        <pose>Unspecified</pose>
        <truncated>0</truncated>
        <difficult>0</difficult>
        <bndbox>
            <xmin>130</xmin>
            <ymin>560</ymin>
            <xmax>141</xmax>
            <ymax>578</ymax>
        </bndbox>
    </object>
    <object>
        <name>he</name>
        <pose>Unspecified</pose>
        <truncated>0</truncated>
        <difficult>0</difficult>
        <bndbox>
            <xmin>166</xmin>
            <ymin>447</ymin>
            <xmax>180</xmax>
            <ymax>470</ymax>
        </bndbox>
    </object>
    <object>
        <name>he</name>
        <pose>Unspecified</pose>
        <truncated>0</truncated>
        <difficult>0</difficult>
        <bndbox>
            <xmin>375</xmin>
            <ymin>1021</ymin>
            <xmax>387</xmax>
            <ymax>1035</ymax>
        </bndbox>
    </object>
    <object>
        <name>he</name>
        <pose>Unspecified</pose>
        <truncated>0</truncated>
        <difficult>0</difficult>
        <bndbox>
            <xmin>410</xmin>
            <ymin>528</ymin>
            <xmax>446</xmax>
            <ymax>549</ymax>
        </bndbox>
    </object>
    <object>
        <name>he</name>
        <pose>Unspecified</pose>
        <truncated>0</truncated>
        <difficult>0</difficult>
        <bndbox>
            <xmin>1003</xmin>
            <ymin>645</ymin>
            <xmax>1034</xmax>
            <ymax>670</ymax>
        </bndbox>
    </object>
</annotation>