<annotation>
    <folder>OurDataset</folder>
    <filename>007-5492-300.jpg</filename>
    <size>
        <width>2736</width>
        <height>1824</height>
        <depth>3</depth>
    </size>
    <object>
        <name>ma</name>
        <pose>Unspecified</pose>
        <truncated>0</truncated>
        <difficult>0</difficult>
        <bndbox>
            <xmin>1333</xmin>
            <ymin>447</ymin>
            <xmax>1341</xmax>
            <ymax>453</ymax>
        </bndbox>
    </object>
    <object>
        <name>ma</name>
        <pose>Unspecified</pose>
        <truncated>0</truncated>
        <difficult>0</difficult>
        <bndbox>
            <xmin>1401</xmin>
            <ymin>1397</ymin>
            <xmax>1413</xmax>
            <ymax>1411</ymax>
        </bndbox>
    </object>
    <object>
        <name>ma</name>
        <pose>Unspecified</pose>
        <truncated>0</truncated>
        <difficult>0</difficult>
        <bndbox>
            <xmin>1419</xmin>
            <ymin>471</ymin>
            <xmax>1427</xmax>
            <ymax>479</ymax>
        </bndbox>
    </object>
    <object>
        <name>ma</name>
        <pose>Unspecified</pose>
        <truncated>0</truncated>
        <difficult>0</difficult>
        <bndbox>
            <xmin>1427</xmin>
            <ymin>1303</ymin>
            <xmax>1435</xmax>
            <ymax>1309</ymax>
        </bndbox>
    </object>
    <object>
        <name>ma</name>
        <pose>Unspecified</pose>
        <truncated>0</truncated>
        <difficult>0</difficult>
        <bndbox>
            <xmin>1529</xmin>
            <ymin>759</ymin>
            <xmax>1533</xmax>
            <ymax>765</ymax>
        </bndbox>
    </object>
    <object>
        <name>ma</name>
        <pose>Unspecified</pose>
        <truncated>0</truncated>
        <difficult>0</difficult>
        <bndbox>
            <xmin>1639</xmin>
            <ymin>1399</ymin>
            <xmax>1647</xmax>
            <ymax>1409</ymax>
        </bndbox>
    </object>
    <object>
        <name>ma</name>
        <pose>Unspecified</pose>
        <truncated>0</truncated>
        <difficult>0</difficult>
        <bndbox>
            <xmin>1687</xmin>
            <ymin>1163</ymin>
            <xmax>1699</xmax>
            <ymax>1175</ymax>
        </bndbox>
    </object>
    <object>
        <name>ma</name>
        <pose>Unspecified</pose>
        <truncated>0</truncated>
        <difficult>0</difficult>
        <bndbox>
            <xmin>1699</xmin>
            <ymin>1115</ymin>
            <xmax>1707</xmax>
            <ymax>1123</ymax>
        </bndbox>
    </object>
    <object>
        <name>ma</name>
        <pose>Unspecified</pose>
        <truncated>0</truncated>
        <difficult>0</difficult>
        <bndbox>
            <xmin>1699</xmin>
            <ymin>1209</ymin>
            <xmax>1703</xmax>
            <ymax>1213</ymax>
        </bndbox>
    </object>
    <object>
        <name>ma</name>
        <pose>Unspecified</pose>
        <truncated>0</truncated>
        <difficult>0</difficult>
        <bndbox>
            <xmin>1703</xmin>
            <ymin>1215</ymin>
            <xmax>1709</xmax>
            <ymax>1219</ymax>
        </bndbox>
    </object>
    <object>
        <name>ma</name>
        <pose>Unspecified</pose>
        <truncated>0</truncated>
        <difficult>0</difficult>
        <bndbox>
            <xmin>1745</xmin>
            <ymin>931</ymin>
            <xmax>1753</xmax>
            <ymax>941</ymax>
        </bndbox>
    </object>
    <object>
        <name>ma</name>
        <pose>Unspecified</pose>
        <truncated>0</truncated>
        <difficult>0</difficult>
        <bndbox>
            <xmin>1757</xmin>
            <ymin>859</ymin>
            <xmax>1763</xmax>
            <ymax>865</ymax>
        </bndbox>
    </object>
    <object>
        <name>ma</name>
        <pose>Unspecified</pose>
        <truncated>0</truncated>
        <difficult>0</difficult>
        <bndbox>
            <xmin>1761</xmin>
            <ymin>757</ymin>
            <xmax>1767</xmax>
            <ymax>763</ymax>
        </bndbox>
    </object>
    <object>
        <name>ma</name>
        <pose>Unspecified</pose>
        <truncated>0</truncated>
        <difficult>0</difficult>
        <bndbox>
            <xmin>1791</xmin>
            <ymin>629</ymin>
            <xmax>1795</xmax>
            <ymax>631</ymax>
        </bndbox>
    </object>
    <object>
        <name>ma</name>
        <pose>Unspecified</pose>
        <truncated>0</truncated>
        <difficult>0</difficult>
        <bndbox>
            <xmin>1821</xmin>
            <ymin>833</ymin>
            <xmax>1827</xmax>
            <ymax>837</ymax>
        </bndbox>
    </object>
    <object>
        <name>ma</name>
        <pose>Unspecified</pose>
        <truncated>0</truncated>
        <difficult>0</difficult>
        <bndbox>
            <xmin>1837</xmin>
            <ymin>731</ymin>
            <xmax>1843</xmax>
            <ymax>735</ymax>
        </bndbox>
    </object>
    <object>
        <name>ma</name>
        <pose>Unspecified</pose>
        <truncated>0</truncated>
        <difficult>0</difficult>
        <bndbox>
            <xmin>1869</xmin>
            <ymin>727</ymin>
            <xmax>1879</xmax>
            <ymax>733</ymax>
        </bndbox>
    </object>
    <object>
        <name>ma</name>
        <pose>Unspecified</pose>
        <truncated>0</truncated>
        <difficult>0</difficult>
        <bndbox>
            <xmin>1881</xmin>
            <ymin>705</ymin>
            <xmax>1891</xmax>
            <ymax>719</ymax>
        </bndbox>
    </object>
    <object>
        <name>ma</name>
        <pose>Unspecified</pose>
        <truncated>0</truncated>
        <difficult>0</difficult>
        <bndbox>
            <xmin>1899</xmin>
            <ymin>971</ymin>
            <xmax>1901</xmax>
            <ymax>975</ymax>
        </bndbox>
    </object>
    <object>
        <name>ma</name>
        <pose>Unspecified</pose>
        <truncated>0</truncated>
        <difficult>0</difficult>
        <bndbox>
            <xmin>1905</xmin>
            <ymin>617</ymin>
            <xmax>1909</xmax>
            <ymax>621</ymax>
        </bndbox>
    </object>
    <object>
        <name>ma</name>
        <pose>Unspecified</pose>
        <truncated>0</truncated>
        <difficult>0</difficult>
        <bndbox>
            <xmin>1915</xmin>
            <ymin>615</ymin>
            <xmax>1923</xmax>
            <ymax>623</ymax>
        </bndbox>
    </object>
    <object>
        <name>ma</name>
        <pose>Unspecified</pose>
        <truncated>0</truncated>
        <difficult>0</difficult>
        <bndbox>
            <xmin>1931</xmin>
            <ymin>1351</ymin>
            <xmax>1933</xmax>
            <ymax>1353</ymax>
        </bndbox>
    </object>
    <object>
        <name>ma</name>
        <pose>Unspecified</pose>
        <truncated>0</truncated>
        <difficult>0</difficult>
        <bndbox>
            <xmin>1957</xmin>
            <ymin>947</ymin>
            <xmax>1967</xmax>
            <ymax>955</ymax>
        </bndbox>
    </object>
    <object>
        <name>he</name>
        <pose>Unspecified</pose>
        <truncated>0</truncated>
        <difficult>0</difficult>
        <bndbox>
            <xmin>1177</xmin>
            <ymin>175</ymin>
            <xmax>1201</xmax>
            <ymax>215</ymax>
        </bndbox>
    </object>
    <object>
        <name>he</name>
        <pose>Unspecified</pose>
        <truncated>0</truncated>
        <difficult>0</difficult>
        <bndbox>
            <xmin>1235</xmin>
            <ymin>175</ymin>
            <xmax>1255</xmax>
            <ymax>201</ymax>
        </bndbox>
    </object>
    <object>
        <name>he</name>
        <pose>Unspecified</pose>
        <truncated>0</truncated>
        <difficult>0</difficult>
        <bndbox>
            <xmin>1253</xmin>
            <ymin>185</ymin>
            <xmax>1281</xmax>
            <ymax>215</ymax>
        </bndbox>
    </object>
    <object>
        <name>he</name>
        <pose>Unspecified</pose>
        <truncated>0</truncated>
        <difficult>0</difficult>
        <bndbox>
            <xmin>1337</xmin>
            <ymin>1127</ymin>
            <xmax>1399</xmax>
            <ymax>1159</ymax>
        </bndbox>
    </object>
    <object>
        <name>he</name>
        <pose>Unspecified</pose>
        <truncated>0</truncated>
        <difficult>0</difficult>
        <bndbox>
            <xmin>1385</xmin>
            <ymin>1179</ymin>
            <xmax>1443</xmax>
            <ymax>1203</ymax>
        </bndbox>
    </object>
    <object>
        <name>he</name>
        <pose>Unspecified</pose>
        <truncated>0</truncated>
        <difficult>0</difficult>
        <bndbox>
            <xmin>1425</xmin>
            <ymin>1111</ymin>
            <xmax>1463</xmax>
            <ymax>1141</ymax>
        </bndbox>
    </object>
    <object>
        <name>he</name>
        <pose>Unspecified</pose>
        <truncated>0</truncated>
        <difficult>0</difficult>
        <bndbox>
            <xmin>1441</xmin>
            <ymin>1123</ymin>
            <xmax>1517</xmax>
            <ymax>1171</ymax>
        </bndbox>
    </object>
    <object>
        <name>he</name>
        <pose>Unspecified</pose>
        <truncated>0</truncated>
        <difficult>0</difficult>
        <bndbox>
            <xmin>1443</xmin>
            <ymin>1209</ymin>
            <xmax>1461</xmax>
            <ymax>1219</ymax>
        </bndbox>
    </object>
    <object>
        <name>he</name>
        <pose>Unspecified</pose>
        <truncated>0</truncated>
        <difficult>0</difficult>
        <bndbox>
            <xmin>1503</xmin>
            <ymin>1061</ymin>
            <xmax>1597</xmax>
            <ymax>1103</ymax>
        </bndbox>
    </object>
    <object>
        <name>he</name>
        <pose>Unspecified</pose>
        <truncated>0</truncated>
        <difficult>0</difficult>
        <bndbox>
            <xmin>1515</xmin>
            <ymin>121</ymin>
            <xmax>1675</xmax>
            <ymax>203</ymax>
        </bndbox>
    </object>
    <object>
        <name>he</name>
        <pose>Unspecified</pose>
        <truncated>0</truncated>
        <difficult>0</difficult>
        <bndbox>
            <xmin>1523</xmin>
            <ymin>1167</ymin>
            <xmax>1563</xmax>
            <ymax>1205</ymax>
        </bndbox>
    </object>
    <object>
        <name>ma</name>
        <pose>Unspecified</pose>
        <truncated>0</truncated>
        <difficult>0</difficult>
        <bndbox>
            <xmin>1333</xmin>
            <ymin>447</ymin>
            <xmax>1341</xmax>
            <ymax>453</ymax>
        </bndbox>
    </object>
    <object>
        <name>ma</name>
        <pose>Unspecified</pose>
        <truncated>0</truncated>
        <difficult>0</difficult>
        <bndbox>
            <xmin>1401</xmin>
            <ymin>1397</ymin>
            <xmax>1413</xmax>
            <ymax>1411</ymax>
        </bndbox>
    </object>
    <object>
        <name>ma</name>
        <pose>Unspecified</pose>
        <truncated>0</truncated>
        <difficult>0</difficult>
        <bndbox>
            <xmin>1419</xmin>
            <ymin>471</ymin>
            <xmax>1427</xmax>
            <ymax>479</ymax>
        </bndbox>
    </object>
    <object>
        <name>ma</name>
        <pose>Unspecified</pose>
        <truncated>0</truncated>
        <difficult>0</difficult>
        <bndbox>
            <xmin>1427</xmin>
            <ymin>1303</ymin>
            <xmax>1435</xmax>
            <ymax>1309</ymax>
        </bndbox>
    </object>
    <object>
        <name>ma</name>
        <pose>Unspecified</pose>
        <truncated>0</truncated>
        <difficult>0</difficult>
        <bndbox>
            <xmin>1529</xmin>
            <ymin>759</ymin>
            <xmax>1533</xmax>
            <ymax>765</ymax>
        </bndbox>
    </object>
    <object>
        <name>ma</name>
        <pose>Unspecified</pose>
        <truncated>0</truncated>
        <difficult>0</difficult>
        <bndbox>
            <xmin>1639</xmin>
            <ymin>1399</ymin>
            <xmax>1647</xmax>
            <ymax>1409</ymax>
        </bndbox>
    </object>
    <object>
        <name>ma</name>
        <pose>Unspecified</pose>
        <truncated>0</truncated>
        <difficult>0</difficult>
        <bndbox>
            <xmin>1687</xmin>
            <ymin>1163</ymin>
            <xmax>1699</xmax>
            <ymax>1175</ymax>
        </bndbox>
    </object>
    <object>
        <name>ma</name>
        <pose>Unspecified</pose>
        <truncated>0</truncated>
        <difficult>0</difficult>
        <bndbox>
            <xmin>1699</xmin>
            <ymin>1115</ymin>
            <xmax>1707</xmax>
            <ymax>1123</ymax>
        </bndbox>
    </object>
    <object>
        <name>ma</name>
        <pose>Unspecified</pose>
        <truncated>0</truncated>
        <difficult>0</difficult>
        <bndbox>
            <xmin>1699</xmin>
            <ymin>1209</ymin>
            <xmax>1703</xmax>
            <ymax>1213</ymax>
        </bndbox>
    </object>
    <object>
        <name>ma</name>
        <pose>Unspecified</pose>
        <truncated>0</truncated>
        <difficult>0</difficult>
        <bndbox>
            <xmin>1703</xmin>
            <ymin>1215</ymin>
            <xmax>1709</xmax>
            <ymax>1219</ymax>
        </bndbox>
    </object>
    <object>
        <name>ma</name>
        <pose>Unspecified</pose>
        <truncated>0</truncated>
        <difficult>0</difficult>
        <bndbox>
            <xmin>1745</xmin>
            <ymin>931</ymin>
            <xmax>1753</xmax>
            <ymax>941</ymax>
        </bndbox>
    </object>
    <object>
        <name>ma</name>
        <pose>Unspecified</pose>
        <truncated>0</truncated>
        <difficult>0</difficult>
        <bndbox>
            <xmin>1757</xmin>
            <ymin>859</ymin>
            <xmax>1763</xmax>
            <ymax>865</ymax>
        </bndbox>
    </object>
    <object>
        <name>ma</name>
        <pose>Unspecified</pose>
        <truncated>0</truncated>
        <difficult>0</difficult>
        <bndbox>
            <xmin>1761</xmin>
            <ymin>757</ymin>
            <xmax>1767</xmax>
            <ymax>763</ymax>
        </bndbox>
    </object>
    <object>
        <name>ma</name>
        <pose>Unspecified</pose>
        <truncated>0</truncated>
        <difficult>0</difficult>
        <bndbox>
            <xmin>1791</xmin>
            <ymin>629</ymin>
            <xmax>1795</xmax>
            <ymax>631</ymax>
        </bndbox>
    </object>
    <object>
        <name>ma</name>
        <pose>Unspecified</pose>
        <truncated>0</truncated>
        <difficult>0</difficult>
        <bndbox>
            <xmin>1821</xmin>
            <ymin>833</ymin>
            <xmax>1827</xmax>
            <ymax>837</ymax>
        </bndbox>
    </object>
    <object>
        <name>ma</name>
        <pose>Unspecified</pose>
        <truncated>0</truncated>
        <difficult>0</difficult>
        <bndbox>
            <xmin>1837</xmin>
            <ymin>731</ymin>
            <xmax>1843</xmax>
            <ymax>735</ymax>
        </bndbox>
    </object>
    <object>
        <name>ma</name>
        <pose>Unspecified</pose>
        <truncated>0</truncated>
        <difficult>0</difficult>
        <bndbox>
            <xmin>1869</xmin>
            <ymin>727</ymin>
            <xmax>1879</xmax>
            <ymax>733</ymax>
        </bndbox>
    </object>
    <object>
        <name>ma</name>
        <pose>Unspecified</pose>
        <truncated>0</truncated>
        <difficult>0</difficult>
        <bndbox>
            <xmin>1881</xmin>
            <ymin>705</ymin>
            <xmax>1891</xmax>
            <ymax>719</ymax>
        </bndbox>
    </object>
    <object>
        <name>ma</name>
        <pose>Unspecified</pose>
        <truncated>0</truncated>
        <difficult>0</difficult>
        <bndbox>
            <xmin>1899</xmin>
            <ymin>971</ymin>
            <xmax>1901</xmax>
            <ymax>975</ymax>
        </bndbox>
    </object>
    <object>
        <name>ma</name>
        <pose>Unspecified</pose>
        <truncated>0</truncated>
        <difficult>0</difficult>
        <bndbox>
            <xmin>1905</xmin>
            <ymin>617</ymin>
            <xmax>1909</xmax>
            <ymax>621</ymax>
        </bndbox>
    </object>
    <object>
        <name>ma</name>
        <pose>Unspecified</pose>
        <truncated>0</truncated>
        <difficult>0</difficult>
        <bndbox>
            <xmin>1915</xmin>
            <ymin>615</ymin>
            <xmax>1923</xmax>
            <ymax>623</ymax>
        </bndbox>
    </object>
    <object>
        <name>ma</name>
        <pose>Unspecified</pose>
        <truncated>0</truncated>
        <difficult>0</difficult>
        <bndbox>
            <xmin>1931</xmin>
            <ymin>1351</ymin>
            <xmax>1933</xmax>
            <ymax>1353</ymax>
        </bndbox>
    </object>
    <object>
        <name>ma</name>
        <pose>Unspecified</pose>
        <truncated>0</truncated>
        <difficult>0</difficult>
        <bndbox>
            <xmin>1957</xmin>
            <ymin>947</ymin>
            <xmax>1967</xmax>
            <ymax>955</ymax>
        </bndbox>
    </object>
    <object>
        <name>he</name>
        <pose>Unspecified</pose>
        <truncated>0</truncated>
        <difficult>0</difficult>
        <bndbox>
            <xmin>1177</xmin>
            <ymin>175</ymin>
            <xmax>1201</xmax>
            <ymax>215</ymax>
        </bndbox>
    </object>
    <object>
        <name>he</name>
        <pose>Unspecified</pose>
        <truncated>0</truncated>
        <difficult>0</difficult>
        <bndbox>
            <xmin>1235</xmin>
            <ymin>175</ymin>
            <xmax>1255</xmax>
            <ymax>201</ymax>
        </bndbox>
    </object>
    <object>
        <name>he</name>
        <pose>Unspecified</pose>
        <truncated>0</truncated>
        <difficult>0</difficult>
        <bndbox>
            <xmin>1253</xmin>
            <ymin>185</ymin>
            <xmax>1281</xmax>
            <ymax>215</ymax>
        </bndbox>
    </object>
    <object>
        <name>he</name>
        <pose>Unspecified</pose>
        <truncated>0</truncated>
        <difficult>0</difficult>
        <bndbox>
            <xmin>1337</xmin>
            <ymin>1127</ymin>
            <xmax>1399</xmax>
            <ymax>1159</ymax>
        </bndbox>
    </object>
    <object>
        <name>he</name>
        <pose>Unspecified</pose>
        <truncated>0</truncated>
        <difficult>0</difficult>
        <bndbox>
            <xmin>1385</xmin>
            <ymin>1179</ymin>
            <xmax>1443</xmax>
            <ymax>1203</ymax>
        </bndbox>
    </object>
    <object>
        <name>he</name>
        <pose>Unspecified</pose>
        <truncated>0</truncated>
        <difficult>0</difficult>
        <bndbox>
            <xmin>1425</xmin>
            <ymin>1111</ymin>
            <xmax>1463</xmax>
            <ymax>1141</ymax>
        </bndbox>
    </object>
    <object>
        <name>he</name>
        <pose>Unspecified</pose>
        <truncated>0</truncated>
        <difficult>0</difficult>
        <bndbox>
            <xmin>1441</xmin>
            <ymin>1123</ymin>
            <xmax>1517</xmax>
            <ymax>1171</ymax>
        </bndbox>
    </object>
    <object>
        <name>he</name>
        <pose>Unspecified</pose>
        <truncated>0</truncated>
        <difficult>0</difficult>
        <bndbox>
            <xmin>1443</xmin>
            <ymin>1209</ymin>
            <xmax>1461</xmax>
            <ymax>1219</ymax>
        </bndbox>
    </object>
    <object>
        <name>he</name>
        <pose>Unspecified</pose>
        <truncated>0</truncated>
        <difficult>0</difficult>
        <bndbox>
            <xmin>1503</xmin>
            <ymin>1061</ymin>
            <xmax>1597</xmax>
            <ymax>1103</ymax>
        </bndbox>
    </object>
    <object>
        <name>he</name>
        <pose>Unspecified</pose>
        <truncated>0</truncated>
        <difficult>0</difficult>
        <bndbox>
            <xmin>1515</xmin>
            <ymin>121</ymin>
            <xmax>1675</xmax>
            <ymax>203</ymax>
        </bndbox>
    </object>
    <object>
        <name>he</name>
        <pose>Unspecified</pose>
        <truncated>0</truncated>
        <difficult>0</difficult>
        <bndbox>
            <xmin>1523</xmin>
            <ymin>1167</ymin>
            <xmax>1563</xmax>
            <ymax>1205</ymax>
        </bndbox>
    </object>
</annotation>