<annotation>
    <folder>OurDataset</folder>
    <filename>007-3485-200.jpg</filename>
    <size>
        <width>2048</width>
        <height>1536</height>
        <depth>3</depth>
    </size>
    <object>
        <name>ex</name>
        <pose>Unspecified</pose>
        <truncated>0</truncated>
        <difficult>0</difficult>
        <bndbox>
            <xmin>731</xmin>
            <ymin>1414</ymin>
            <xmax>747</xmax>
            <ymax>1429</ymax>
        </bndbox>
    </object>
    <object>
        <name>ex</name>
        <pose>Unspecified</pose>
        <truncated>0</truncated>
        <difficult>0</difficult>
        <bndbox>
            <xmin>782</xmin>
            <ymin>1364</ymin>
            <xmax>789</xmax>
            <ymax>1374</ymax>
        </bndbox>
    </object>
    <object>
        <name>ex</name>
        <pose>Unspecified</pose>
        <truncated>0</truncated>
        <difficult>0</difficult>
        <bndbox>
            <xmin>1199</xmin>
            <ymin>333</ymin>
            <xmax>1209</xmax>
            <ymax>352</ymax>
        </bndbox>
    </object>
    <object>
        <name>ex</name>
        <pose>Unspecified</pose>
        <truncated>0</truncated>
        <difficult>0</difficult>
        <bndbox>
            <xmin>1518</xmin>
            <ymin>879</ymin>
            <xmax>1526</xmax>
            <ymax>888</ymax>
        </bndbox>
    </object>
    <object>
        <name>ex</name>
        <pose>Unspecified</pose>
        <truncated>0</truncated>
        <difficult>0</difficult>
        <bndbox>
            <xmin>1545</xmin>
            <ymin>908</ymin>
            <xmax>1565</xmax>
            <ymax>924</ymax>
        </bndbox>
    </object>
    <object>
        <name>ex</name>
        <pose>Unspecified</pose>
        <truncated>0</truncated>
        <difficult>0</difficult>
        <bndbox>
            <xmin>1592</xmin>
            <ymin>529</ymin>
            <xmax>1599</xmax>
            <ymax>534</ymax>
        </bndbox>
    </object>
    <object>
        <name>ex</name>
        <pose>Unspecified</pose>
        <truncated>0</truncated>
        <difficult>0</difficult>
        <bndbox>
            <xmin>1598</xmin>
            <ymin>957</ymin>
            <xmax>1608</xmax>
            <ymax>966</ymax>
        </bndbox>
    </object>
    <object>
        <name>ex</name>
        <pose>Unspecified</pose>
        <truncated>0</truncated>
        <difficult>0</difficult>
        <bndbox>
            <xmin>1625</xmin>
            <ymin>921</ymin>
            <xmax>1638</xmax>
            <ymax>934</ymax>
        </bndbox>
    </object>
    <object>
        <name>ex</name>
        <pose>Unspecified</pose>
        <truncated>0</truncated>
        <difficult>0</difficult>
        <bndbox>
            <xmin>1637</xmin>
            <ymin>410</ymin>
            <xmax>1644</xmax>
            <ymax>419</ymax>
        </bndbox>
    </object>
    <object>
        <name>ex</name>
        <pose>Unspecified</pose>
        <truncated>0</truncated>
        <difficult>0</difficult>
        <bndbox>
            <xmin>1651</xmin>
            <ymin>927</ymin>
            <xmax>1661</xmax>
            <ymax>938</ymax>
        </bndbox>
    </object>
    <object>
        <name>ma</name>
        <pose>Unspecified</pose>
        <truncated>0</truncated>
        <difficult>0</difficult>
        <bndbox>
            <xmin>1214</xmin>
            <ymin>1373</ymin>
            <xmax>1228</xmax>
            <ymax>1382</ymax>
        </bndbox>
    </object>
    <object>
        <name>ma</name>
        <pose>Unspecified</pose>
        <truncated>0</truncated>
        <difficult>0</difficult>
        <bndbox>
            <xmin>1255</xmin>
            <ymin>842</ymin>
            <xmax>1265</xmax>
            <ymax>856</ymax>
        </bndbox>
    </object>
    <object>
        <name>ma</name>
        <pose>Unspecified</pose>
        <truncated>0</truncated>
        <difficult>0</difficult>
        <bndbox>
            <xmin>1473</xmin>
            <ymin>693</ymin>
            <xmax>1476</xmax>
            <ymax>696</ymax>
        </bndbox>
    </object>
    <object>
        <name>ma</name>
        <pose>Unspecified</pose>
        <truncated>0</truncated>
        <difficult>0</difficult>
        <bndbox>
            <xmin>1479</xmin>
            <ymin>720</ymin>
            <xmax>1486</xmax>
            <ymax>727</ymax>
        </bndbox>
    </object>
    <object>
        <name>ex</name>
        <pose>Unspecified</pose>
        <truncated>0</truncated>
        <difficult>0</difficult>
        <bndbox>
            <xmin>731</xmin>
            <ymin>1414</ymin>
            <xmax>747</xmax>
            <ymax>1429</ymax>
        </bndbox>
    </object>
    <object>
        <name>ex</name>
        <pose>Unspecified</pose>
        <truncated>0</truncated>
        <difficult>0</difficult>
        <bndbox>
            <xmin>782</xmin>
            <ymin>1364</ymin>
            <xmax>789</xmax>
            <ymax>1374</ymax>
        </bndbox>
    </object>
    <object>
        <name>ex</name>
        <pose>Unspecified</pose>
        <truncated>0</truncated>
        <difficult>0</difficult>
        <bndbox>
            <xmin>1199</xmin>
            <ymin>333</ymin>
            <xmax>1209</xmax>
            <ymax>352</ymax>
        </bndbox>
    </object>
    <object>
        <name>ex</name>
        <pose>Unspecified</pose>
        <truncated>0</truncated>
        <difficult>0</difficult>
        <bndbox>
            <xmin>1518</xmin>
            <ymin>879</ymin>
            <xmax>1526</xmax>
            <ymax>888</ymax>
        </bndbox>
    </object>
    <object>
        <name>ex</name>
        <pose>Unspecified</pose>
        <truncated>0</truncated>
        <difficult>0</difficult>
        <bndbox>
            <xmin>1545</xmin>
            <ymin>908</ymin>
            <xmax>1565</xmax>
            <ymax>924</ymax>
        </bndbox>
    </object>
    <object>
        <name>ex</name>
        <pose>Unspecified</pose>
        <truncated>0</truncated>
        <difficult>0</difficult>
        <bndbox>
            <xmin>1592</xmin>
            <ymin>529</ymin>
            <xmax>1599</xmax>
            <ymax>534</ymax>
        </bndbox>
    </object>
    <object>
        <name>ex</name>
        <pose>Unspecified</pose>
        <truncated>0</truncated>
        <difficult>0</difficult>
        <bndbox>
            <xmin>1598</xmin>
            <ymin>957</ymin>
            <xmax>1608</xmax>
            <ymax>966</ymax>
        </bndbox>
    </object>
    <object>
        <name>ex</name>
        <pose>Unspecified</pose>
        <truncated>0</truncated>
        <difficult>0</difficult>
        <bndbox>
            <xmin>1625</xmin>
            <ymin>921</ymin>
            <xmax>1638</xmax>
            <ymax>934</ymax>
        </bndbox>
    </object>
    <object>
        <name>ex</name>
        <pose>Unspecified</pose>
        <truncated>0</truncated>
        <difficult>0</difficult>
        <bndbox>
            <xmin>1637</xmin>
            <ymin>410</ymin>
            <xmax>1644</xmax>
            <ymax>419</ymax>
        </bndbox>
    </object>
    <object>
        <name>ex</name>
        <pose>Unspecified</pose>
        <truncated>0</truncated>
        <difficult>0</difficult>
        <bndbox>
            <xmin>1651</xmin>
            <ymin>927</ymin>
            <xmax>1661</xmax>
            <ymax>938</ymax>
        </bndbox>
    </object>
    <object>
        <name>ma</name>
        <pose>Unspecified</pose>
        <truncated>0</truncated>
        <difficult>0</difficult>
        <bndbox>
            <xmin>1214</xmin>
            <ymin>1373</ymin>
            <xmax>1228</xmax>
            <ymax>1382</ymax>
        </bndbox>
    </object>
    <object>
        <name>ma</name>
        <pose>Unspecified</pose>
        <truncated>0</truncated>
        <difficult>0</difficult>
        <bndbox>
            <xmin>1255</xmin>
            <ymin>842</ymin>
            <xmax>1265</xmax>
            <ymax>856</ymax>
        </bndbox>
    </object>
    <object>
        <name>ma</name>
        <pose>Unspecified</pose>
        <truncated>0</truncated>
        <difficult>0</difficult>
        <bndbox>
            <xmin>1473</xmin>
            <ymin>693</ymin>
            <xmax>1476</xmax>
            <ymax>696</ymax>
        </bndbox>
    </object>
    <object>
        <name>ma</name>
        <pose>Unspecified</pose>
        <truncated>0</truncated>
        <difficult>0</difficult>
        <bndbox>
            <xmin>1479</xmin>
            <ymin>720</ymin>
            <xmax>1486</xmax>
            <ymax>727</ymax>
        </bndbox>
    </object>
    <object>
        <name>ex</name>
        <pose>Unspecified</pose>
        <truncated>0</truncated>
        <difficult>0</difficult>
        <bndbox>
            <xmin>731</xmin>
            <ymin>1414</ymin>
            <xmax>747</xmax>
            <ymax>1429</ymax>
        </bndbox>
    </object>
    <object>
        <name>ex</name>
        <pose>Unspecified</pose>
        <truncated>0</truncated>
        <difficult>0</difficult>
        <bndbox>
            <xmin>782</xmin>
            <ymin>1364</ymin>
            <xmax>789</xmax>
            <ymax>1374</ymax>
        </bndbox>
    </object>
    <object>
        <name>ex</name>
        <pose>Unspecified</pose>
        <truncated>0</truncated>
        <difficult>0</difficult>
        <bndbox>
            <xmin>1199</xmin>
            <ymin>333</ymin>
            <xmax>1209</xmax>
            <ymax>352</ymax>
        </bndbox>
    </object>
    <object>
        <name>ex</name>
        <pose>Unspecified</pose>
        <truncated>0</truncated>
        <difficult>0</difficult>
        <bndbox>
            <xmin>1518</xmin>
            <ymin>879</ymin>
            <xmax>1526</xmax>
            <ymax>888</ymax>
        </bndbox>
    </object>
    <object>
        <name>ex</name>
        <pose>Unspecified</pose>
        <truncated>0</truncated>
        <difficult>0</difficult>
        <bndbox>
            <xmin>1545</xmin>
            <ymin>908</ymin>
            <xmax>1565</xmax>
            <ymax>924</ymax>
        </bndbox>
    </object>
    <object>
        <name>ex</name>
        <pose>Unspecified</pose>
        <truncated>0</truncated>
        <difficult>0</difficult>
        <bndbox>
            <xmin>1592</xmin>
            <ymin>529</ymin>
            <xmax>1599</xmax>
            <ymax>534</ymax>
        </bndbox>
    </object>
    <object>
        <name>ex</name>
        <pose>Unspecified</pose>
        <truncated>0</truncated>
        <difficult>0</difficult>
        <bndbox>
            <xmin>1598</xmin>
            <ymin>957</ymin>
            <xmax>1608</xmax>
            <ymax>966</ymax>
        </bndbox>
    </object>
    <object>
        <name>ex</name>
        <pose>Unspecified</pose>
        <truncated>0</truncated>
        <difficult>0</difficult>
        <bndbox>
            <xmin>1625</xmin>
            <ymin>921</ymin>
            <xmax>1638</xmax>
            <ymax>934</ymax>
        </bndbox>
    </object>
    <object>
        <name>ex</name>
        <pose>Unspecified</pose>
        <truncated>0</truncated>
        <difficult>0</difficult>
        <bndbox>
            <xmin>1637</xmin>
            <ymin>410</ymin>
            <xmax>1644</xmax>
            <ymax>419</ymax>
        </bndbox>
    </object>
    <object>
        <name>ex</name>
        <pose>Unspecified</pose>
        <truncated>0</truncated>
        <difficult>0</difficult>
        <bndbox>
            <xmin>1651</xmin>
            <ymin>927</ymin>
            <xmax>1661</xmax>
            <ymax>938</ymax>
        </bndbox>
    </object>
</annotation>