<annotation>
    <folder>OurDataset</folder>
    <filename>007-3933-200.jpg</filename>
    <size>
        <width>3888</width>
        <height>2592</height>
        <depth>3</depth>
    </size>
    <object>
        <name>ex</name>
        <pose>Unspecified</pose>
        <truncated>0</truncated>
        <difficult>0</difficult>
        <bndbox>
            <xmin>933</xmin>
            <ymin>1099</ymin>
            <xmax>939</xmax>
            <ymax>1109</ymax>
        </bndbox>
    </object>
    <object>
        <name>ex</name>
        <pose>Unspecified</pose>
        <truncated>0</truncated>
        <difficult>0</difficult>
        <bndbox>
            <xmin>969</xmin>
            <ymin>1139</ymin>
            <xmax>977</xmax>
            <ymax>1145</ymax>
        </bndbox>
    </object>
    <object>
        <name>ex</name>
        <pose>Unspecified</pose>
        <truncated>0</truncated>
        <difficult>0</difficult>
        <bndbox>
            <xmin>1023</xmin>
            <ymin>1099</ymin>
            <xmax>1033</xmax>
            <ymax>1111</ymax>
        </bndbox>
    </object>
    <object>
        <name>he</name>
        <pose>Unspecified</pose>
        <truncated>0</truncated>
        <difficult>0</difficult>
        <bndbox>
            <xmin>1077</xmin>
            <ymin>1069</ymin>
            <xmax>1173</xmax>
            <ymax>1155</ymax>
        </bndbox>
    </object>
    <object>
        <name>he</name>
        <pose>Unspecified</pose>
        <truncated>0</truncated>
        <difficult>0</difficult>
        <bndbox>
            <xmin>1225</xmin>
            <ymin>807</ymin>
            <xmax>1231</xmax>
            <ymax>815</ymax>
        </bndbox>
    </object>
    <object>
        <name>he</name>
        <pose>Unspecified</pose>
        <truncated>0</truncated>
        <difficult>0</difficult>
        <bndbox>
            <xmin>1441</xmin>
            <ymin>595</ymin>
            <xmax>1461</xmax>
            <ymax>611</ymax>
        </bndbox>
    </object>
    <object>
        <name>he</name>
        <pose>Unspecified</pose>
        <truncated>0</truncated>
        <difficult>0</difficult>
        <bndbox>
            <xmin>1841</xmin>
            <ymin>593</ymin>
            <xmax>1885</xmax>
            <ymax>627</ymax>
        </bndbox>
    </object>
    <object>
        <name>he</name>
        <pose>Unspecified</pose>
        <truncated>0</truncated>
        <difficult>0</difficult>
        <bndbox>
            <xmin>2279</xmin>
            <ymin>515</ymin>
            <xmax>2311</xmax>
            <ymax>543</ymax>
        </bndbox>
    </object>
    <object>
        <name>he</name>
        <pose>Unspecified</pose>
        <truncated>0</truncated>
        <difficult>0</difficult>
        <bndbox>
            <xmin>2307</xmin>
            <ymin>559</ymin>
            <xmax>2315</xmax>
            <ymax>565</ymax>
        </bndbox>
    </object>
    <object>
        <name>he</name>
        <pose>Unspecified</pose>
        <truncated>0</truncated>
        <difficult>0</difficult>
        <bndbox>
            <xmin>2311</xmin>
            <ymin>2315</ymin>
            <xmax>2391</xmax>
            <ymax>2391</ymax>
        </bndbox>
    </object>
    <object>
        <name>ex</name>
        <pose>Unspecified</pose>
        <truncated>0</truncated>
        <difficult>0</difficult>
        <bndbox>
            <xmin>933</xmin>
            <ymin>1099</ymin>
            <xmax>939</xmax>
            <ymax>1109</ymax>
        </bndbox>
    </object>
    <object>
        <name>ex</name>
        <pose>Unspecified</pose>
        <truncated>0</truncated>
        <difficult>0</difficult>
        <bndbox>
            <xmin>969</xmin>
            <ymin>1139</ymin>
            <xmax>977</xmax>
            <ymax>1145</ymax>
        </bndbox>
    </object>
    <object>
        <name>ex</name>
        <pose>Unspecified</pose>
        <truncated>0</truncated>
        <difficult>0</difficult>
        <bndbox>
            <xmin>1023</xmin>
            <ymin>1099</ymin>
            <xmax>1033</xmax>
            <ymax>1111</ymax>
        </bndbox>
    </object>
    <object>
        <name>he</name>
        <pose>Unspecified</pose>
        <truncated>0</truncated>
        <difficult>0</difficult>
        <bndbox>
            <xmin>1077</xmin>
            <ymin>1069</ymin>
            <xmax>1173</xmax>
            <ymax>1155</ymax>
        </bndbox>
    </object>
    <object>
        <name>he</name>
        <pose>Unspecified</pose>
        <truncated>0</truncated>
        <difficult>0</difficult>
        <bndbox>
            <xmin>1225</xmin>
            <ymin>807</ymin>
            <xmax>1231</xmax>
            <ymax>815</ymax>
        </bndbox>
    </object>
    <object>
        <name>he</name>
        <pose>Unspecified</pose>
        <truncated>0</truncated>
        <difficult>0</difficult>
        <bndbox>
            <xmin>1441</xmin>
            <ymin>595</ymin>
            <xmax>1461</xmax>
            <ymax>611</ymax>
        </bndbox>
    </object>
    <object>
        <name>he</name>
        <pose>Unspecified</pose>
        <truncated>0</truncated>
        <difficult>0</difficult>
        <bndbox>
            <xmin>1841</xmin>
            <ymin>593</ymin>
            <xmax>1885</xmax>
            <ymax>627</ymax>
        </bndbox>
    </object>
    <object>
        <name>he</name>
        <pose>Unspecified</pose>
        <truncated>0</truncated>
        <difficult>0</difficult>
        <bndbox>
            <xmin>2279</xmin>
            <ymin>515</ymin>
            <xmax>2311</xmax>
            <ymax>543</ymax>
        </bndbox>
    </object>
    <object>
        <name>he</name>
        <pose>Unspecified</pose>
        <truncated>0</truncated>
        <difficult>0</difficult>
        <bndbox>
            <xmin>2307</xmin>
            <ymin>559</ymin>
            <xmax>2315</xmax>
            <ymax>565</ymax>
        </bndbox>
    </object>
    <object>
        <name>he</name>
        <pose>Unspecified</pose>
        <truncated>0</truncated>
        <difficult>0</difficult>
        <bndbox>
            <xmin>2311</xmin>
            <ymin>2315</ymin>
            <xmax>2391</xmax>
            <ymax>2391</ymax>
        </bndbox>
    </object>
    <object>
        <name>ex</name>
        <pose>Unspecified</pose>
        <truncated>0</truncated>
        <difficult>0</difficult>
        <bndbox>
            <xmin>933</xmin>
            <ymin>1099</ymin>
            <xmax>939</xmax>
            <ymax>1109</ymax>
        </bndbox>
    </object>
    <object>
        <name>ex</name>
        <pose>Unspecified</pose>
        <truncated>0</truncated>
        <difficult>0</difficult>
        <bndbox>
            <xmin>969</xmin>
            <ymin>1139</ymin>
            <xmax>977</xmax>
            <ymax>1145</ymax>
        </bndbox>
    </object>
    <object>
        <name>ex</name>
        <pose>Unspecified</pose>
        <truncated>0</truncated>
        <difficult>0</difficult>
        <bndbox>
            <xmin>1023</xmin>
            <ymin>1099</ymin>
            <xmax>1033</xmax>
            <ymax>1111</ymax>
        </bndbox>
    </object>
</annotation>