<annotation>
    <folder>OurDataset</folder>
    <filename>007-5267-300.jpg</filename>
    <size>
        <width>2960</width>
        <height>2935</height>
        <depth>3</depth>
    </size>
    <object>
        <name>se</name>
        <pose>Unspecified</pose>
        <truncated>0</truncated>
        <difficult>0</difficult>
        <bndbox>
            <xmin>533</xmin>
            <ymin>2370</ymin>
            <xmax>617</xmax>
            <ymax>2466</ymax>
        </bndbox>
    </object>
    <object>
        <name>se</name>
        <pose>Unspecified</pose>
        <truncated>0</truncated>
        <difficult>0</difficult>
        <bndbox>
            <xmin>1491</xmin>
            <ymin>2042</ymin>
            <xmax>1589</xmax>
            <ymax>2156</ymax>
        </bndbox>
    </object>
    <object>
        <name>ma</name>
        <pose>Unspecified</pose>
        <truncated>0</truncated>
        <difficult>0</difficult>
        <bndbox>
            <xmin>511</xmin>
            <ymin>988</ymin>
            <xmax>543</xmax>
            <ymax>1016</ymax>
        </bndbox>
    </object>
    <object>
        <name>ma</name>
        <pose>Unspecified</pose>
        <truncated>0</truncated>
        <difficult>0</difficult>
        <bndbox>
            <xmin>1403</xmin>
            <ymin>582</ymin>
            <xmax>1445</xmax>
            <ymax>616</ymax>
        </bndbox>
    </object>
    <object>
        <name>ma</name>
        <pose>Unspecified</pose>
        <truncated>0</truncated>
        <difficult>0</difficult>
        <bndbox>
            <xmin>1523</xmin>
            <ymin>1992</ymin>
            <xmax>1539</xmax>
            <ymax>2012</ymax>
        </bndbox>
    </object>
    <object>
        <name>se</name>
        <pose>Unspecified</pose>
        <truncated>0</truncated>
        <difficult>0</difficult>
        <bndbox>
            <xmin>533</xmin>
            <ymin>2370</ymin>
            <xmax>617</xmax>
            <ymax>2466</ymax>
        </bndbox>
    </object>
    <object>
        <name>se</name>
        <pose>Unspecified</pose>
        <truncated>0</truncated>
        <difficult>0</difficult>
        <bndbox>
            <xmin>1491</xmin>
            <ymin>2042</ymin>
            <xmax>1589</xmax>
            <ymax>2156</ymax>
        </bndbox>
    </object>
    <object>
        <name>ma</name>
        <pose>Unspecified</pose>
        <truncated>0</truncated>
        <difficult>0</difficult>
        <bndbox>
            <xmin>511</xmin>
            <ymin>988</ymin>
            <xmax>543</xmax>
            <ymax>1016</ymax>
        </bndbox>
    </object>
    <object>
        <name>ma</name>
        <pose>Unspecified</pose>
        <truncated>0</truncated>
        <difficult>0</difficult>
        <bndbox>
            <xmin>1403</xmin>
            <ymin>582</ymin>
            <xmax>1445</xmax>
            <ymax>616</ymax>
        </bndbox>
    </object>
    <object>
        <name>ma</name>
        <pose>Unspecified</pose>
        <truncated>0</truncated>
        <difficult>0</difficult>
        <bndbox>
            <xmin>1523</xmin>
            <ymin>1992</ymin>
            <xmax>1539</xmax>
            <ymax>2012</ymax>
        </bndbox>
    </object>
</annotation>