<annotation>
    <folder>OurDataset</folder>
    <filename>007-4667-200.jpg</filename>
    <size>
        <width>3456</width>
        <height>3456</height>
        <depth>3</depth>
    </size>
    <object>
        <name>ex</name>
        <pose>Unspecified</pose>
        <truncated>0</truncated>
        <difficult>0</difficult>
        <bndbox>
            <xmin>823</xmin>
            <ymin>973</ymin>
            <xmax>829</xmax>
            <ymax>979</ymax>
        </bndbox>
    </object>
    <object>
        <name>ex</name>
        <pose>Unspecified</pose>
        <truncated>0</truncated>
        <difficult>0</difficult>
        <bndbox>
            <xmin>823</xmin>
            <ymin>995</ymin>
            <xmax>835</xmax>
            <ymax>1023</ymax>
        </bndbox>
    </object>
    <object>
        <name>ex</name>
        <pose>Unspecified</pose>
        <truncated>0</truncated>
        <difficult>0</difficult>
        <bndbox>
            <xmin>825</xmin>
            <ymin>1089</ymin>
            <xmax>835</xmax>
            <ymax>1095</ymax>
        </bndbox>
    </object>
    <object>
        <name>ex</name>
        <pose>Unspecified</pose>
        <truncated>0</truncated>
        <difficult>0</difficult>
        <bndbox>
            <xmin>829</xmin>
            <ymin>985</ymin>
            <xmax>833</xmax>
            <ymax>991</ymax>
        </bndbox>
    </object>
    <object>
        <name>ex</name>
        <pose>Unspecified</pose>
        <truncated>0</truncated>
        <difficult>0</difficult>
        <bndbox>
            <xmin>839</xmin>
            <ymin>1059</ymin>
            <xmax>841</xmax>
            <ymax>1065</ymax>
        </bndbox>
    </object>
    <object>
        <name>ex</name>
        <pose>Unspecified</pose>
        <truncated>0</truncated>
        <difficult>0</difficult>
        <bndbox>
            <xmin>849</xmin>
            <ymin>1071</ymin>
            <xmax>873</xmax>
            <ymax>1095</ymax>
        </bndbox>
    </object>
    <object>
        <name>ex</name>
        <pose>Unspecified</pose>
        <truncated>0</truncated>
        <difficult>0</difficult>
        <bndbox>
            <xmin>855</xmin>
            <ymin>927</ymin>
            <xmax>883</xmax>
            <ymax>943</ymax>
        </bndbox>
    </object>
    <object>
        <name>ex</name>
        <pose>Unspecified</pose>
        <truncated>0</truncated>
        <difficult>0</difficult>
        <bndbox>
            <xmin>865</xmin>
            <ymin>1005</ymin>
            <xmax>877</xmax>
            <ymax>1017</ymax>
        </bndbox>
    </object>
    <object>
        <name>ex</name>
        <pose>Unspecified</pose>
        <truncated>0</truncated>
        <difficult>0</difficult>
        <bndbox>
            <xmin>865</xmin>
            <ymin>1113</ymin>
            <xmax>877</xmax>
            <ymax>1127</ymax>
        </bndbox>
    </object>
    <object>
        <name>ex</name>
        <pose>Unspecified</pose>
        <truncated>0</truncated>
        <difficult>0</difficult>
        <bndbox>
            <xmin>881</xmin>
            <ymin>1101</ymin>
            <xmax>887</xmax>
            <ymax>1107</ymax>
        </bndbox>
    </object>
    <object>
        <name>ex</name>
        <pose>Unspecified</pose>
        <truncated>0</truncated>
        <difficult>0</difficult>
        <bndbox>
            <xmin>897</xmin>
            <ymin>969</ymin>
            <xmax>907</xmax>
            <ymax>983</ymax>
        </bndbox>
    </object>
    <object>
        <name>ex</name>
        <pose>Unspecified</pose>
        <truncated>0</truncated>
        <difficult>0</difficult>
        <bndbox>
            <xmin>899</xmin>
            <ymin>1075</ymin>
            <xmax>913</xmax>
            <ymax>1089</ymax>
        </bndbox>
    </object>
    <object>
        <name>ex</name>
        <pose>Unspecified</pose>
        <truncated>0</truncated>
        <difficult>0</difficult>
        <bndbox>
            <xmin>909</xmin>
            <ymin>921</ymin>
            <xmax>913</xmax>
            <ymax>927</ymax>
        </bndbox>
    </object>
    <object>
        <name>ex</name>
        <pose>Unspecified</pose>
        <truncated>0</truncated>
        <difficult>0</difficult>
        <bndbox>
            <xmin>913</xmin>
            <ymin>997</ymin>
            <xmax>945</xmax>
            <ymax>1017</ymax>
        </bndbox>
    </object>
    <object>
        <name>ex</name>
        <pose>Unspecified</pose>
        <truncated>0</truncated>
        <difficult>0</difficult>
        <bndbox>
            <xmin>931</xmin>
            <ymin>1089</ymin>
            <xmax>941</xmax>
            <ymax>1095</ymax>
        </bndbox>
    </object>
    <object>
        <name>ex</name>
        <pose>Unspecified</pose>
        <truncated>0</truncated>
        <difficult>0</difficult>
        <bndbox>
            <xmin>955</xmin>
            <ymin>1069</ymin>
            <xmax>973</xmax>
            <ymax>1091</ymax>
        </bndbox>
    </object>
    <object>
        <name>ex</name>
        <pose>Unspecified</pose>
        <truncated>0</truncated>
        <difficult>0</difficult>
        <bndbox>
            <xmin>957</xmin>
            <ymin>1015</ymin>
            <xmax>965</xmax>
            <ymax>1023</ymax>
        </bndbox>
    </object>
    <object>
        <name>ex</name>
        <pose>Unspecified</pose>
        <truncated>0</truncated>
        <difficult>0</difficult>
        <bndbox>
            <xmin>1089</xmin>
            <ymin>1197</ymin>
            <xmax>1167</xmax>
            <ymax>1239</ymax>
        </bndbox>
    </object>
    <object>
        <name>ex</name>
        <pose>Unspecified</pose>
        <truncated>0</truncated>
        <difficult>0</difficult>
        <bndbox>
            <xmin>2367</xmin>
            <ymin>653</ymin>
            <xmax>2387</xmax>
            <ymax>667</ymax>
        </bndbox>
    </object>
    <object>
        <name>ex</name>
        <pose>Unspecified</pose>
        <truncated>0</truncated>
        <difficult>0</difficult>
        <bndbox>
            <xmin>2399</xmin>
            <ymin>663</ymin>
            <xmax>2429</xmax>
            <ymax>679</ymax>
        </bndbox>
    </object>
    <object>
        <name>ex</name>
        <pose>Unspecified</pose>
        <truncated>0</truncated>
        <difficult>0</difficult>
        <bndbox>
            <xmin>2429</xmin>
            <ymin>625</ymin>
            <xmax>2439</xmax>
            <ymax>631</ymax>
        </bndbox>
    </object>
    <object>
        <name>ex</name>
        <pose>Unspecified</pose>
        <truncated>0</truncated>
        <difficult>0</difficult>
        <bndbox>
            <xmin>2439</xmin>
            <ymin>679</ymin>
            <xmax>2451</xmax>
            <ymax>689</ymax>
        </bndbox>
    </object>
    <object>
        <name>ex</name>
        <pose>Unspecified</pose>
        <truncated>0</truncated>
        <difficult>0</difficult>
        <bndbox>
            <xmin>2461</xmin>
            <ymin>779</ymin>
            <xmax>2471</xmax>
            <ymax>785</ymax>
        </bndbox>
    </object>
    <object>
        <name>ex</name>
        <pose>Unspecified</pose>
        <truncated>0</truncated>
        <difficult>0</difficult>
        <bndbox>
            <xmin>2483</xmin>
            <ymin>789</ymin>
            <xmax>2489</xmax>
            <ymax>795</ymax>
        </bndbox>
    </object>
    <object>
        <name>ex</name>
        <pose>Unspecified</pose>
        <truncated>0</truncated>
        <difficult>0</difficult>
        <bndbox>
            <xmin>2493</xmin>
            <ymin>471</ymin>
            <xmax>2525</xmax>
            <ymax>503</ymax>
        </bndbox>
    </object>
    <object>
        <name>ex</name>
        <pose>Unspecified</pose>
        <truncated>0</truncated>
        <difficult>0</difficult>
        <bndbox>
            <xmin>2503</xmin>
            <ymin>817</ymin>
            <xmax>2541</xmax>
            <ymax>857</ymax>
        </bndbox>
    </object>
    <object>
        <name>ex</name>
        <pose>Unspecified</pose>
        <truncated>0</truncated>
        <difficult>0</difficult>
        <bndbox>
            <xmin>2541</xmin>
            <ymin>811</ymin>
            <xmax>2551</xmax>
            <ymax>821</ymax>
        </bndbox>
    </object>
    <object>
        <name>ex</name>
        <pose>Unspecified</pose>
        <truncated>0</truncated>
        <difficult>0</difficult>
        <bndbox>
            <xmin>2541</xmin>
            <ymin>863</ymin>
            <xmax>2547</xmax>
            <ymax>873</ymax>
        </bndbox>
    </object>
    <object>
        <name>ex</name>
        <pose>Unspecified</pose>
        <truncated>0</truncated>
        <difficult>0</difficult>
        <bndbox>
            <xmin>2545</xmin>
            <ymin>505</ymin>
            <xmax>2583</xmax>
            <ymax>535</ymax>
        </bndbox>
    </object>
    <object>
        <name>ex</name>
        <pose>Unspecified</pose>
        <truncated>0</truncated>
        <difficult>0</difficult>
        <bndbox>
            <xmin>2589</xmin>
            <ymin>557</ymin>
            <xmax>2613</xmax>
            <ymax>573</ymax>
        </bndbox>
    </object>
    <object>
        <name>ex</name>
        <pose>Unspecified</pose>
        <truncated>0</truncated>
        <difficult>0</difficult>
        <bndbox>
            <xmin>2589</xmin>
            <ymin>705</ymin>
            <xmax>2619</xmax>
            <ymax>741</ymax>
        </bndbox>
    </object>
    <object>
        <name>ex</name>
        <pose>Unspecified</pose>
        <truncated>0</truncated>
        <difficult>0</difficult>
        <bndbox>
            <xmin>2589</xmin>
            <ymin>747</ymin>
            <xmax>2613</xmax>
            <ymax>779</ymax>
        </bndbox>
    </object>
    <object>
        <name>ex</name>
        <pose>Unspecified</pose>
        <truncated>0</truncated>
        <difficult>0</difficult>
        <bndbox>
            <xmin>2599</xmin>
            <ymin>505</ymin>
            <xmax>2619</xmax>
            <ymax>521</ymax>
        </bndbox>
    </object>
    <object>
        <name>ex</name>
        <pose>Unspecified</pose>
        <truncated>0</truncated>
        <difficult>0</difficult>
        <bndbox>
            <xmin>2637</xmin>
            <ymin>651</ymin>
            <xmax>2705</xmax>
            <ymax>699</ymax>
        </bndbox>
    </object>
    <object>
        <name>ma</name>
        <pose>Unspecified</pose>
        <truncated>0</truncated>
        <difficult>0</difficult>
        <bndbox>
            <xmin>321</xmin>
            <ymin>1921</ymin>
            <xmax>329</xmax>
            <ymax>1935</ymax>
        </bndbox>
    </object>
    <object>
        <name>ma</name>
        <pose>Unspecified</pose>
        <truncated>0</truncated>
        <difficult>0</difficult>
        <bndbox>
            <xmin>469</xmin>
            <ymin>2617</ymin>
            <xmax>487</xmax>
            <ymax>2627</ymax>
        </bndbox>
    </object>
    <object>
        <name>ma</name>
        <pose>Unspecified</pose>
        <truncated>0</truncated>
        <difficult>0</difficult>
        <bndbox>
            <xmin>1219</xmin>
            <ymin>947</ymin>
            <xmax>1237</xmax>
            <ymax>969</ymax>
        </bndbox>
    </object>
    <object>
        <name>ma</name>
        <pose>Unspecified</pose>
        <truncated>0</truncated>
        <difficult>0</difficult>
        <bndbox>
            <xmin>1623</xmin>
            <ymin>293</ymin>
            <xmax>1633</xmax>
            <ymax>299</ymax>
        </bndbox>
    </object>
    <object>
        <name>ma</name>
        <pose>Unspecified</pose>
        <truncated>0</truncated>
        <difficult>0</difficult>
        <bndbox>
            <xmin>1721</xmin>
            <ymin>421</ymin>
            <xmax>1733</xmax>
            <ymax>435</ymax>
        </bndbox>
    </object>
    <object>
        <name>ma</name>
        <pose>Unspecified</pose>
        <truncated>0</truncated>
        <difficult>0</difficult>
        <bndbox>
            <xmin>1837</xmin>
            <ymin>865</ymin>
            <xmax>1849</xmax>
            <ymax>875</ymax>
        </bndbox>
    </object>
    <object>
        <name>ma</name>
        <pose>Unspecified</pose>
        <truncated>0</truncated>
        <difficult>0</difficult>
        <bndbox>
            <xmin>1891</xmin>
            <ymin>3151</ymin>
            <xmax>1921</xmax>
            <ymax>3163</ymax>
        </bndbox>
    </object>
    <object>
        <name>ma</name>
        <pose>Unspecified</pose>
        <truncated>0</truncated>
        <difficult>0</difficult>
        <bndbox>
            <xmin>1903</xmin>
            <ymin>2607</ymin>
            <xmax>1917</xmax>
            <ymax>2617</ymax>
        </bndbox>
    </object>
    <object>
        <name>ma</name>
        <pose>Unspecified</pose>
        <truncated>0</truncated>
        <difficult>0</difficult>
        <bndbox>
            <xmin>1921</xmin>
            <ymin>1629</ymin>
            <xmax>1937</xmax>
            <ymax>1639</ymax>
        </bndbox>
    </object>
    <object>
        <name>ma</name>
        <pose>Unspecified</pose>
        <truncated>0</truncated>
        <difficult>0</difficult>
        <bndbox>
            <xmin>1953</xmin>
            <ymin>2745</ymin>
            <xmax>1969</xmax>
            <ymax>2761</ymax>
        </bndbox>
    </object>
    <object>
        <name>ma</name>
        <pose>Unspecified</pose>
        <truncated>0</truncated>
        <difficult>0</difficult>
        <bndbox>
            <xmin>1997</xmin>
            <ymin>627</ymin>
            <xmax>2019</xmax>
            <ymax>645</ymax>
        </bndbox>
    </object>
    <object>
        <name>ma</name>
        <pose>Unspecified</pose>
        <truncated>0</truncated>
        <difficult>0</difficult>
        <bndbox>
            <xmin>2191</xmin>
            <ymin>2391</ymin>
            <xmax>2203</xmax>
            <ymax>2411</ymax>
        </bndbox>
    </object>
    <object>
        <name>ma</name>
        <pose>Unspecified</pose>
        <truncated>0</truncated>
        <difficult>0</difficult>
        <bndbox>
            <xmin>2357</xmin>
            <ymin>3113</ymin>
            <xmax>2373</xmax>
            <ymax>3129</ymax>
        </bndbox>
    </object>
    <object>
        <name>ma</name>
        <pose>Unspecified</pose>
        <truncated>0</truncated>
        <difficult>0</difficult>
        <bndbox>
            <xmin>2407</xmin>
            <ymin>2185</ymin>
            <xmax>2419</xmax>
            <ymax>2205</ymax>
        </bndbox>
    </object>
    <object>
        <name>ma</name>
        <pose>Unspecified</pose>
        <truncated>0</truncated>
        <difficult>0</difficult>
        <bndbox>
            <xmin>2653</xmin>
            <ymin>545</ymin>
            <xmax>2667</xmax>
            <ymax>563</ymax>
        </bndbox>
    </object>
    <object>
        <name>ma</name>
        <pose>Unspecified</pose>
        <truncated>0</truncated>
        <difficult>0</difficult>
        <bndbox>
            <xmin>2673</xmin>
            <ymin>833</ymin>
            <xmax>2683</xmax>
            <ymax>841</ymax>
        </bndbox>
    </object>
    <object>
        <name>ma</name>
        <pose>Unspecified</pose>
        <truncated>0</truncated>
        <difficult>0</difficult>
        <bndbox>
            <xmin>2705</xmin>
            <ymin>2913</ymin>
            <xmax>2719</xmax>
            <ymax>2939</ymax>
        </bndbox>
    </object>
    <object>
        <name>he</name>
        <pose>Unspecified</pose>
        <truncated>0</truncated>
        <difficult>0</difficult>
        <bndbox>
            <xmin>369</xmin>
            <ymin>2237</ymin>
            <xmax>395</xmax>
            <ymax>2269</ymax>
        </bndbox>
    </object>
    <object>
        <name>he</name>
        <pose>Unspecified</pose>
        <truncated>0</truncated>
        <difficult>0</difficult>
        <bndbox>
            <xmin>459</xmin>
            <ymin>2121</ymin>
            <xmax>495</xmax>
            <ymax>2167</ymax>
        </bndbox>
    </object>
    <object>
        <name>he</name>
        <pose>Unspecified</pose>
        <truncated>0</truncated>
        <difficult>0</difficult>
        <bndbox>
            <xmin>513</xmin>
            <ymin>2175</ymin>
            <xmax>533</xmax>
            <ymax>2191</ymax>
        </bndbox>
    </object>
    <object>
        <name>he</name>
        <pose>Unspecified</pose>
        <truncated>0</truncated>
        <difficult>0</difficult>
        <bndbox>
            <xmin>1013</xmin>
            <ymin>503</ymin>
            <xmax>1047</xmax>
            <ymax>545</ymax>
        </bndbox>
    </object>
    <object>
        <name>he</name>
        <pose>Unspecified</pose>
        <truncated>0</truncated>
        <difficult>0</difficult>
        <bndbox>
            <xmin>1409</xmin>
            <ymin>2333</ymin>
            <xmax>1431</xmax>
            <ymax>2363</ymax>
        </bndbox>
    </object>
    <object>
        <name>he</name>
        <pose>Unspecified</pose>
        <truncated>0</truncated>
        <difficult>0</difficult>
        <bndbox>
            <xmin>1463</xmin>
            <ymin>2321</ymin>
            <xmax>1485</xmax>
            <ymax>2353</ymax>
        </bndbox>
    </object>
    <object>
        <name>he</name>
        <pose>Unspecified</pose>
        <truncated>0</truncated>
        <difficult>0</difficult>
        <bndbox>
            <xmin>1755</xmin>
            <ymin>1513</ymin>
            <xmax>1771</xmax>
            <ymax>1523</ymax>
        </bndbox>
    </object>
    <object>
        <name>he</name>
        <pose>Unspecified</pose>
        <truncated>0</truncated>
        <difficult>0</difficult>
        <bndbox>
            <xmin>1805</xmin>
            <ymin>985</ymin>
            <xmax>1849</xmax>
            <ymax>1027</ymax>
        </bndbox>
    </object>
    <object>
        <name>he</name>
        <pose>Unspecified</pose>
        <truncated>0</truncated>
        <difficult>0</difficult>
        <bndbox>
            <xmin>1821</xmin>
            <ymin>849</ymin>
            <xmax>1859</xmax>
            <ymax>879</ymax>
        </bndbox>
    </object>
    <object>
        <name>he</name>
        <pose>Unspecified</pose>
        <truncated>0</truncated>
        <difficult>0</difficult>
        <bndbox>
            <xmin>1949</xmin>
            <ymin>1947</ymin>
            <xmax>1975</xmax>
            <ymax>1969</ymax>
        </bndbox>
    </object>
    <object>
        <name>he</name>
        <pose>Unspecified</pose>
        <truncated>0</truncated>
        <difficult>0</difficult>
        <bndbox>
            <xmin>2455</xmin>
            <ymin>525</ymin>
            <xmax>2497</xmax>
            <ymax>555</ymax>
        </bndbox>
    </object>
    <object>
        <name>ex</name>
        <pose>Unspecified</pose>
        <truncated>0</truncated>
        <difficult>0</difficult>
        <bndbox>
            <xmin>823</xmin>
            <ymin>973</ymin>
            <xmax>829</xmax>
            <ymax>979</ymax>
        </bndbox>
    </object>
    <object>
        <name>ex</name>
        <pose>Unspecified</pose>
        <truncated>0</truncated>
        <difficult>0</difficult>
        <bndbox>
            <xmin>823</xmin>
            <ymin>995</ymin>
            <xmax>835</xmax>
            <ymax>1023</ymax>
        </bndbox>
    </object>
    <object>
        <name>ex</name>
        <pose>Unspecified</pose>
        <truncated>0</truncated>
        <difficult>0</difficult>
        <bndbox>
            <xmin>825</xmin>
            <ymin>1089</ymin>
            <xmax>835</xmax>
            <ymax>1095</ymax>
        </bndbox>
    </object>
    <object>
        <name>ex</name>
        <pose>Unspecified</pose>
        <truncated>0</truncated>
        <difficult>0</difficult>
        <bndbox>
            <xmin>829</xmin>
            <ymin>985</ymin>
            <xmax>833</xmax>
            <ymax>991</ymax>
        </bndbox>
    </object>
    <object>
        <name>ex</name>
        <pose>Unspecified</pose>
        <truncated>0</truncated>
        <difficult>0</difficult>
        <bndbox>
            <xmin>839</xmin>
            <ymin>1059</ymin>
            <xmax>841</xmax>
            <ymax>1065</ymax>
        </bndbox>
    </object>
    <object>
        <name>ex</name>
        <pose>Unspecified</pose>
        <truncated>0</truncated>
        <difficult>0</difficult>
        <bndbox>
            <xmin>849</xmin>
            <ymin>1071</ymin>
            <xmax>873</xmax>
            <ymax>1095</ymax>
        </bndbox>
    </object>
    <object>
        <name>ex</name>
        <pose>Unspecified</pose>
        <truncated>0</truncated>
        <difficult>0</difficult>
        <bndbox>
            <xmin>855</xmin>
            <ymin>927</ymin>
            <xmax>883</xmax>
            <ymax>943</ymax>
        </bndbox>
    </object>
    <object>
        <name>ex</name>
        <pose>Unspecified</pose>
        <truncated>0</truncated>
        <difficult>0</difficult>
        <bndbox>
            <xmin>865</xmin>
            <ymin>1005</ymin>
            <xmax>877</xmax>
            <ymax>1017</ymax>
        </bndbox>
    </object>
    <object>
        <name>ex</name>
        <pose>Unspecified</pose>
        <truncated>0</truncated>
        <difficult>0</difficult>
        <bndbox>
            <xmin>865</xmin>
            <ymin>1113</ymin>
            <xmax>877</xmax>
            <ymax>1127</ymax>
        </bndbox>
    </object>
    <object>
        <name>ex</name>
        <pose>Unspecified</pose>
        <truncated>0</truncated>
        <difficult>0</difficult>
        <bndbox>
            <xmin>881</xmin>
            <ymin>1101</ymin>
            <xmax>887</xmax>
            <ymax>1107</ymax>
        </bndbox>
    </object>
    <object>
        <name>ex</name>
        <pose>Unspecified</pose>
        <truncated>0</truncated>
        <difficult>0</difficult>
        <bndbox>
            <xmin>897</xmin>
            <ymin>969</ymin>
            <xmax>907</xmax>
            <ymax>983</ymax>
        </bndbox>
    </object>
    <object>
        <name>ex</name>
        <pose>Unspecified</pose>
        <truncated>0</truncated>
        <difficult>0</difficult>
        <bndbox>
            <xmin>899</xmin>
            <ymin>1075</ymin>
            <xmax>913</xmax>
            <ymax>1089</ymax>
        </bndbox>
    </object>
    <object>
        <name>ex</name>
        <pose>Unspecified</pose>
        <truncated>0</truncated>
        <difficult>0</difficult>
        <bndbox>
            <xmin>909</xmin>
            <ymin>921</ymin>
            <xmax>913</xmax>
            <ymax>927</ymax>
        </bndbox>
    </object>
    <object>
        <name>ex</name>
        <pose>Unspecified</pose>
        <truncated>0</truncated>
        <difficult>0</difficult>
        <bndbox>
            <xmin>913</xmin>
            <ymin>997</ymin>
            <xmax>945</xmax>
            <ymax>1017</ymax>
        </bndbox>
    </object>
    <object>
        <name>ex</name>
        <pose>Unspecified</pose>
        <truncated>0</truncated>
        <difficult>0</difficult>
        <bndbox>
            <xmin>931</xmin>
            <ymin>1089</ymin>
            <xmax>941</xmax>
            <ymax>1095</ymax>
        </bndbox>
    </object>
    <object>
        <name>ex</name>
        <pose>Unspecified</pose>
        <truncated>0</truncated>
        <difficult>0</difficult>
        <bndbox>
            <xmin>955</xmin>
            <ymin>1069</ymin>
            <xmax>973</xmax>
            <ymax>1091</ymax>
        </bndbox>
    </object>
    <object>
        <name>ex</name>
        <pose>Unspecified</pose>
        <truncated>0</truncated>
        <difficult>0</difficult>
        <bndbox>
            <xmin>957</xmin>
            <ymin>1015</ymin>
            <xmax>965</xmax>
            <ymax>1023</ymax>
        </bndbox>
    </object>
    <object>
        <name>ex</name>
        <pose>Unspecified</pose>
        <truncated>0</truncated>
        <difficult>0</difficult>
        <bndbox>
            <xmin>1089</xmin>
            <ymin>1197</ymin>
            <xmax>1167</xmax>
            <ymax>1239</ymax>
        </bndbox>
    </object>
    <object>
        <name>ex</name>
        <pose>Unspecified</pose>
        <truncated>0</truncated>
        <difficult>0</difficult>
        <bndbox>
            <xmin>2367</xmin>
            <ymin>653</ymin>
            <xmax>2387</xmax>
            <ymax>667</ymax>
        </bndbox>
    </object>
    <object>
        <name>ex</name>
        <pose>Unspecified</pose>
        <truncated>0</truncated>
        <difficult>0</difficult>
        <bndbox>
            <xmin>2399</xmin>
            <ymin>663</ymin>
            <xmax>2429</xmax>
            <ymax>679</ymax>
        </bndbox>
    </object>
    <object>
        <name>ex</name>
        <pose>Unspecified</pose>
        <truncated>0</truncated>
        <difficult>0</difficult>
        <bndbox>
            <xmin>2429</xmin>
            <ymin>625</ymin>
            <xmax>2439</xmax>
            <ymax>631</ymax>
        </bndbox>
    </object>
    <object>
        <name>ex</name>
        <pose>Unspecified</pose>
        <truncated>0</truncated>
        <difficult>0</difficult>
        <bndbox>
            <xmin>2439</xmin>
            <ymin>679</ymin>
            <xmax>2451</xmax>
            <ymax>689</ymax>
        </bndbox>
    </object>
    <object>
        <name>ex</name>
        <pose>Unspecified</pose>
        <truncated>0</truncated>
        <difficult>0</difficult>
        <bndbox>
            <xmin>2461</xmin>
            <ymin>779</ymin>
            <xmax>2471</xmax>
            <ymax>785</ymax>
        </bndbox>
    </object>
    <object>
        <name>ex</name>
        <pose>Unspecified</pose>
        <truncated>0</truncated>
        <difficult>0</difficult>
        <bndbox>
            <xmin>2483</xmin>
            <ymin>789</ymin>
            <xmax>2489</xmax>
            <ymax>795</ymax>
        </bndbox>
    </object>
    <object>
        <name>ex</name>
        <pose>Unspecified</pose>
        <truncated>0</truncated>
        <difficult>0</difficult>
        <bndbox>
            <xmin>2493</xmin>
            <ymin>471</ymin>
            <xmax>2525</xmax>
            <ymax>503</ymax>
        </bndbox>
    </object>
    <object>
        <name>ex</name>
        <pose>Unspecified</pose>
        <truncated>0</truncated>
        <difficult>0</difficult>
        <bndbox>
            <xmin>2503</xmin>
            <ymin>817</ymin>
            <xmax>2541</xmax>
            <ymax>857</ymax>
        </bndbox>
    </object>
    <object>
        <name>ex</name>
        <pose>Unspecified</pose>
        <truncated>0</truncated>
        <difficult>0</difficult>
        <bndbox>
            <xmin>2541</xmin>
            <ymin>811</ymin>
            <xmax>2551</xmax>
            <ymax>821</ymax>
        </bndbox>
    </object>
    <object>
        <name>ex</name>
        <pose>Unspecified</pose>
        <truncated>0</truncated>
        <difficult>0</difficult>
        <bndbox>
            <xmin>2541</xmin>
            <ymin>863</ymin>
            <xmax>2547</xmax>
            <ymax>873</ymax>
        </bndbox>
    </object>
    <object>
        <name>ex</name>
        <pose>Unspecified</pose>
        <truncated>0</truncated>
        <difficult>0</difficult>
        <bndbox>
            <xmin>2545</xmin>
            <ymin>505</ymin>
            <xmax>2583</xmax>
            <ymax>535</ymax>
        </bndbox>
    </object>
    <object>
        <name>ex</name>
        <pose>Unspecified</pose>
        <truncated>0</truncated>
        <difficult>0</difficult>
        <bndbox>
            <xmin>2589</xmin>
            <ymin>557</ymin>
            <xmax>2613</xmax>
            <ymax>573</ymax>
        </bndbox>
    </object>
    <object>
        <name>ex</name>
        <pose>Unspecified</pose>
        <truncated>0</truncated>
        <difficult>0</difficult>
        <bndbox>
            <xmin>2589</xmin>
            <ymin>705</ymin>
            <xmax>2619</xmax>
            <ymax>741</ymax>
        </bndbox>
    </object>
    <object>
        <name>ex</name>
        <pose>Unspecified</pose>
        <truncated>0</truncated>
        <difficult>0</difficult>
        <bndbox>
            <xmin>2589</xmin>
            <ymin>747</ymin>
            <xmax>2613</xmax>
            <ymax>779</ymax>
        </bndbox>
    </object>
    <object>
        <name>ex</name>
        <pose>Unspecified</pose>
        <truncated>0</truncated>
        <difficult>0</difficult>
        <bndbox>
            <xmin>2599</xmin>
            <ymin>505</ymin>
            <xmax>2619</xmax>
            <ymax>521</ymax>
        </bndbox>
    </object>
    <object>
        <name>ex</name>
        <pose>Unspecified</pose>
        <truncated>0</truncated>
        <difficult>0</difficult>
        <bndbox>
            <xmin>2637</xmin>
            <ymin>651</ymin>
            <xmax>2705</xmax>
            <ymax>699</ymax>
        </bndbox>
    </object>
    <object>
        <name>ma</name>
        <pose>Unspecified</pose>
        <truncated>0</truncated>
        <difficult>0</difficult>
        <bndbox>
            <xmin>321</xmin>
            <ymin>1921</ymin>
            <xmax>329</xmax>
            <ymax>1935</ymax>
        </bndbox>
    </object>
    <object>
        <name>ma</name>
        <pose>Unspecified</pose>
        <truncated>0</truncated>
        <difficult>0</difficult>
        <bndbox>
            <xmin>469</xmin>
            <ymin>2617</ymin>
            <xmax>487</xmax>
            <ymax>2627</ymax>
        </bndbox>
    </object>
    <object>
        <name>ma</name>
        <pose>Unspecified</pose>
        <truncated>0</truncated>
        <difficult>0</difficult>
        <bndbox>
            <xmin>1219</xmin>
            <ymin>947</ymin>
            <xmax>1237</xmax>
            <ymax>969</ymax>
        </bndbox>
    </object>
    <object>
        <name>ma</name>
        <pose>Unspecified</pose>
        <truncated>0</truncated>
        <difficult>0</difficult>
        <bndbox>
            <xmin>1623</xmin>
            <ymin>293</ymin>
            <xmax>1633</xmax>
            <ymax>299</ymax>
        </bndbox>
    </object>
    <object>
        <name>ma</name>
        <pose>Unspecified</pose>
        <truncated>0</truncated>
        <difficult>0</difficult>
        <bndbox>
            <xmin>1721</xmin>
            <ymin>421</ymin>
            <xmax>1733</xmax>
            <ymax>435</ymax>
        </bndbox>
    </object>
    <object>
        <name>ma</name>
        <pose>Unspecified</pose>
        <truncated>0</truncated>
        <difficult>0</difficult>
        <bndbox>
            <xmin>1837</xmin>
            <ymin>865</ymin>
            <xmax>1849</xmax>
            <ymax>875</ymax>
        </bndbox>
    </object>
    <object>
        <name>ma</name>
        <pose>Unspecified</pose>
        <truncated>0</truncated>
        <difficult>0</difficult>
        <bndbox>
            <xmin>1891</xmin>
            <ymin>3151</ymin>
            <xmax>1921</xmax>
            <ymax>3163</ymax>
        </bndbox>
    </object>
    <object>
        <name>ma</name>
        <pose>Unspecified</pose>
        <truncated>0</truncated>
        <difficult>0</difficult>
        <bndbox>
            <xmin>1903</xmin>
            <ymin>2607</ymin>
            <xmax>1917</xmax>
            <ymax>2617</ymax>
        </bndbox>
    </object>
    <object>
        <name>ma</name>
        <pose>Unspecified</pose>
        <truncated>0</truncated>
        <difficult>0</difficult>
        <bndbox>
            <xmin>1921</xmin>
            <ymin>1629</ymin>
            <xmax>1937</xmax>
            <ymax>1639</ymax>
        </bndbox>
    </object>
    <object>
        <name>ma</name>
        <pose>Unspecified</pose>
        <truncated>0</truncated>
        <difficult>0</difficult>
        <bndbox>
            <xmin>1953</xmin>
            <ymin>2745</ymin>
            <xmax>1969</xmax>
            <ymax>2761</ymax>
        </bndbox>
    </object>
    <object>
        <name>ma</name>
        <pose>Unspecified</pose>
        <truncated>0</truncated>
        <difficult>0</difficult>
        <bndbox>
            <xmin>1997</xmin>
            <ymin>627</ymin>
            <xmax>2019</xmax>
            <ymax>645</ymax>
        </bndbox>
    </object>
    <object>
        <name>ma</name>
        <pose>Unspecified</pose>
        <truncated>0</truncated>
        <difficult>0</difficult>
        <bndbox>
            <xmin>2191</xmin>
            <ymin>2391</ymin>
            <xmax>2203</xmax>
            <ymax>2411</ymax>
        </bndbox>
    </object>
    <object>
        <name>ma</name>
        <pose>Unspecified</pose>
        <truncated>0</truncated>
        <difficult>0</difficult>
        <bndbox>
            <xmin>2357</xmin>
            <ymin>3113</ymin>
            <xmax>2373</xmax>
            <ymax>3129</ymax>
        </bndbox>
    </object>
    <object>
        <name>ma</name>
        <pose>Unspecified</pose>
        <truncated>0</truncated>
        <difficult>0</difficult>
        <bndbox>
            <xmin>2407</xmin>
            <ymin>2185</ymin>
            <xmax>2419</xmax>
            <ymax>2205</ymax>
        </bndbox>
    </object>
    <object>
        <name>ma</name>
        <pose>Unspecified</pose>
        <truncated>0</truncated>
        <difficult>0</difficult>
        <bndbox>
            <xmin>2653</xmin>
            <ymin>545</ymin>
            <xmax>2667</xmax>
            <ymax>563</ymax>
        </bndbox>
    </object>
    <object>
        <name>ma</name>
        <pose>Unspecified</pose>
        <truncated>0</truncated>
        <difficult>0</difficult>
        <bndbox>
            <xmin>2673</xmin>
            <ymin>833</ymin>
            <xmax>2683</xmax>
            <ymax>841</ymax>
        </bndbox>
    </object>
    <object>
        <name>ma</name>
        <pose>Unspecified</pose>
        <truncated>0</truncated>
        <difficult>0</difficult>
        <bndbox>
            <xmin>2705</xmin>
            <ymin>2913</ymin>
            <xmax>2719</xmax>
            <ymax>2939</ymax>
        </bndbox>
    </object>
    <object>
        <name>he</name>
        <pose>Unspecified</pose>
        <truncated>0</truncated>
        <difficult>0</difficult>
        <bndbox>
            <xmin>369</xmin>
            <ymin>2237</ymin>
            <xmax>395</xmax>
            <ymax>2269</ymax>
        </bndbox>
    </object>
    <object>
        <name>he</name>
        <pose>Unspecified</pose>
        <truncated>0</truncated>
        <difficult>0</difficult>
        <bndbox>
            <xmin>459</xmin>
            <ymin>2121</ymin>
            <xmax>495</xmax>
            <ymax>2167</ymax>
        </bndbox>
    </object>
    <object>
        <name>he</name>
        <pose>Unspecified</pose>
        <truncated>0</truncated>
        <difficult>0</difficult>
        <bndbox>
            <xmin>513</xmin>
            <ymin>2175</ymin>
            <xmax>533</xmax>
            <ymax>2191</ymax>
        </bndbox>
    </object>
    <object>
        <name>he</name>
        <pose>Unspecified</pose>
        <truncated>0</truncated>
        <difficult>0</difficult>
        <bndbox>
            <xmin>1013</xmin>
            <ymin>503</ymin>
            <xmax>1047</xmax>
            <ymax>545</ymax>
        </bndbox>
    </object>
    <object>
        <name>he</name>
        <pose>Unspecified</pose>
        <truncated>0</truncated>
        <difficult>0</difficult>
        <bndbox>
            <xmin>1409</xmin>
            <ymin>2333</ymin>
            <xmax>1431</xmax>
            <ymax>2363</ymax>
        </bndbox>
    </object>
    <object>
        <name>he</name>
        <pose>Unspecified</pose>
        <truncated>0</truncated>
        <difficult>0</difficult>
        <bndbox>
            <xmin>1463</xmin>
            <ymin>2321</ymin>
            <xmax>1485</xmax>
            <ymax>2353</ymax>
        </bndbox>
    </object>
    <object>
        <name>he</name>
        <pose>Unspecified</pose>
        <truncated>0</truncated>
        <difficult>0</difficult>
        <bndbox>
            <xmin>1755</xmin>
            <ymin>1513</ymin>
            <xmax>1771</xmax>
            <ymax>1523</ymax>
        </bndbox>
    </object>
    <object>
        <name>he</name>
        <pose>Unspecified</pose>
        <truncated>0</truncated>
        <difficult>0</difficult>
        <bndbox>
            <xmin>1805</xmin>
            <ymin>985</ymin>
            <xmax>1849</xmax>
            <ymax>1027</ymax>
        </bndbox>
    </object>
    <object>
        <name>he</name>
        <pose>Unspecified</pose>
        <truncated>0</truncated>
        <difficult>0</difficult>
        <bndbox>
            <xmin>1821</xmin>
            <ymin>849</ymin>
            <xmax>1859</xmax>
            <ymax>879</ymax>
        </bndbox>
    </object>
    <object>
        <name>he</name>
        <pose>Unspecified</pose>
        <truncated>0</truncated>
        <difficult>0</difficult>
        <bndbox>
            <xmin>1949</xmin>
            <ymin>1947</ymin>
            <xmax>1975</xmax>
            <ymax>1969</ymax>
        </bndbox>
    </object>
    <object>
        <name>he</name>
        <pose>Unspecified</pose>
        <truncated>0</truncated>
        <difficult>0</difficult>
        <bndbox>
            <xmin>2455</xmin>
            <ymin>525</ymin>
            <xmax>2497</xmax>
            <ymax>555</ymax>
        </bndbox>
    </object>
    <object>
        <name>ex</name>
        <pose>Unspecified</pose>
        <truncated>0</truncated>
        <difficult>0</difficult>
        <bndbox>
            <xmin>823</xmin>
            <ymin>973</ymin>
            <xmax>829</xmax>
            <ymax>979</ymax>
        </bndbox>
    </object>
    <object>
        <name>ex</name>
        <pose>Unspecified</pose>
        <truncated>0</truncated>
        <difficult>0</difficult>
        <bndbox>
            <xmin>823</xmin>
            <ymin>995</ymin>
            <xmax>835</xmax>
            <ymax>1023</ymax>
        </bndbox>
    </object>
    <object>
        <name>ex</name>
        <pose>Unspecified</pose>
        <truncated>0</truncated>
        <difficult>0</difficult>
        <bndbox>
            <xmin>825</xmin>
            <ymin>1089</ymin>
            <xmax>835</xmax>
            <ymax>1095</ymax>
        </bndbox>
    </object>
    <object>
        <name>ex</name>
        <pose>Unspecified</pose>
        <truncated>0</truncated>
        <difficult>0</difficult>
        <bndbox>
            <xmin>829</xmin>
            <ymin>985</ymin>
            <xmax>833</xmax>
            <ymax>991</ymax>
        </bndbox>
    </object>
    <object>
        <name>ex</name>
        <pose>Unspecified</pose>
        <truncated>0</truncated>
        <difficult>0</difficult>
        <bndbox>
            <xmin>839</xmin>
            <ymin>1059</ymin>
            <xmax>841</xmax>
            <ymax>1065</ymax>
        </bndbox>
    </object>
    <object>
        <name>ex</name>
        <pose>Unspecified</pose>
        <truncated>0</truncated>
        <difficult>0</difficult>
        <bndbox>
            <xmin>849</xmin>
            <ymin>1071</ymin>
            <xmax>873</xmax>
            <ymax>1095</ymax>
        </bndbox>
    </object>
    <object>
        <name>ex</name>
        <pose>Unspecified</pose>
        <truncated>0</truncated>
        <difficult>0</difficult>
        <bndbox>
            <xmin>855</xmin>
            <ymin>927</ymin>
            <xmax>883</xmax>
            <ymax>943</ymax>
        </bndbox>
    </object>
    <object>
        <name>ex</name>
        <pose>Unspecified</pose>
        <truncated>0</truncated>
        <difficult>0</difficult>
        <bndbox>
            <xmin>865</xmin>
            <ymin>1005</ymin>
            <xmax>877</xmax>
            <ymax>1017</ymax>
        </bndbox>
    </object>
    <object>
        <name>ex</name>
        <pose>Unspecified</pose>
        <truncated>0</truncated>
        <difficult>0</difficult>
        <bndbox>
            <xmin>865</xmin>
            <ymin>1113</ymin>
            <xmax>877</xmax>
            <ymax>1127</ymax>
        </bndbox>
    </object>
    <object>
        <name>ex</name>
        <pose>Unspecified</pose>
        <truncated>0</truncated>
        <difficult>0</difficult>
        <bndbox>
            <xmin>881</xmin>
            <ymin>1101</ymin>
            <xmax>887</xmax>
            <ymax>1107</ymax>
        </bndbox>
    </object>
    <object>
        <name>ex</name>
        <pose>Unspecified</pose>
        <truncated>0</truncated>
        <difficult>0</difficult>
        <bndbox>
            <xmin>897</xmin>
            <ymin>969</ymin>
            <xmax>907</xmax>
            <ymax>983</ymax>
        </bndbox>
    </object>
    <object>
        <name>ex</name>
        <pose>Unspecified</pose>
        <truncated>0</truncated>
        <difficult>0</difficult>
        <bndbox>
            <xmin>899</xmin>
            <ymin>1075</ymin>
            <xmax>913</xmax>
            <ymax>1089</ymax>
        </bndbox>
    </object>
    <object>
        <name>ex</name>
        <pose>Unspecified</pose>
        <truncated>0</truncated>
        <difficult>0</difficult>
        <bndbox>
            <xmin>909</xmin>
            <ymin>921</ymin>
            <xmax>913</xmax>
            <ymax>927</ymax>
        </bndbox>
    </object>
    <object>
        <name>ex</name>
        <pose>Unspecified</pose>
        <truncated>0</truncated>
        <difficult>0</difficult>
        <bndbox>
            <xmin>913</xmin>
            <ymin>997</ymin>
            <xmax>945</xmax>
            <ymax>1017</ymax>
        </bndbox>
    </object>
    <object>
        <name>ex</name>
        <pose>Unspecified</pose>
        <truncated>0</truncated>
        <difficult>0</difficult>
        <bndbox>
            <xmin>931</xmin>
            <ymin>1089</ymin>
            <xmax>941</xmax>
            <ymax>1095</ymax>
        </bndbox>
    </object>
    <object>
        <name>ex</name>
        <pose>Unspecified</pose>
        <truncated>0</truncated>
        <difficult>0</difficult>
        <bndbox>
            <xmin>955</xmin>
            <ymin>1069</ymin>
            <xmax>973</xmax>
            <ymax>1091</ymax>
        </bndbox>
    </object>
    <object>
        <name>ex</name>
        <pose>Unspecified</pose>
        <truncated>0</truncated>
        <difficult>0</difficult>
        <bndbox>
            <xmin>957</xmin>
            <ymin>1015</ymin>
            <xmax>965</xmax>
            <ymax>1023</ymax>
        </bndbox>
    </object>
    <object>
        <name>ex</name>
        <pose>Unspecified</pose>
        <truncated>0</truncated>
        <difficult>0</difficult>
        <bndbox>
            <xmin>1089</xmin>
            <ymin>1197</ymin>
            <xmax>1167</xmax>
            <ymax>1239</ymax>
        </bndbox>
    </object>
    <object>
        <name>ex</name>
        <pose>Unspecified</pose>
        <truncated>0</truncated>
        <difficult>0</difficult>
        <bndbox>
            <xmin>2367</xmin>
            <ymin>653</ymin>
            <xmax>2387</xmax>
            <ymax>667</ymax>
        </bndbox>
    </object>
    <object>
        <name>ex</name>
        <pose>Unspecified</pose>
        <truncated>0</truncated>
        <difficult>0</difficult>
        <bndbox>
            <xmin>2399</xmin>
            <ymin>663</ymin>
            <xmax>2429</xmax>
            <ymax>679</ymax>
        </bndbox>
    </object>
    <object>
        <name>ex</name>
        <pose>Unspecified</pose>
        <truncated>0</truncated>
        <difficult>0</difficult>
        <bndbox>
            <xmin>2429</xmin>
            <ymin>625</ymin>
            <xmax>2439</xmax>
            <ymax>631</ymax>
        </bndbox>
    </object>
    <object>
        <name>ex</name>
        <pose>Unspecified</pose>
        <truncated>0</truncated>
        <difficult>0</difficult>
        <bndbox>
            <xmin>2439</xmin>
            <ymin>679</ymin>
            <xmax>2451</xmax>
            <ymax>689</ymax>
        </bndbox>
    </object>
    <object>
        <name>ex</name>
        <pose>Unspecified</pose>
        <truncated>0</truncated>
        <difficult>0</difficult>
        <bndbox>
            <xmin>2461</xmin>
            <ymin>779</ymin>
            <xmax>2471</xmax>
            <ymax>785</ymax>
        </bndbox>
    </object>
    <object>
        <name>ex</name>
        <pose>Unspecified</pose>
        <truncated>0</truncated>
        <difficult>0</difficult>
        <bndbox>
            <xmin>2483</xmin>
            <ymin>789</ymin>
            <xmax>2489</xmax>
            <ymax>795</ymax>
        </bndbox>
    </object>
    <object>
        <name>ex</name>
        <pose>Unspecified</pose>
        <truncated>0</truncated>
        <difficult>0</difficult>
        <bndbox>
            <xmin>2493</xmin>
            <ymin>471</ymin>
            <xmax>2525</xmax>
            <ymax>503</ymax>
        </bndbox>
    </object>
    <object>
        <name>ex</name>
        <pose>Unspecified</pose>
        <truncated>0</truncated>
        <difficult>0</difficult>
        <bndbox>
            <xmin>2503</xmin>
            <ymin>817</ymin>
            <xmax>2541</xmax>
            <ymax>857</ymax>
        </bndbox>
    </object>
    <object>
        <name>ex</name>
        <pose>Unspecified</pose>
        <truncated>0</truncated>
        <difficult>0</difficult>
        <bndbox>
            <xmin>2541</xmin>
            <ymin>811</ymin>
            <xmax>2551</xmax>
            <ymax>821</ymax>
        </bndbox>
    </object>
    <object>
        <name>ex</name>
        <pose>Unspecified</pose>
        <truncated>0</truncated>
        <difficult>0</difficult>
        <bndbox>
            <xmin>2541</xmin>
            <ymin>863</ymin>
            <xmax>2547</xmax>
            <ymax>873</ymax>
        </bndbox>
    </object>
    <object>
        <name>ex</name>
        <pose>Unspecified</pose>
        <truncated>0</truncated>
        <difficult>0</difficult>
        <bndbox>
            <xmin>2545</xmin>
            <ymin>505</ymin>
            <xmax>2583</xmax>
            <ymax>535</ymax>
        </bndbox>
    </object>
    <object>
        <name>ex</name>
        <pose>Unspecified</pose>
        <truncated>0</truncated>
        <difficult>0</difficult>
        <bndbox>
            <xmin>2589</xmin>
            <ymin>557</ymin>
            <xmax>2613</xmax>
            <ymax>573</ymax>
        </bndbox>
    </object>
    <object>
        <name>ex</name>
        <pose>Unspecified</pose>
        <truncated>0</truncated>
        <difficult>0</difficult>
        <bndbox>
            <xmin>2589</xmin>
            <ymin>705</ymin>
            <xmax>2619</xmax>
            <ymax>741</ymax>
        </bndbox>
    </object>
    <object>
        <name>ex</name>
        <pose>Unspecified</pose>
        <truncated>0</truncated>
        <difficult>0</difficult>
        <bndbox>
            <xmin>2589</xmin>
            <ymin>747</ymin>
            <xmax>2613</xmax>
            <ymax>779</ymax>
        </bndbox>
    </object>
    <object>
        <name>ex</name>
        <pose>Unspecified</pose>
        <truncated>0</truncated>
        <difficult>0</difficult>
        <bndbox>
            <xmin>2599</xmin>
            <ymin>505</ymin>
            <xmax>2619</xmax>
            <ymax>521</ymax>
        </bndbox>
    </object>
    <object>
        <name>ex</name>
        <pose>Unspecified</pose>
        <truncated>0</truncated>
        <difficult>0</difficult>
        <bndbox>
            <xmin>2637</xmin>
            <ymin>651</ymin>
            <xmax>2705</xmax>
            <ymax>699</ymax>
        </bndbox>
    </object>
</annotation>