<annotation>
    <folder>OurDataset</folder>
    <filename>007-4655-200.jpg</filename>
    <size>
        <width>3456</width>
        <height>3456</height>
        <depth>3</depth>
    </size>
    <object>
        <name>ex</name>
        <pose>Unspecified</pose>
        <truncated>0</truncated>
        <difficult>0</difficult>
        <bndbox>
            <xmin>2939</xmin>
            <ymin>1929</ymin>
            <xmax>2951</xmax>
            <ymax>1943</ymax>
        </bndbox>
    </object>
    <object>
        <name>ex</name>
        <pose>Unspecified</pose>
        <truncated>0</truncated>
        <difficult>0</difficult>
        <bndbox>
            <xmin>2945</xmin>
            <ymin>1775</ymin>
            <xmax>2999</xmax>
            <ymax>1813</ymax>
        </bndbox>
    </object>
    <object>
        <name>ex</name>
        <pose>Unspecified</pose>
        <truncated>0</truncated>
        <difficult>0</difficult>
        <bndbox>
            <xmin>2999</xmin>
            <ymin>1865</ymin>
            <xmax>3045</xmax>
            <ymax>1885</ymax>
        </bndbox>
    </object>
    <object>
        <name>ex</name>
        <pose>Unspecified</pose>
        <truncated>0</truncated>
        <difficult>0</difficult>
        <bndbox>
            <xmin>3019</xmin>
            <ymin>1755</ymin>
            <xmax>3035</xmax>
            <ymax>1765</ymax>
        </bndbox>
    </object>
    <object>
        <name>ex</name>
        <pose>Unspecified</pose>
        <truncated>0</truncated>
        <difficult>0</difficult>
        <bndbox>
            <xmin>3039</xmin>
            <ymin>1723</ymin>
            <xmax>3045</xmax>
            <ymax>1731</ymax>
        </bndbox>
    </object>
    <object>
        <name>ex</name>
        <pose>Unspecified</pose>
        <truncated>0</truncated>
        <difficult>0</difficult>
        <bndbox>
            <xmin>3045</xmin>
            <ymin>1993</ymin>
            <xmax>3051</xmax>
            <ymax>2001</ymax>
        </bndbox>
    </object>
    <object>
        <name>ex</name>
        <pose>Unspecified</pose>
        <truncated>0</truncated>
        <difficult>0</difficult>
        <bndbox>
            <xmin>3051</xmin>
            <ymin>1861</ymin>
            <xmax>3055</xmax>
            <ymax>1865</ymax>
        </bndbox>
    </object>
    <object>
        <name>ex</name>
        <pose>Unspecified</pose>
        <truncated>0</truncated>
        <difficult>0</difficult>
        <bndbox>
            <xmin>3055</xmin>
            <ymin>1705</ymin>
            <xmax>3083</xmax>
            <ymax>1729</ymax>
        </bndbox>
    </object>
    <object>
        <name>ex</name>
        <pose>Unspecified</pose>
        <truncated>0</truncated>
        <difficult>0</difficult>
        <bndbox>
            <xmin>3057</xmin>
            <ymin>1893</ymin>
            <xmax>3071</xmax>
            <ymax>1907</ymax>
        </bndbox>
    </object>
    <object>
        <name>ex</name>
        <pose>Unspecified</pose>
        <truncated>0</truncated>
        <difficult>0</difficult>
        <bndbox>
            <xmin>3061</xmin>
            <ymin>1875</ymin>
            <xmax>3071</xmax>
            <ymax>1885</ymax>
        </bndbox>
    </object>
    <object>
        <name>ex</name>
        <pose>Unspecified</pose>
        <truncated>0</truncated>
        <difficult>0</difficult>
        <bndbox>
            <xmin>3077</xmin>
            <ymin>1821</ymin>
            <xmax>3083</xmax>
            <ymax>1827</ymax>
        </bndbox>
    </object>
    <object>
        <name>ex</name>
        <pose>Unspecified</pose>
        <truncated>0</truncated>
        <difficult>0</difficult>
        <bndbox>
            <xmin>3077</xmin>
            <ymin>1959</ymin>
            <xmax>3081</xmax>
            <ymax>1965</ymax>
        </bndbox>
    </object>
    <object>
        <name>ex</name>
        <pose>Unspecified</pose>
        <truncated>0</truncated>
        <difficult>0</difficult>
        <bndbox>
            <xmin>3083</xmin>
            <ymin>1891</ymin>
            <xmax>3089</xmax>
            <ymax>1897</ymax>
        </bndbox>
    </object>
    <object>
        <name>ex</name>
        <pose>Unspecified</pose>
        <truncated>0</truncated>
        <difficult>0</difficult>
        <bndbox>
            <xmin>3087</xmin>
            <ymin>1929</ymin>
            <xmax>3093</xmax>
            <ymax>1935</ymax>
        </bndbox>
    </object>
    <object>
        <name>ex</name>
        <pose>Unspecified</pose>
        <truncated>0</truncated>
        <difficult>0</difficult>
        <bndbox>
            <xmin>3093</xmin>
            <ymin>1907</ymin>
            <xmax>3097</xmax>
            <ymax>1913</ymax>
        </bndbox>
    </object>
    <object>
        <name>ex</name>
        <pose>Unspecified</pose>
        <truncated>0</truncated>
        <difficult>0</difficult>
        <bndbox>
            <xmin>3093</xmin>
            <ymin>2055</ymin>
            <xmax>3103</xmax>
            <ymax>2067</ymax>
        </bndbox>
    </object>
    <object>
        <name>ex</name>
        <pose>Unspecified</pose>
        <truncated>0</truncated>
        <difficult>0</difficult>
        <bndbox>
            <xmin>3103</xmin>
            <ymin>1739</ymin>
            <xmax>3161</xmax>
            <ymax>1781</ymax>
        </bndbox>
    </object>
    <object>
        <name>ex</name>
        <pose>Unspecified</pose>
        <truncated>0</truncated>
        <difficult>0</difficult>
        <bndbox>
            <xmin>3105</xmin>
            <ymin>2113</ymin>
            <xmax>3109</xmax>
            <ymax>2119</ymax>
        </bndbox>
    </object>
    <object>
        <name>ex</name>
        <pose>Unspecified</pose>
        <truncated>0</truncated>
        <difficult>0</difficult>
        <bndbox>
            <xmin>3109</xmin>
            <ymin>2073</ymin>
            <xmax>3115</xmax>
            <ymax>2077</ymax>
        </bndbox>
    </object>
    <object>
        <name>ex</name>
        <pose>Unspecified</pose>
        <truncated>0</truncated>
        <difficult>0</difficult>
        <bndbox>
            <xmin>3135</xmin>
            <ymin>2071</ymin>
            <xmax>3163</xmax>
            <ymax>2087</ymax>
        </bndbox>
    </object>
    <object>
        <name>ex</name>
        <pose>Unspecified</pose>
        <truncated>0</truncated>
        <difficult>0</difficult>
        <bndbox>
            <xmin>3147</xmin>
            <ymin>2125</ymin>
            <xmax>3153</xmax>
            <ymax>2129</ymax>
        </bndbox>
    </object>
    <object>
        <name>ex</name>
        <pose>Unspecified</pose>
        <truncated>0</truncated>
        <difficult>0</difficult>
        <bndbox>
            <xmin>3161</xmin>
            <ymin>1755</ymin>
            <xmax>3173</xmax>
            <ymax>1765</ymax>
        </bndbox>
    </object>
    <object>
        <name>ex</name>
        <pose>Unspecified</pose>
        <truncated>0</truncated>
        <difficult>0</difficult>
        <bndbox>
            <xmin>3161</xmin>
            <ymin>1777</ymin>
            <xmax>3171</xmax>
            <ymax>1785</ymax>
        </bndbox>
    </object>
    <object>
        <name>ex</name>
        <pose>Unspecified</pose>
        <truncated>0</truncated>
        <difficult>0</difficult>
        <bndbox>
            <xmin>3171</xmin>
            <ymin>2065</ymin>
            <xmax>3179</xmax>
            <ymax>2077</ymax>
        </bndbox>
    </object>
    <object>
        <name>ex</name>
        <pose>Unspecified</pose>
        <truncated>0</truncated>
        <difficult>0</difficult>
        <bndbox>
            <xmin>3189</xmin>
            <ymin>1919</ymin>
            <xmax>3193</xmax>
            <ymax>1925</ymax>
        </bndbox>
    </object>
    <object>
        <name>ex</name>
        <pose>Unspecified</pose>
        <truncated>0</truncated>
        <difficult>0</difficult>
        <bndbox>
            <xmin>3199</xmin>
            <ymin>1933</ymin>
            <xmax>3205</xmax>
            <ymax>1943</ymax>
        </bndbox>
    </object>
    <object>
        <name>ex</name>
        <pose>Unspecified</pose>
        <truncated>0</truncated>
        <difficult>0</difficult>
        <bndbox>
            <xmin>3231</xmin>
            <ymin>1929</ymin>
            <xmax>3245</xmax>
            <ymax>1939</ymax>
        </bndbox>
    </object>
    <object>
        <name>ex</name>
        <pose>Unspecified</pose>
        <truncated>0</truncated>
        <difficult>0</difficult>
        <bndbox>
            <xmin>3245</xmin>
            <ymin>2033</ymin>
            <xmax>3247</xmax>
            <ymax>2039</ymax>
        </bndbox>
    </object>
    <object>
        <name>ex</name>
        <pose>Unspecified</pose>
        <truncated>0</truncated>
        <difficult>0</difficult>
        <bndbox>
            <xmin>3287</xmin>
            <ymin>1983</ymin>
            <xmax>3295</xmax>
            <ymax>1997</ymax>
        </bndbox>
    </object>
    <object>
        <name>ex</name>
        <pose>Unspecified</pose>
        <truncated>0</truncated>
        <difficult>0</difficult>
        <bndbox>
            <xmin>3325</xmin>
            <ymin>1977</ymin>
            <xmax>3327</xmax>
            <ymax>1981</ymax>
        </bndbox>
    </object>
    <object>
        <name>ma</name>
        <pose>Unspecified</pose>
        <truncated>0</truncated>
        <difficult>0</difficult>
        <bndbox>
            <xmin>1513</xmin>
            <ymin>579</ymin>
            <xmax>1533</xmax>
            <ymax>601</ymax>
        </bndbox>
    </object>
    <object>
        <name>ma</name>
        <pose>Unspecified</pose>
        <truncated>0</truncated>
        <difficult>0</difficult>
        <bndbox>
            <xmin>1529</xmin>
            <ymin>637</ymin>
            <xmax>1549</xmax>
            <ymax>665</ymax>
        </bndbox>
    </object>
    <object>
        <name>ma</name>
        <pose>Unspecified</pose>
        <truncated>0</truncated>
        <difficult>0</difficult>
        <bndbox>
            <xmin>1575</xmin>
            <ymin>587</ymin>
            <xmax>1587</xmax>
            <ymax>597</ymax>
        </bndbox>
    </object>
    <object>
        <name>ma</name>
        <pose>Unspecified</pose>
        <truncated>0</truncated>
        <difficult>0</difficult>
        <bndbox>
            <xmin>1627</xmin>
            <ymin>775</ymin>
            <xmax>1651</xmax>
            <ymax>793</ymax>
        </bndbox>
    </object>
    <object>
        <name>ma</name>
        <pose>Unspecified</pose>
        <truncated>0</truncated>
        <difficult>0</difficult>
        <bndbox>
            <xmin>1659</xmin>
            <ymin>1631</ymin>
            <xmax>1677</xmax>
            <ymax>1643</ymax>
        </bndbox>
    </object>
    <object>
        <name>ma</name>
        <pose>Unspecified</pose>
        <truncated>0</truncated>
        <difficult>0</difficult>
        <bndbox>
            <xmin>1661</xmin>
            <ymin>701</ymin>
            <xmax>1677</xmax>
            <ymax>713</ymax>
        </bndbox>
    </object>
    <object>
        <name>ma</name>
        <pose>Unspecified</pose>
        <truncated>0</truncated>
        <difficult>0</difficult>
        <bndbox>
            <xmin>1703</xmin>
            <ymin>1705</ymin>
            <xmax>1713</xmax>
            <ymax>1713</ymax>
        </bndbox>
    </object>
    <object>
        <name>ma</name>
        <pose>Unspecified</pose>
        <truncated>0</truncated>
        <difficult>0</difficult>
        <bndbox>
            <xmin>1729</xmin>
            <ymin>235</ymin>
            <xmax>1743</xmax>
            <ymax>253</ymax>
        </bndbox>
    </object>
    <object>
        <name>ma</name>
        <pose>Unspecified</pose>
        <truncated>0</truncated>
        <difficult>0</difficult>
        <bndbox>
            <xmin>1735</xmin>
            <ymin>1711</ymin>
            <xmax>1751</xmax>
            <ymax>1729</ymax>
        </bndbox>
    </object>
    <object>
        <name>ma</name>
        <pose>Unspecified</pose>
        <truncated>0</truncated>
        <difficult>0</difficult>
        <bndbox>
            <xmin>1739</xmin>
            <ymin>201</ymin>
            <xmax>1755</xmax>
            <ymax>215</ymax>
        </bndbox>
    </object>
    <object>
        <name>ma</name>
        <pose>Unspecified</pose>
        <truncated>0</truncated>
        <difficult>0</difficult>
        <bndbox>
            <xmin>1741</xmin>
            <ymin>161</ymin>
            <xmax>1745</xmax>
            <ymax>179</ymax>
        </bndbox>
    </object>
    <object>
        <name>ma</name>
        <pose>Unspecified</pose>
        <truncated>0</truncated>
        <difficult>0</difficult>
        <bndbox>
            <xmin>1825</xmin>
            <ymin>1617</ymin>
            <xmax>1867</xmax>
            <ymax>1649</ymax>
        </bndbox>
    </object>
    <object>
        <name>ma</name>
        <pose>Unspecified</pose>
        <truncated>0</truncated>
        <difficult>0</difficult>
        <bndbox>
            <xmin>2055</xmin>
            <ymin>1055</ymin>
            <xmax>2073</xmax>
            <ymax>1071</ymax>
        </bndbox>
    </object>
    <object>
        <name>ma</name>
        <pose>Unspecified</pose>
        <truncated>0</truncated>
        <difficult>0</difficult>
        <bndbox>
            <xmin>2131</xmin>
            <ymin>965</ymin>
            <xmax>2147</xmax>
            <ymax>983</ymax>
        </bndbox>
    </object>
    <object>
        <name>ma</name>
        <pose>Unspecified</pose>
        <truncated>0</truncated>
        <difficult>0</difficult>
        <bndbox>
            <xmin>2537</xmin>
            <ymin>375</ymin>
            <xmax>2549</xmax>
            <ymax>385</ymax>
        </bndbox>
    </object>
    <object>
        <name>ma</name>
        <pose>Unspecified</pose>
        <truncated>0</truncated>
        <difficult>0</difficult>
        <bndbox>
            <xmin>2843</xmin>
            <ymin>2129</ymin>
            <xmax>2855</xmax>
            <ymax>2145</ymax>
        </bndbox>
    </object>
    <object>
        <name>ma</name>
        <pose>Unspecified</pose>
        <truncated>0</truncated>
        <difficult>0</difficult>
        <bndbox>
            <xmin>3215</xmin>
            <ymin>1843</ymin>
            <xmax>3237</xmax>
            <ymax>1859</ymax>
        </bndbox>
    </object>
    <object>
        <name>ma</name>
        <pose>Unspecified</pose>
        <truncated>0</truncated>
        <difficult>0</difficult>
        <bndbox>
            <xmin>3277</xmin>
            <ymin>1885</ymin>
            <xmax>3289</xmax>
            <ymax>1895</ymax>
        </bndbox>
    </object>
    <object>
        <name>ma</name>
        <pose>Unspecified</pose>
        <truncated>0</truncated>
        <difficult>0</difficult>
        <bndbox>
            <xmin>3287</xmin>
            <ymin>1897</ymin>
            <xmax>3293</xmax>
            <ymax>1903</ymax>
        </bndbox>
    </object>
    <object>
        <name>he</name>
        <pose>Unspecified</pose>
        <truncated>0</truncated>
        <difficult>0</difficult>
        <bndbox>
            <xmin>1633</xmin>
            <ymin>571</ymin>
            <xmax>1733</xmax>
            <ymax>653</ymax>
        </bndbox>
    </object>
    <object>
        <name>he</name>
        <pose>Unspecified</pose>
        <truncated>0</truncated>
        <difficult>0</difficult>
        <bndbox>
            <xmin>1685</xmin>
            <ymin>117</ymin>
            <xmax>1733</xmax>
            <ymax>151</ymax>
        </bndbox>
    </object>
    <object>
        <name>he</name>
        <pose>Unspecified</pose>
        <truncated>0</truncated>
        <difficult>0</difficult>
        <bndbox>
            <xmin>3247</xmin>
            <ymin>2013</ymin>
            <xmax>3257</xmax>
            <ymax>2023</ymax>
        </bndbox>
    </object>
    <object>
        <name>he</name>
        <pose>Unspecified</pose>
        <truncated>0</truncated>
        <difficult>0</difficult>
        <bndbox>
            <xmin>3261</xmin>
            <ymin>1997</ymin>
            <xmax>3327</xmax>
            <ymax>2055</ymax>
        </bndbox>
    </object>
    <object>
        <name>ex</name>
        <pose>Unspecified</pose>
        <truncated>0</truncated>
        <difficult>0</difficult>
        <bndbox>
            <xmin>2939</xmin>
            <ymin>1929</ymin>
            <xmax>2951</xmax>
            <ymax>1943</ymax>
        </bndbox>
    </object>
    <object>
        <name>ex</name>
        <pose>Unspecified</pose>
        <truncated>0</truncated>
        <difficult>0</difficult>
        <bndbox>
            <xmin>2945</xmin>
            <ymin>1775</ymin>
            <xmax>2999</xmax>
            <ymax>1813</ymax>
        </bndbox>
    </object>
    <object>
        <name>ex</name>
        <pose>Unspecified</pose>
        <truncated>0</truncated>
        <difficult>0</difficult>
        <bndbox>
            <xmin>2999</xmin>
            <ymin>1865</ymin>
            <xmax>3045</xmax>
            <ymax>1885</ymax>
        </bndbox>
    </object>
    <object>
        <name>ex</name>
        <pose>Unspecified</pose>
        <truncated>0</truncated>
        <difficult>0</difficult>
        <bndbox>
            <xmin>3019</xmin>
            <ymin>1755</ymin>
            <xmax>3035</xmax>
            <ymax>1765</ymax>
        </bndbox>
    </object>
    <object>
        <name>ex</name>
        <pose>Unspecified</pose>
        <truncated>0</truncated>
        <difficult>0</difficult>
        <bndbox>
            <xmin>3039</xmin>
            <ymin>1723</ymin>
            <xmax>3045</xmax>
            <ymax>1731</ymax>
        </bndbox>
    </object>
    <object>
        <name>ex</name>
        <pose>Unspecified</pose>
        <truncated>0</truncated>
        <difficult>0</difficult>
        <bndbox>
            <xmin>3045</xmin>
            <ymin>1993</ymin>
            <xmax>3051</xmax>
            <ymax>2001</ymax>
        </bndbox>
    </object>
    <object>
        <name>ex</name>
        <pose>Unspecified</pose>
        <truncated>0</truncated>
        <difficult>0</difficult>
        <bndbox>
            <xmin>3051</xmin>
            <ymin>1861</ymin>
            <xmax>3055</xmax>
            <ymax>1865</ymax>
        </bndbox>
    </object>
    <object>
        <name>ex</name>
        <pose>Unspecified</pose>
        <truncated>0</truncated>
        <difficult>0</difficult>
        <bndbox>
            <xmin>3055</xmin>
            <ymin>1705</ymin>
            <xmax>3083</xmax>
            <ymax>1729</ymax>
        </bndbox>
    </object>
    <object>
        <name>ex</name>
        <pose>Unspecified</pose>
        <truncated>0</truncated>
        <difficult>0</difficult>
        <bndbox>
            <xmin>3057</xmin>
            <ymin>1893</ymin>
            <xmax>3071</xmax>
            <ymax>1907</ymax>
        </bndbox>
    </object>
    <object>
        <name>ex</name>
        <pose>Unspecified</pose>
        <truncated>0</truncated>
        <difficult>0</difficult>
        <bndbox>
            <xmin>3061</xmin>
            <ymin>1875</ymin>
            <xmax>3071</xmax>
            <ymax>1885</ymax>
        </bndbox>
    </object>
    <object>
        <name>ex</name>
        <pose>Unspecified</pose>
        <truncated>0</truncated>
        <difficult>0</difficult>
        <bndbox>
            <xmin>3077</xmin>
            <ymin>1821</ymin>
            <xmax>3083</xmax>
            <ymax>1827</ymax>
        </bndbox>
    </object>
    <object>
        <name>ex</name>
        <pose>Unspecified</pose>
        <truncated>0</truncated>
        <difficult>0</difficult>
        <bndbox>
            <xmin>3077</xmin>
            <ymin>1959</ymin>
            <xmax>3081</xmax>
            <ymax>1965</ymax>
        </bndbox>
    </object>
    <object>
        <name>ex</name>
        <pose>Unspecified</pose>
        <truncated>0</truncated>
        <difficult>0</difficult>
        <bndbox>
            <xmin>3083</xmin>
            <ymin>1891</ymin>
            <xmax>3089</xmax>
            <ymax>1897</ymax>
        </bndbox>
    </object>
    <object>
        <name>ex</name>
        <pose>Unspecified</pose>
        <truncated>0</truncated>
        <difficult>0</difficult>
        <bndbox>
            <xmin>3087</xmin>
            <ymin>1929</ymin>
            <xmax>3093</xmax>
            <ymax>1935</ymax>
        </bndbox>
    </object>
    <object>
        <name>ex</name>
        <pose>Unspecified</pose>
        <truncated>0</truncated>
        <difficult>0</difficult>
        <bndbox>
            <xmin>3093</xmin>
            <ymin>1907</ymin>
            <xmax>3097</xmax>
            <ymax>1913</ymax>
        </bndbox>
    </object>
    <object>
        <name>ex</name>
        <pose>Unspecified</pose>
        <truncated>0</truncated>
        <difficult>0</difficult>
        <bndbox>
            <xmin>3093</xmin>
            <ymin>2055</ymin>
            <xmax>3103</xmax>
            <ymax>2067</ymax>
        </bndbox>
    </object>
    <object>
        <name>ex</name>
        <pose>Unspecified</pose>
        <truncated>0</truncated>
        <difficult>0</difficult>
        <bndbox>
            <xmin>3103</xmin>
            <ymin>1739</ymin>
            <xmax>3161</xmax>
            <ymax>1781</ymax>
        </bndbox>
    </object>
    <object>
        <name>ex</name>
        <pose>Unspecified</pose>
        <truncated>0</truncated>
        <difficult>0</difficult>
        <bndbox>
            <xmin>3105</xmin>
            <ymin>2113</ymin>
            <xmax>3109</xmax>
            <ymax>2119</ymax>
        </bndbox>
    </object>
    <object>
        <name>ex</name>
        <pose>Unspecified</pose>
        <truncated>0</truncated>
        <difficult>0</difficult>
        <bndbox>
            <xmin>3109</xmin>
            <ymin>2073</ymin>
            <xmax>3115</xmax>
            <ymax>2077</ymax>
        </bndbox>
    </object>
    <object>
        <name>ex</name>
        <pose>Unspecified</pose>
        <truncated>0</truncated>
        <difficult>0</difficult>
        <bndbox>
            <xmin>3135</xmin>
            <ymin>2071</ymin>
            <xmax>3163</xmax>
            <ymax>2087</ymax>
        </bndbox>
    </object>
    <object>
        <name>ex</name>
        <pose>Unspecified</pose>
        <truncated>0</truncated>
        <difficult>0</difficult>
        <bndbox>
            <xmin>3147</xmin>
            <ymin>2125</ymin>
            <xmax>3153</xmax>
            <ymax>2129</ymax>
        </bndbox>
    </object>
    <object>
        <name>ex</name>
        <pose>Unspecified</pose>
        <truncated>0</truncated>
        <difficult>0</difficult>
        <bndbox>
            <xmin>3161</xmin>
            <ymin>1755</ymin>
            <xmax>3173</xmax>
            <ymax>1765</ymax>
        </bndbox>
    </object>
    <object>
        <name>ex</name>
        <pose>Unspecified</pose>
        <truncated>0</truncated>
        <difficult>0</difficult>
        <bndbox>
            <xmin>3161</xmin>
            <ymin>1777</ymin>
            <xmax>3171</xmax>
            <ymax>1785</ymax>
        </bndbox>
    </object>
    <object>
        <name>ex</name>
        <pose>Unspecified</pose>
        <truncated>0</truncated>
        <difficult>0</difficult>
        <bndbox>
            <xmin>3171</xmin>
            <ymin>2065</ymin>
            <xmax>3179</xmax>
            <ymax>2077</ymax>
        </bndbox>
    </object>
    <object>
        <name>ex</name>
        <pose>Unspecified</pose>
        <truncated>0</truncated>
        <difficult>0</difficult>
        <bndbox>
            <xmin>3189</xmin>
            <ymin>1919</ymin>
            <xmax>3193</xmax>
            <ymax>1925</ymax>
        </bndbox>
    </object>
    <object>
        <name>ex</name>
        <pose>Unspecified</pose>
        <truncated>0</truncated>
        <difficult>0</difficult>
        <bndbox>
            <xmin>3199</xmin>
            <ymin>1933</ymin>
            <xmax>3205</xmax>
            <ymax>1943</ymax>
        </bndbox>
    </object>
    <object>
        <name>ex</name>
        <pose>Unspecified</pose>
        <truncated>0</truncated>
        <difficult>0</difficult>
        <bndbox>
            <xmin>3231</xmin>
            <ymin>1929</ymin>
            <xmax>3245</xmax>
            <ymax>1939</ymax>
        </bndbox>
    </object>
    <object>
        <name>ex</name>
        <pose>Unspecified</pose>
        <truncated>0</truncated>
        <difficult>0</difficult>
        <bndbox>
            <xmin>3245</xmin>
            <ymin>2033</ymin>
            <xmax>3247</xmax>
            <ymax>2039</ymax>
        </bndbox>
    </object>
    <object>
        <name>ex</name>
        <pose>Unspecified</pose>
        <truncated>0</truncated>
        <difficult>0</difficult>
        <bndbox>
            <xmin>3287</xmin>
            <ymin>1983</ymin>
            <xmax>3295</xmax>
            <ymax>1997</ymax>
        </bndbox>
    </object>
    <object>
        <name>ex</name>
        <pose>Unspecified</pose>
        <truncated>0</truncated>
        <difficult>0</difficult>
        <bndbox>
            <xmin>3325</xmin>
            <ymin>1977</ymin>
            <xmax>3327</xmax>
            <ymax>1981</ymax>
        </bndbox>
    </object>
    <object>
        <name>ma</name>
        <pose>Unspecified</pose>
        <truncated>0</truncated>
        <difficult>0</difficult>
        <bndbox>
            <xmin>1513</xmin>
            <ymin>579</ymin>
            <xmax>1533</xmax>
            <ymax>601</ymax>
        </bndbox>
    </object>
    <object>
        <name>ma</name>
        <pose>Unspecified</pose>
        <truncated>0</truncated>
        <difficult>0</difficult>
        <bndbox>
            <xmin>1529</xmin>
            <ymin>637</ymin>
            <xmax>1549</xmax>
            <ymax>665</ymax>
        </bndbox>
    </object>
    <object>
        <name>ma</name>
        <pose>Unspecified</pose>
        <truncated>0</truncated>
        <difficult>0</difficult>
        <bndbox>
            <xmin>1575</xmin>
            <ymin>587</ymin>
            <xmax>1587</xmax>
            <ymax>597</ymax>
        </bndbox>
    </object>
    <object>
        <name>ma</name>
        <pose>Unspecified</pose>
        <truncated>0</truncated>
        <difficult>0</difficult>
        <bndbox>
            <xmin>1627</xmin>
            <ymin>775</ymin>
            <xmax>1651</xmax>
            <ymax>793</ymax>
        </bndbox>
    </object>
    <object>
        <name>ma</name>
        <pose>Unspecified</pose>
        <truncated>0</truncated>
        <difficult>0</difficult>
        <bndbox>
            <xmin>1659</xmin>
            <ymin>1631</ymin>
            <xmax>1677</xmax>
            <ymax>1643</ymax>
        </bndbox>
    </object>
    <object>
        <name>ma</name>
        <pose>Unspecified</pose>
        <truncated>0</truncated>
        <difficult>0</difficult>
        <bndbox>
            <xmin>1661</xmin>
            <ymin>701</ymin>
            <xmax>1677</xmax>
            <ymax>713</ymax>
        </bndbox>
    </object>
    <object>
        <name>ma</name>
        <pose>Unspecified</pose>
        <truncated>0</truncated>
        <difficult>0</difficult>
        <bndbox>
            <xmin>1703</xmin>
            <ymin>1705</ymin>
            <xmax>1713</xmax>
            <ymax>1713</ymax>
        </bndbox>
    </object>
    <object>
        <name>ma</name>
        <pose>Unspecified</pose>
        <truncated>0</truncated>
        <difficult>0</difficult>
        <bndbox>
            <xmin>1729</xmin>
            <ymin>235</ymin>
            <xmax>1743</xmax>
            <ymax>253</ymax>
        </bndbox>
    </object>
    <object>
        <name>ma</name>
        <pose>Unspecified</pose>
        <truncated>0</truncated>
        <difficult>0</difficult>
        <bndbox>
            <xmin>1735</xmin>
            <ymin>1711</ymin>
            <xmax>1751</xmax>
            <ymax>1729</ymax>
        </bndbox>
    </object>
    <object>
        <name>ma</name>
        <pose>Unspecified</pose>
        <truncated>0</truncated>
        <difficult>0</difficult>
        <bndbox>
            <xmin>1739</xmin>
            <ymin>201</ymin>
            <xmax>1755</xmax>
            <ymax>215</ymax>
        </bndbox>
    </object>
    <object>
        <name>ma</name>
        <pose>Unspecified</pose>
        <truncated>0</truncated>
        <difficult>0</difficult>
        <bndbox>
            <xmin>1741</xmin>
            <ymin>161</ymin>
            <xmax>1745</xmax>
            <ymax>179</ymax>
        </bndbox>
    </object>
    <object>
        <name>ma</name>
        <pose>Unspecified</pose>
        <truncated>0</truncated>
        <difficult>0</difficult>
        <bndbox>
            <xmin>1825</xmin>
            <ymin>1617</ymin>
            <xmax>1867</xmax>
            <ymax>1649</ymax>
        </bndbox>
    </object>
    <object>
        <name>ma</name>
        <pose>Unspecified</pose>
        <truncated>0</truncated>
        <difficult>0</difficult>
        <bndbox>
            <xmin>2055</xmin>
            <ymin>1055</ymin>
            <xmax>2073</xmax>
            <ymax>1071</ymax>
        </bndbox>
    </object>
    <object>
        <name>ma</name>
        <pose>Unspecified</pose>
        <truncated>0</truncated>
        <difficult>0</difficult>
        <bndbox>
            <xmin>2131</xmin>
            <ymin>965</ymin>
            <xmax>2147</xmax>
            <ymax>983</ymax>
        </bndbox>
    </object>
    <object>
        <name>ma</name>
        <pose>Unspecified</pose>
        <truncated>0</truncated>
        <difficult>0</difficult>
        <bndbox>
            <xmin>2537</xmin>
            <ymin>375</ymin>
            <xmax>2549</xmax>
            <ymax>385</ymax>
        </bndbox>
    </object>
    <object>
        <name>ma</name>
        <pose>Unspecified</pose>
        <truncated>0</truncated>
        <difficult>0</difficult>
        <bndbox>
            <xmin>2843</xmin>
            <ymin>2129</ymin>
            <xmax>2855</xmax>
            <ymax>2145</ymax>
        </bndbox>
    </object>
    <object>
        <name>ma</name>
        <pose>Unspecified</pose>
        <truncated>0</truncated>
        <difficult>0</difficult>
        <bndbox>
            <xmin>3215</xmin>
            <ymin>1843</ymin>
            <xmax>3237</xmax>
            <ymax>1859</ymax>
        </bndbox>
    </object>
    <object>
        <name>ma</name>
        <pose>Unspecified</pose>
        <truncated>0</truncated>
        <difficult>0</difficult>
        <bndbox>
            <xmin>3277</xmin>
            <ymin>1885</ymin>
            <xmax>3289</xmax>
            <ymax>1895</ymax>
        </bndbox>
    </object>
    <object>
        <name>ma</name>
        <pose>Unspecified</pose>
        <truncated>0</truncated>
        <difficult>0</difficult>
        <bndbox>
            <xmin>3287</xmin>
            <ymin>1897</ymin>
            <xmax>3293</xmax>
            <ymax>1903</ymax>
        </bndbox>
    </object>
    <object>
        <name>he</name>
        <pose>Unspecified</pose>
        <truncated>0</truncated>
        <difficult>0</difficult>
        <bndbox>
            <xmin>1633</xmin>
            <ymin>571</ymin>
            <xmax>1733</xmax>
            <ymax>653</ymax>
        </bndbox>
    </object>
    <object>
        <name>he</name>
        <pose>Unspecified</pose>
        <truncated>0</truncated>
        <difficult>0</difficult>
        <bndbox>
            <xmin>1685</xmin>
            <ymin>117</ymin>
            <xmax>1733</xmax>
            <ymax>151</ymax>
        </bndbox>
    </object>
    <object>
        <name>he</name>
        <pose>Unspecified</pose>
        <truncated>0</truncated>
        <difficult>0</difficult>
        <bndbox>
            <xmin>3247</xmin>
            <ymin>2013</ymin>
            <xmax>3257</xmax>
            <ymax>2023</ymax>
        </bndbox>
    </object>
    <object>
        <name>he</name>
        <pose>Unspecified</pose>
        <truncated>0</truncated>
        <difficult>0</difficult>
        <bndbox>
            <xmin>3261</xmin>
            <ymin>1997</ymin>
            <xmax>3327</xmax>
            <ymax>2055</ymax>
        </bndbox>
    </object>
    <object>
        <name>ex</name>
        <pose>Unspecified</pose>
        <truncated>0</truncated>
        <difficult>0</difficult>
        <bndbox>
            <xmin>2939</xmin>
            <ymin>1929</ymin>
            <xmax>2951</xmax>
            <ymax>1943</ymax>
        </bndbox>
    </object>
    <object>
        <name>ex</name>
        <pose>Unspecified</pose>
        <truncated>0</truncated>
        <difficult>0</difficult>
        <bndbox>
            <xmin>2945</xmin>
            <ymin>1775</ymin>
            <xmax>2999</xmax>
            <ymax>1813</ymax>
        </bndbox>
    </object>
    <object>
        <name>ex</name>
        <pose>Unspecified</pose>
        <truncated>0</truncated>
        <difficult>0</difficult>
        <bndbox>
            <xmin>2999</xmin>
            <ymin>1865</ymin>
            <xmax>3045</xmax>
            <ymax>1885</ymax>
        </bndbox>
    </object>
    <object>
        <name>ex</name>
        <pose>Unspecified</pose>
        <truncated>0</truncated>
        <difficult>0</difficult>
        <bndbox>
            <xmin>3019</xmin>
            <ymin>1755</ymin>
            <xmax>3035</xmax>
            <ymax>1765</ymax>
        </bndbox>
    </object>
    <object>
        <name>ex</name>
        <pose>Unspecified</pose>
        <truncated>0</truncated>
        <difficult>0</difficult>
        <bndbox>
            <xmin>3039</xmin>
            <ymin>1723</ymin>
            <xmax>3045</xmax>
            <ymax>1731</ymax>
        </bndbox>
    </object>
    <object>
        <name>ex</name>
        <pose>Unspecified</pose>
        <truncated>0</truncated>
        <difficult>0</difficult>
        <bndbox>
            <xmin>3045</xmin>
            <ymin>1993</ymin>
            <xmax>3051</xmax>
            <ymax>2001</ymax>
        </bndbox>
    </object>
    <object>
        <name>ex</name>
        <pose>Unspecified</pose>
        <truncated>0</truncated>
        <difficult>0</difficult>
        <bndbox>
            <xmin>3051</xmin>
            <ymin>1861</ymin>
            <xmax>3055</xmax>
            <ymax>1865</ymax>
        </bndbox>
    </object>
    <object>
        <name>ex</name>
        <pose>Unspecified</pose>
        <truncated>0</truncated>
        <difficult>0</difficult>
        <bndbox>
            <xmin>3055</xmin>
            <ymin>1705</ymin>
            <xmax>3083</xmax>
            <ymax>1729</ymax>
        </bndbox>
    </object>
    <object>
        <name>ex</name>
        <pose>Unspecified</pose>
        <truncated>0</truncated>
        <difficult>0</difficult>
        <bndbox>
            <xmin>3057</xmin>
            <ymin>1893</ymin>
            <xmax>3071</xmax>
            <ymax>1907</ymax>
        </bndbox>
    </object>
    <object>
        <name>ex</name>
        <pose>Unspecified</pose>
        <truncated>0</truncated>
        <difficult>0</difficult>
        <bndbox>
            <xmin>3061</xmin>
            <ymin>1875</ymin>
            <xmax>3071</xmax>
            <ymax>1885</ymax>
        </bndbox>
    </object>
    <object>
        <name>ex</name>
        <pose>Unspecified</pose>
        <truncated>0</truncated>
        <difficult>0</difficult>
        <bndbox>
            <xmin>3077</xmin>
            <ymin>1821</ymin>
            <xmax>3083</xmax>
            <ymax>1827</ymax>
        </bndbox>
    </object>
    <object>
        <name>ex</name>
        <pose>Unspecified</pose>
        <truncated>0</truncated>
        <difficult>0</difficult>
        <bndbox>
            <xmin>3077</xmin>
            <ymin>1959</ymin>
            <xmax>3081</xmax>
            <ymax>1965</ymax>
        </bndbox>
    </object>
    <object>
        <name>ex</name>
        <pose>Unspecified</pose>
        <truncated>0</truncated>
        <difficult>0</difficult>
        <bndbox>
            <xmin>3083</xmin>
            <ymin>1891</ymin>
            <xmax>3089</xmax>
            <ymax>1897</ymax>
        </bndbox>
    </object>
    <object>
        <name>ex</name>
        <pose>Unspecified</pose>
        <truncated>0</truncated>
        <difficult>0</difficult>
        <bndbox>
            <xmin>3087</xmin>
            <ymin>1929</ymin>
            <xmax>3093</xmax>
            <ymax>1935</ymax>
        </bndbox>
    </object>
    <object>
        <name>ex</name>
        <pose>Unspecified</pose>
        <truncated>0</truncated>
        <difficult>0</difficult>
        <bndbox>
            <xmin>3093</xmin>
            <ymin>1907</ymin>
            <xmax>3097</xmax>
            <ymax>1913</ymax>
        </bndbox>
    </object>
    <object>
        <name>ex</name>
        <pose>Unspecified</pose>
        <truncated>0</truncated>
        <difficult>0</difficult>
        <bndbox>
            <xmin>3093</xmin>
            <ymin>2055</ymin>
            <xmax>3103</xmax>
            <ymax>2067</ymax>
        </bndbox>
    </object>
    <object>
        <name>ex</name>
        <pose>Unspecified</pose>
        <truncated>0</truncated>
        <difficult>0</difficult>
        <bndbox>
            <xmin>3103</xmin>
            <ymin>1739</ymin>
            <xmax>3161</xmax>
            <ymax>1781</ymax>
        </bndbox>
    </object>
    <object>
        <name>ex</name>
        <pose>Unspecified</pose>
        <truncated>0</truncated>
        <difficult>0</difficult>
        <bndbox>
            <xmin>3105</xmin>
            <ymin>2113</ymin>
            <xmax>3109</xmax>
            <ymax>2119</ymax>
        </bndbox>
    </object>
    <object>
        <name>ex</name>
        <pose>Unspecified</pose>
        <truncated>0</truncated>
        <difficult>0</difficult>
        <bndbox>
            <xmin>3109</xmin>
            <ymin>2073</ymin>
            <xmax>3115</xmax>
            <ymax>2077</ymax>
        </bndbox>
    </object>
    <object>
        <name>ex</name>
        <pose>Unspecified</pose>
        <truncated>0</truncated>
        <difficult>0</difficult>
        <bndbox>
            <xmin>3135</xmin>
            <ymin>2071</ymin>
            <xmax>3163</xmax>
            <ymax>2087</ymax>
        </bndbox>
    </object>
    <object>
        <name>ex</name>
        <pose>Unspecified</pose>
        <truncated>0</truncated>
        <difficult>0</difficult>
        <bndbox>
            <xmin>3147</xmin>
            <ymin>2125</ymin>
            <xmax>3153</xmax>
            <ymax>2129</ymax>
        </bndbox>
    </object>
    <object>
        <name>ex</name>
        <pose>Unspecified</pose>
        <truncated>0</truncated>
        <difficult>0</difficult>
        <bndbox>
            <xmin>3161</xmin>
            <ymin>1755</ymin>
            <xmax>3173</xmax>
            <ymax>1765</ymax>
        </bndbox>
    </object>
    <object>
        <name>ex</name>
        <pose>Unspecified</pose>
        <truncated>0</truncated>
        <difficult>0</difficult>
        <bndbox>
            <xmin>3161</xmin>
            <ymin>1777</ymin>
            <xmax>3171</xmax>
            <ymax>1785</ymax>
        </bndbox>
    </object>
    <object>
        <name>ex</name>
        <pose>Unspecified</pose>
        <truncated>0</truncated>
        <difficult>0</difficult>
        <bndbox>
            <xmin>3171</xmin>
            <ymin>2065</ymin>
            <xmax>3179</xmax>
            <ymax>2077</ymax>
        </bndbox>
    </object>
    <object>
        <name>ex</name>
        <pose>Unspecified</pose>
        <truncated>0</truncated>
        <difficult>0</difficult>
        <bndbox>
            <xmin>3189</xmin>
            <ymin>1919</ymin>
            <xmax>3193</xmax>
            <ymax>1925</ymax>
        </bndbox>
    </object>
    <object>
        <name>ex</name>
        <pose>Unspecified</pose>
        <truncated>0</truncated>
        <difficult>0</difficult>
        <bndbox>
            <xmin>3199</xmin>
            <ymin>1933</ymin>
            <xmax>3205</xmax>
            <ymax>1943</ymax>
        </bndbox>
    </object>
    <object>
        <name>ex</name>
        <pose>Unspecified</pose>
        <truncated>0</truncated>
        <difficult>0</difficult>
        <bndbox>
            <xmin>3231</xmin>
            <ymin>1929</ymin>
            <xmax>3245</xmax>
            <ymax>1939</ymax>
        </bndbox>
    </object>
    <object>
        <name>ex</name>
        <pose>Unspecified</pose>
        <truncated>0</truncated>
        <difficult>0</difficult>
        <bndbox>
            <xmin>3245</xmin>
            <ymin>2033</ymin>
            <xmax>3247</xmax>
            <ymax>2039</ymax>
        </bndbox>
    </object>
    <object>
        <name>ex</name>
        <pose>Unspecified</pose>
        <truncated>0</truncated>
        <difficult>0</difficult>
        <bndbox>
            <xmin>3287</xmin>
            <ymin>1983</ymin>
            <xmax>3295</xmax>
            <ymax>1997</ymax>
        </bndbox>
    </object>
    <object>
        <name>ex</name>
        <pose>Unspecified</pose>
        <truncated>0</truncated>
        <difficult>0</difficult>
        <bndbox>
            <xmin>3325</xmin>
            <ymin>1977</ymin>
            <xmax>3327</xmax>
            <ymax>1981</ymax>
        </bndbox>
    </object>
</annotation>