<annotation>
    <folder>OurDataset</folder>
    <filename>007-5535-300.jpg</filename>
    <size>
        <width>1956</width>
        <height>1934</height>
        <depth>3</depth>
    </size>
    <object>
        <name>ex</name>
        <pose>Unspecified</pose>
        <truncated>0</truncated>
        <difficult>0</difficult>
        <bndbox>
            <xmin>1272</xmin>
            <ymin>929</ymin>
            <xmax>1343</xmax>
            <ymax>954</ymax>
        </bndbox>
    </object>
    <object>
        <name>ex</name>
        <pose>Unspecified</pose>
        <truncated>0</truncated>
        <difficult>0</difficult>
        <bndbox>
            <xmin>1564</xmin>
            <ymin>869</ymin>
            <xmax>1573</xmax>
            <ymax>878</ymax>
        </bndbox>
    </object>
    <object>
        <name>ex</name>
        <pose>Unspecified</pose>
        <truncated>0</truncated>
        <difficult>0</difficult>
        <bndbox>
            <xmin>1619</xmin>
            <ymin>851</ymin>
            <xmax>1628</xmax>
            <ymax>858</ymax>
        </bndbox>
    </object>
    <object>
        <name>ex</name>
        <pose>Unspecified</pose>
        <truncated>0</truncated>
        <difficult>0</difficult>
        <bndbox>
            <xmin>1624</xmin>
            <ymin>827</ymin>
            <xmax>1631</xmax>
            <ymax>835</ymax>
        </bndbox>
    </object>
    <object>
        <name>ex</name>
        <pose>Unspecified</pose>
        <truncated>0</truncated>
        <difficult>0</difficult>
        <bndbox>
            <xmin>1630</xmin>
            <ymin>825</ymin>
            <xmax>1657</xmax>
            <ymax>865</ymax>
        </bndbox>
    </object>
    <object>
        <name>ex</name>
        <pose>Unspecified</pose>
        <truncated>0</truncated>
        <difficult>0</difficult>
        <bndbox>
            <xmin>1671</xmin>
            <ymin>811</ymin>
            <xmax>1677</xmax>
            <ymax>818</ymax>
        </bndbox>
    </object>
    <object>
        <name>se</name>
        <pose>Unspecified</pose>
        <truncated>0</truncated>
        <difficult>0</difficult>
        <bndbox>
            <xmin>923</xmin>
            <ymin>468</ymin>
            <xmax>1003</xmax>
            <ymax>579</ymax>
        </bndbox>
    </object>
    <object>
        <name>ma</name>
        <pose>Unspecified</pose>
        <truncated>0</truncated>
        <difficult>0</difficult>
        <bndbox>
            <xmin>1025</xmin>
            <ymin>1021</ymin>
            <xmax>1036</xmax>
            <ymax>1031</ymax>
        </bndbox>
    </object>
    <object>
        <name>ma</name>
        <pose>Unspecified</pose>
        <truncated>0</truncated>
        <difficult>0</difficult>
        <bndbox>
            <xmin>1693</xmin>
            <ymin>1061</ymin>
            <xmax>1702</xmax>
            <ymax>1071</ymax>
        </bndbox>
    </object>
    <object>
        <name>ex</name>
        <pose>Unspecified</pose>
        <truncated>0</truncated>
        <difficult>0</difficult>
        <bndbox>
            <xmin>1272</xmin>
            <ymin>929</ymin>
            <xmax>1343</xmax>
            <ymax>954</ymax>
        </bndbox>
    </object>
    <object>
        <name>ex</name>
        <pose>Unspecified</pose>
        <truncated>0</truncated>
        <difficult>0</difficult>
        <bndbox>
            <xmin>1564</xmin>
            <ymin>869</ymin>
            <xmax>1573</xmax>
            <ymax>878</ymax>
        </bndbox>
    </object>
    <object>
        <name>ex</name>
        <pose>Unspecified</pose>
        <truncated>0</truncated>
        <difficult>0</difficult>
        <bndbox>
            <xmin>1619</xmin>
            <ymin>851</ymin>
            <xmax>1628</xmax>
            <ymax>858</ymax>
        </bndbox>
    </object>
    <object>
        <name>ex</name>
        <pose>Unspecified</pose>
        <truncated>0</truncated>
        <difficult>0</difficult>
        <bndbox>
            <xmin>1624</xmin>
            <ymin>827</ymin>
            <xmax>1631</xmax>
            <ymax>835</ymax>
        </bndbox>
    </object>
    <object>
        <name>ex</name>
        <pose>Unspecified</pose>
        <truncated>0</truncated>
        <difficult>0</difficult>
        <bndbox>
            <xmin>1630</xmin>
            <ymin>825</ymin>
            <xmax>1657</xmax>
            <ymax>865</ymax>
        </bndbox>
    </object>
    <object>
        <name>ex</name>
        <pose>Unspecified</pose>
        <truncated>0</truncated>
        <difficult>0</difficult>
        <bndbox>
            <xmin>1671</xmin>
            <ymin>811</ymin>
            <xmax>1677</xmax>
            <ymax>818</ymax>
        </bndbox>
    </object>
    <object>
        <name>se</name>
        <pose>Unspecified</pose>
        <truncated>0</truncated>
        <difficult>0</difficult>
        <bndbox>
            <xmin>923</xmin>
            <ymin>468</ymin>
            <xmax>1003</xmax>
            <ymax>579</ymax>
        </bndbox>
    </object>
    <object>
        <name>ma</name>
        <pose>Unspecified</pose>
        <truncated>0</truncated>
        <difficult>0</difficult>
        <bndbox>
            <xmin>1025</xmin>
            <ymin>1021</ymin>
            <xmax>1036</xmax>
            <ymax>1031</ymax>
        </bndbox>
    </object>
    <object>
        <name>ma</name>
        <pose>Unspecified</pose>
        <truncated>0</truncated>
        <difficult>0</difficult>
        <bndbox>
            <xmin>1693</xmin>
            <ymin>1061</ymin>
            <xmax>1702</xmax>
            <ymax>1071</ymax>
        </bndbox>
    </object>
    <object>
        <name>ex</name>
        <pose>Unspecified</pose>
        <truncated>0</truncated>
        <difficult>0</difficult>
        <bndbox>
            <xmin>1272</xmin>
            <ymin>929</ymin>
            <xmax>1343</xmax>
            <ymax>954</ymax>
        </bndbox>
    </object>
    <object>
        <name>ex</name>
        <pose>Unspecified</pose>
        <truncated>0</truncated>
        <difficult>0</difficult>
        <bndbox>
            <xmin>1564</xmin>
            <ymin>869</ymin>
            <xmax>1573</xmax>
            <ymax>878</ymax>
        </bndbox>
    </object>
    <object>
        <name>ex</name>
        <pose>Unspecified</pose>
        <truncated>0</truncated>
        <difficult>0</difficult>
        <bndbox>
            <xmin>1619</xmin>
            <ymin>851</ymin>
            <xmax>1628</xmax>
            <ymax>858</ymax>
        </bndbox>
    </object>
    <object>
        <name>ex</name>
        <pose>Unspecified</pose>
        <truncated>0</truncated>
        <difficult>0</difficult>
        <bndbox>
            <xmin>1624</xmin>
            <ymin>827</ymin>
            <xmax>1631</xmax>
            <ymax>835</ymax>
        </bndbox>
    </object>
    <object>
        <name>ex</name>
        <pose>Unspecified</pose>
        <truncated>0</truncated>
        <difficult>0</difficult>
        <bndbox>
            <xmin>1630</xmin>
            <ymin>825</ymin>
            <xmax>1657</xmax>
            <ymax>865</ymax>
        </bndbox>
    </object>
    <object>
        <name>ex</name>
        <pose>Unspecified</pose>
        <truncated>0</truncated>
        <difficult>0</difficult>
        <bndbox>
            <xmin>1671</xmin>
            <ymin>811</ymin>
            <xmax>1677</xmax>
            <ymax>818</ymax>
        </bndbox>
    </object>
</annotation>