<annotation>
    <folder>OurDataset</folder>
    <filename>007-4576-200.jpg</filename>
    <size>
        <width>2048</width>
        <height>1536</height>
        <depth>3</depth>
    </size>
    <object>
        <name>ex</name>
        <pose>Unspecified</pose>
        <truncated>0</truncated>
        <difficult>0</difficult>
        <bndbox>
            <xmin>722</xmin>
            <ymin>1013</ymin>
            <xmax>733</xmax>
            <ymax>1029</ymax>
        </bndbox>
    </object>
    <object>
        <name>ex</name>
        <pose>Unspecified</pose>
        <truncated>0</truncated>
        <difficult>0</difficult>
        <bndbox>
            <xmin>737</xmin>
            <ymin>984</ymin>
            <xmax>743</xmax>
            <ymax>992</ymax>
        </bndbox>
    </object>
    <object>
        <name>ex</name>
        <pose>Unspecified</pose>
        <truncated>0</truncated>
        <difficult>0</difficult>
        <bndbox>
            <xmin>784</xmin>
            <ymin>1032</ymin>
            <xmax>787</xmax>
            <ymax>1035</ymax>
        </bndbox>
    </object>
    <object>
        <name>ex</name>
        <pose>Unspecified</pose>
        <truncated>0</truncated>
        <difficult>0</difficult>
        <bndbox>
            <xmin>803</xmin>
            <ymin>997</ymin>
            <xmax>813</xmax>
            <ymax>1003</ymax>
        </bndbox>
    </object>
    <object>
        <name>ex</name>
        <pose>Unspecified</pose>
        <truncated>0</truncated>
        <difficult>0</difficult>
        <bndbox>
            <xmin>981</xmin>
            <ymin>1022</ymin>
            <xmax>986</xmax>
            <ymax>1032</ymax>
        </bndbox>
    </object>
    <object>
        <name>ex</name>
        <pose>Unspecified</pose>
        <truncated>0</truncated>
        <difficult>0</difficult>
        <bndbox>
            <xmin>986</xmin>
            <ymin>1037</ymin>
            <xmax>988</xmax>
            <ymax>1040</ymax>
        </bndbox>
    </object>
    <object>
        <name>ex</name>
        <pose>Unspecified</pose>
        <truncated>0</truncated>
        <difficult>0</difficult>
        <bndbox>
            <xmin>991</xmin>
            <ymin>941</ymin>
            <xmax>1023</xmax>
            <ymax>1014</ymax>
        </bndbox>
    </object>
    <object>
        <name>ex</name>
        <pose>Unspecified</pose>
        <truncated>0</truncated>
        <difficult>0</difficult>
        <bndbox>
            <xmin>994</xmin>
            <ymin>1032</ymin>
            <xmax>1001</xmax>
            <ymax>1046</ymax>
        </bndbox>
    </object>
    <object>
        <name>ex</name>
        <pose>Unspecified</pose>
        <truncated>0</truncated>
        <difficult>0</difficult>
        <bndbox>
            <xmin>1003</xmin>
            <ymin>1073</ymin>
            <xmax>1010</xmax>
            <ymax>1085</ymax>
        </bndbox>
    </object>
    <object>
        <name>he</name>
        <pose>Unspecified</pose>
        <truncated>0</truncated>
        <difficult>0</difficult>
        <bndbox>
            <xmin>452</xmin>
            <ymin>986</ymin>
            <xmax>482</xmax>
            <ymax>1026</ymax>
        </bndbox>
    </object>
    <object>
        <name>he</name>
        <pose>Unspecified</pose>
        <truncated>0</truncated>
        <difficult>0</difficult>
        <bndbox>
            <xmin>561</xmin>
            <ymin>903</ymin>
            <xmax>568</xmax>
            <ymax>907</ymax>
        </bndbox>
    </object>
    <object>
        <name>he</name>
        <pose>Unspecified</pose>
        <truncated>0</truncated>
        <difficult>0</difficult>
        <bndbox>
            <xmin>569</xmin>
            <ymin>896</ymin>
            <xmax>594</xmax>
            <ymax>912</ymax>
        </bndbox>
    </object>
    <object>
        <name>he</name>
        <pose>Unspecified</pose>
        <truncated>0</truncated>
        <difficult>0</difficult>
        <bndbox>
            <xmin>611</xmin>
            <ymin>791</ymin>
            <xmax>618</xmax>
            <ymax>796</ymax>
        </bndbox>
    </object>
    <object>
        <name>he</name>
        <pose>Unspecified</pose>
        <truncated>0</truncated>
        <difficult>0</difficult>
        <bndbox>
            <xmin>645</xmin>
            <ymin>808</ymin>
            <xmax>650</xmax>
            <ymax>813</ymax>
        </bndbox>
    </object>
    <object>
        <name>he</name>
        <pose>Unspecified</pose>
        <truncated>0</truncated>
        <difficult>0</difficult>
        <bndbox>
            <xmin>652</xmin>
            <ymin>810</ymin>
            <xmax>664</xmax>
            <ymax>819</ymax>
        </bndbox>
    </object>
    <object>
        <name>he</name>
        <pose>Unspecified</pose>
        <truncated>0</truncated>
        <difficult>0</difficult>
        <bndbox>
            <xmin>673</xmin>
            <ymin>1047</ymin>
            <xmax>675</xmax>
            <ymax>1050</ymax>
        </bndbox>
    </object>
    <object>
        <name>he</name>
        <pose>Unspecified</pose>
        <truncated>0</truncated>
        <difficult>0</difficult>
        <bndbox>
            <xmin>677</xmin>
            <ymin>1050</ymin>
            <xmax>731</xmax>
            <ymax>1112</ymax>
        </bndbox>
    </object>
    <object>
        <name>he</name>
        <pose>Unspecified</pose>
        <truncated>0</truncated>
        <difficult>0</difficult>
        <bndbox>
            <xmin>682</xmin>
            <ymin>1113</ymin>
            <xmax>753</xmax>
            <ymax>1165</ymax>
        </bndbox>
    </object>
    <object>
        <name>he</name>
        <pose>Unspecified</pose>
        <truncated>0</truncated>
        <difficult>0</difficult>
        <bndbox>
            <xmin>757</xmin>
            <ymin>620</ymin>
            <xmax>780</xmax>
            <ymax>631</ymax>
        </bndbox>
    </object>
    <object>
        <name>he</name>
        <pose>Unspecified</pose>
        <truncated>0</truncated>
        <difficult>0</difficult>
        <bndbox>
            <xmin>763</xmin>
            <ymin>658</ymin>
            <xmax>788</xmax>
            <ymax>671</ymax>
        </bndbox>
    </object>
    <object>
        <name>he</name>
        <pose>Unspecified</pose>
        <truncated>0</truncated>
        <difficult>0</difficult>
        <bndbox>
            <xmin>807</xmin>
            <ymin>658</ymin>
            <xmax>814</xmax>
            <ymax>666</ymax>
        </bndbox>
    </object>
    <object>
        <name>he</name>
        <pose>Unspecified</pose>
        <truncated>0</truncated>
        <difficult>0</difficult>
        <bndbox>
            <xmin>834</xmin>
            <ymin>664</ymin>
            <xmax>840</xmax>
            <ymax>668</ymax>
        </bndbox>
    </object>
    <object>
        <name>he</name>
        <pose>Unspecified</pose>
        <truncated>0</truncated>
        <difficult>0</difficult>
        <bndbox>
            <xmin>1193</xmin>
            <ymin>670</ymin>
            <xmax>1210</xmax>
            <ymax>696</ymax>
        </bndbox>
    </object>
    <object>
        <name>he</name>
        <pose>Unspecified</pose>
        <truncated>0</truncated>
        <difficult>0</difficult>
        <bndbox>
            <xmin>1196</xmin>
            <ymin>743</ymin>
            <xmax>1200</xmax>
            <ymax>750</ymax>
        </bndbox>
    </object>
    <object>
        <name>he</name>
        <pose>Unspecified</pose>
        <truncated>0</truncated>
        <difficult>0</difficult>
        <bndbox>
            <xmin>1212</xmin>
            <ymin>754</ymin>
            <xmax>1215</xmax>
            <ymax>756</ymax>
        </bndbox>
    </object>
    <object>
        <name>he</name>
        <pose>Unspecified</pose>
        <truncated>0</truncated>
        <difficult>0</difficult>
        <bndbox>
            <xmin>1474</xmin>
            <ymin>700</ymin>
            <xmax>1482</xmax>
            <ymax>707</ymax>
        </bndbox>
    </object>
    <object>
        <name>he</name>
        <pose>Unspecified</pose>
        <truncated>0</truncated>
        <difficult>0</difficult>
        <bndbox>
            <xmin>1482</xmin>
            <ymin>710</ymin>
            <xmax>1486</xmax>
            <ymax>714</ymax>
        </bndbox>
    </object>
    <object>
        <name>ex</name>
        <pose>Unspecified</pose>
        <truncated>0</truncated>
        <difficult>0</difficult>
        <bndbox>
            <xmin>722</xmin>
            <ymin>1013</ymin>
            <xmax>733</xmax>
            <ymax>1029</ymax>
        </bndbox>
    </object>
    <object>
        <name>ex</name>
        <pose>Unspecified</pose>
        <truncated>0</truncated>
        <difficult>0</difficult>
        <bndbox>
            <xmin>737</xmin>
            <ymin>984</ymin>
            <xmax>743</xmax>
            <ymax>992</ymax>
        </bndbox>
    </object>
    <object>
        <name>ex</name>
        <pose>Unspecified</pose>
        <truncated>0</truncated>
        <difficult>0</difficult>
        <bndbox>
            <xmin>784</xmin>
            <ymin>1032</ymin>
            <xmax>787</xmax>
            <ymax>1035</ymax>
        </bndbox>
    </object>
    <object>
        <name>ex</name>
        <pose>Unspecified</pose>
        <truncated>0</truncated>
        <difficult>0</difficult>
        <bndbox>
            <xmin>803</xmin>
            <ymin>997</ymin>
            <xmax>813</xmax>
            <ymax>1003</ymax>
        </bndbox>
    </object>
    <object>
        <name>ex</name>
        <pose>Unspecified</pose>
        <truncated>0</truncated>
        <difficult>0</difficult>
        <bndbox>
            <xmin>981</xmin>
            <ymin>1022</ymin>
            <xmax>986</xmax>
            <ymax>1032</ymax>
        </bndbox>
    </object>
    <object>
        <name>ex</name>
        <pose>Unspecified</pose>
        <truncated>0</truncated>
        <difficult>0</difficult>
        <bndbox>
            <xmin>986</xmin>
            <ymin>1037</ymin>
            <xmax>988</xmax>
            <ymax>1040</ymax>
        </bndbox>
    </object>
    <object>
        <name>ex</name>
        <pose>Unspecified</pose>
        <truncated>0</truncated>
        <difficult>0</difficult>
        <bndbox>
            <xmin>991</xmin>
            <ymin>941</ymin>
            <xmax>1023</xmax>
            <ymax>1014</ymax>
        </bndbox>
    </object>
    <object>
        <name>ex</name>
        <pose>Unspecified</pose>
        <truncated>0</truncated>
        <difficult>0</difficult>
        <bndbox>
            <xmin>994</xmin>
            <ymin>1032</ymin>
            <xmax>1001</xmax>
            <ymax>1046</ymax>
        </bndbox>
    </object>
    <object>
        <name>ex</name>
        <pose>Unspecified</pose>
        <truncated>0</truncated>
        <difficult>0</difficult>
        <bndbox>
            <xmin>1003</xmin>
            <ymin>1073</ymin>
            <xmax>1010</xmax>
            <ymax>1085</ymax>
        </bndbox>
    </object>
    <object>
        <name>he</name>
        <pose>Unspecified</pose>
        <truncated>0</truncated>
        <difficult>0</difficult>
        <bndbox>
            <xmin>452</xmin>
            <ymin>986</ymin>
            <xmax>482</xmax>
            <ymax>1026</ymax>
        </bndbox>
    </object>
    <object>
        <name>he</name>
        <pose>Unspecified</pose>
        <truncated>0</truncated>
        <difficult>0</difficult>
        <bndbox>
            <xmin>561</xmin>
            <ymin>903</ymin>
            <xmax>568</xmax>
            <ymax>907</ymax>
        </bndbox>
    </object>
    <object>
        <name>he</name>
        <pose>Unspecified</pose>
        <truncated>0</truncated>
        <difficult>0</difficult>
        <bndbox>
            <xmin>569</xmin>
            <ymin>896</ymin>
            <xmax>594</xmax>
            <ymax>912</ymax>
        </bndbox>
    </object>
    <object>
        <name>he</name>
        <pose>Unspecified</pose>
        <truncated>0</truncated>
        <difficult>0</difficult>
        <bndbox>
            <xmin>611</xmin>
            <ymin>791</ymin>
            <xmax>618</xmax>
            <ymax>796</ymax>
        </bndbox>
    </object>
    <object>
        <name>he</name>
        <pose>Unspecified</pose>
        <truncated>0</truncated>
        <difficult>0</difficult>
        <bndbox>
            <xmin>645</xmin>
            <ymin>808</ymin>
            <xmax>650</xmax>
            <ymax>813</ymax>
        </bndbox>
    </object>
    <object>
        <name>he</name>
        <pose>Unspecified</pose>
        <truncated>0</truncated>
        <difficult>0</difficult>
        <bndbox>
            <xmin>652</xmin>
            <ymin>810</ymin>
            <xmax>664</xmax>
            <ymax>819</ymax>
        </bndbox>
    </object>
    <object>
        <name>he</name>
        <pose>Unspecified</pose>
        <truncated>0</truncated>
        <difficult>0</difficult>
        <bndbox>
            <xmin>673</xmin>
            <ymin>1047</ymin>
            <xmax>675</xmax>
            <ymax>1050</ymax>
        </bndbox>
    </object>
    <object>
        <name>he</name>
        <pose>Unspecified</pose>
        <truncated>0</truncated>
        <difficult>0</difficult>
        <bndbox>
            <xmin>677</xmin>
            <ymin>1050</ymin>
            <xmax>731</xmax>
            <ymax>1112</ymax>
        </bndbox>
    </object>
    <object>
        <name>he</name>
        <pose>Unspecified</pose>
        <truncated>0</truncated>
        <difficult>0</difficult>
        <bndbox>
            <xmin>682</xmin>
            <ymin>1113</ymin>
            <xmax>753</xmax>
            <ymax>1165</ymax>
        </bndbox>
    </object>
    <object>
        <name>he</name>
        <pose>Unspecified</pose>
        <truncated>0</truncated>
        <difficult>0</difficult>
        <bndbox>
            <xmin>757</xmin>
            <ymin>620</ymin>
            <xmax>780</xmax>
            <ymax>631</ymax>
        </bndbox>
    </object>
    <object>
        <name>he</name>
        <pose>Unspecified</pose>
        <truncated>0</truncated>
        <difficult>0</difficult>
        <bndbox>
            <xmin>763</xmin>
            <ymin>658</ymin>
            <xmax>788</xmax>
            <ymax>671</ymax>
        </bndbox>
    </object>
    <object>
        <name>he</name>
        <pose>Unspecified</pose>
        <truncated>0</truncated>
        <difficult>0</difficult>
        <bndbox>
            <xmin>807</xmin>
            <ymin>658</ymin>
            <xmax>814</xmax>
            <ymax>666</ymax>
        </bndbox>
    </object>
    <object>
        <name>he</name>
        <pose>Unspecified</pose>
        <truncated>0</truncated>
        <difficult>0</difficult>
        <bndbox>
            <xmin>834</xmin>
            <ymin>664</ymin>
            <xmax>840</xmax>
            <ymax>668</ymax>
        </bndbox>
    </object>
    <object>
        <name>he</name>
        <pose>Unspecified</pose>
        <truncated>0</truncated>
        <difficult>0</difficult>
        <bndbox>
            <xmin>1193</xmin>
            <ymin>670</ymin>
            <xmax>1210</xmax>
            <ymax>696</ymax>
        </bndbox>
    </object>
    <object>
        <name>he</name>
        <pose>Unspecified</pose>
        <truncated>0</truncated>
        <difficult>0</difficult>
        <bndbox>
            <xmin>1196</xmin>
            <ymin>743</ymin>
            <xmax>1200</xmax>
            <ymax>750</ymax>
        </bndbox>
    </object>
    <object>
        <name>he</name>
        <pose>Unspecified</pose>
        <truncated>0</truncated>
        <difficult>0</difficult>
        <bndbox>
            <xmin>1212</xmin>
            <ymin>754</ymin>
            <xmax>1215</xmax>
            <ymax>756</ymax>
        </bndbox>
    </object>
    <object>
        <name>he</name>
        <pose>Unspecified</pose>
        <truncated>0</truncated>
        <difficult>0</difficult>
        <bndbox>
            <xmin>1474</xmin>
            <ymin>700</ymin>
            <xmax>1482</xmax>
            <ymax>707</ymax>
        </bndbox>
    </object>
    <object>
        <name>he</name>
        <pose>Unspecified</pose>
        <truncated>0</truncated>
        <difficult>0</difficult>
        <bndbox>
            <xmin>1482</xmin>
            <ymin>710</ymin>
            <xmax>1486</xmax>
            <ymax>714</ymax>
        </bndbox>
    </object>
    <object>
        <name>ex</name>
        <pose>Unspecified</pose>
        <truncated>0</truncated>
        <difficult>0</difficult>
        <bndbox>
            <xmin>722</xmin>
            <ymin>1013</ymin>
            <xmax>733</xmax>
            <ymax>1029</ymax>
        </bndbox>
    </object>
    <object>
        <name>ex</name>
        <pose>Unspecified</pose>
        <truncated>0</truncated>
        <difficult>0</difficult>
        <bndbox>
            <xmin>737</xmin>
            <ymin>984</ymin>
            <xmax>743</xmax>
            <ymax>992</ymax>
        </bndbox>
    </object>
    <object>
        <name>ex</name>
        <pose>Unspecified</pose>
        <truncated>0</truncated>
        <difficult>0</difficult>
        <bndbox>
            <xmin>784</xmin>
            <ymin>1032</ymin>
            <xmax>787</xmax>
            <ymax>1035</ymax>
        </bndbox>
    </object>
    <object>
        <name>ex</name>
        <pose>Unspecified</pose>
        <truncated>0</truncated>
        <difficult>0</difficult>
        <bndbox>
            <xmin>803</xmin>
            <ymin>997</ymin>
            <xmax>813</xmax>
            <ymax>1003</ymax>
        </bndbox>
    </object>
    <object>
        <name>ex</name>
        <pose>Unspecified</pose>
        <truncated>0</truncated>
        <difficult>0</difficult>
        <bndbox>
            <xmin>981</xmin>
            <ymin>1022</ymin>
            <xmax>986</xmax>
            <ymax>1032</ymax>
        </bndbox>
    </object>
    <object>
        <name>ex</name>
        <pose>Unspecified</pose>
        <truncated>0</truncated>
        <difficult>0</difficult>
        <bndbox>
            <xmin>986</xmin>
            <ymin>1037</ymin>
            <xmax>988</xmax>
            <ymax>1040</ymax>
        </bndbox>
    </object>
    <object>
        <name>ex</name>
        <pose>Unspecified</pose>
        <truncated>0</truncated>
        <difficult>0</difficult>
        <bndbox>
            <xmin>991</xmin>
            <ymin>941</ymin>
            <xmax>1023</xmax>
            <ymax>1014</ymax>
        </bndbox>
    </object>
    <object>
        <name>ex</name>
        <pose>Unspecified</pose>
        <truncated>0</truncated>
        <difficult>0</difficult>
        <bndbox>
            <xmin>994</xmin>
            <ymin>1032</ymin>
            <xmax>1001</xmax>
            <ymax>1046</ymax>
        </bndbox>
    </object>
    <object>
        <name>ex</name>
        <pose>Unspecified</pose>
        <truncated>0</truncated>
        <difficult>0</difficult>
        <bndbox>
            <xmin>1003</xmin>
            <ymin>1073</ymin>
            <xmax>1010</xmax>
            <ymax>1085</ymax>
        </bndbox>
    </object>
</annotation>