<annotation>
    <folder>OurDataset</folder>
    <filename>007-5311-300.jpg</filename>
    <size>
        <width>2736</width>
        <height>1824</height>
        <depth>3</depth>
    </size>
    <object>
        <name>ex</name>
        <pose>Unspecified</pose>
        <truncated>0</truncated>
        <difficult>0</difficult>
        <bndbox>
            <xmin>1135</xmin>
            <ymin>577</ymin>
            <xmax>1165</xmax>
            <ymax>595</ymax>
        </bndbox>
    </object>
    <object>
        <name>ex</name>
        <pose>Unspecified</pose>
        <truncated>0</truncated>
        <difficult>0</difficult>
        <bndbox>
            <xmin>1145</xmin>
            <ymin>571</ymin>
            <xmax>1147</xmax>
            <ymax>575</ymax>
        </bndbox>
    </object>
    <object>
        <name>ex</name>
        <pose>Unspecified</pose>
        <truncated>0</truncated>
        <difficult>0</difficult>
        <bndbox>
            <xmin>1151</xmin>
            <ymin>603</ymin>
            <xmax>1159</xmax>
            <ymax>607</ymax>
        </bndbox>
    </object>
    <object>
        <name>ex</name>
        <pose>Unspecified</pose>
        <truncated>0</truncated>
        <difficult>0</difficult>
        <bndbox>
            <xmin>1163</xmin>
            <ymin>565</ymin>
            <xmax>1169</xmax>
            <ymax>571</ymax>
        </bndbox>
    </object>
    <object>
        <name>ex</name>
        <pose>Unspecified</pose>
        <truncated>0</truncated>
        <difficult>0</difficult>
        <bndbox>
            <xmin>1169</xmin>
            <ymin>577</ymin>
            <xmax>1175</xmax>
            <ymax>581</ymax>
        </bndbox>
    </object>
    <object>
        <name>ex</name>
        <pose>Unspecified</pose>
        <truncated>0</truncated>
        <difficult>0</difficult>
        <bndbox>
            <xmin>1173</xmin>
            <ymin>569</ymin>
            <xmax>1175</xmax>
            <ymax>571</ymax>
        </bndbox>
    </object>
    <object>
        <name>ex</name>
        <pose>Unspecified</pose>
        <truncated>0</truncated>
        <difficult>0</difficult>
        <bndbox>
            <xmin>1205</xmin>
            <ymin>647</ymin>
            <xmax>1209</xmax>
            <ymax>651</ymax>
        </bndbox>
    </object>
    <object>
        <name>ex</name>
        <pose>Unspecified</pose>
        <truncated>0</truncated>
        <difficult>0</difficult>
        <bndbox>
            <xmin>1237</xmin>
            <ymin>647</ymin>
            <xmax>1251</xmax>
            <ymax>663</ymax>
        </bndbox>
    </object>
    <object>
        <name>ex</name>
        <pose>Unspecified</pose>
        <truncated>0</truncated>
        <difficult>0</difficult>
        <bndbox>
            <xmin>1243</xmin>
            <ymin>681</ymin>
            <xmax>1245</xmax>
            <ymax>683</ymax>
        </bndbox>
    </object>
    <object>
        <name>ex</name>
        <pose>Unspecified</pose>
        <truncated>0</truncated>
        <difficult>0</difficult>
        <bndbox>
            <xmin>1247</xmin>
            <ymin>567</ymin>
            <xmax>1251</xmax>
            <ymax>569</ymax>
        </bndbox>
    </object>
    <object>
        <name>ex</name>
        <pose>Unspecified</pose>
        <truncated>0</truncated>
        <difficult>0</difficult>
        <bndbox>
            <xmin>1271</xmin>
            <ymin>581</ymin>
            <xmax>1283</xmax>
            <ymax>595</ymax>
        </bndbox>
    </object>
    <object>
        <name>ex</name>
        <pose>Unspecified</pose>
        <truncated>0</truncated>
        <difficult>0</difficult>
        <bndbox>
            <xmin>1281</xmin>
            <ymin>595</ymin>
            <xmax>1289</xmax>
            <ymax>603</ymax>
        </bndbox>
    </object>
    <object>
        <name>ex</name>
        <pose>Unspecified</pose>
        <truncated>0</truncated>
        <difficult>0</difficult>
        <bndbox>
            <xmin>1375</xmin>
            <ymin>825</ymin>
            <xmax>1391</xmax>
            <ymax>835</ymax>
        </bndbox>
    </object>
    <object>
        <name>se</name>
        <pose>Unspecified</pose>
        <truncated>0</truncated>
        <difficult>0</difficult>
        <bndbox>
            <xmin>905</xmin>
            <ymin>689</ymin>
            <xmax>991</xmax>
            <ymax>741</ymax>
        </bndbox>
    </object>
    <object>
        <name>se</name>
        <pose>Unspecified</pose>
        <truncated>0</truncated>
        <difficult>0</difficult>
        <bndbox>
            <xmin>1001</xmin>
            <ymin>933</ymin>
            <xmax>1027</xmax>
            <ymax>957</ymax>
        </bndbox>
    </object>
    <object>
        <name>se</name>
        <pose>Unspecified</pose>
        <truncated>0</truncated>
        <difficult>0</difficult>
        <bndbox>
            <xmin>1197</xmin>
            <ymin>1121</ymin>
            <xmax>1213</xmax>
            <ymax>1163</ymax>
        </bndbox>
    </object>
    <object>
        <name>se</name>
        <pose>Unspecified</pose>
        <truncated>0</truncated>
        <difficult>0</difficult>
        <bndbox>
            <xmin>1437</xmin>
            <ymin>237</ymin>
            <xmax>1479</xmax>
            <ymax>305</ymax>
        </bndbox>
    </object>
    <object>
        <name>se</name>
        <pose>Unspecified</pose>
        <truncated>0</truncated>
        <difficult>0</difficult>
        <bndbox>
            <xmin>1575</xmin>
            <ymin>1317</ymin>
            <xmax>1599</xmax>
            <ymax>1345</ymax>
        </bndbox>
    </object>
    <object>
        <name>ma</name>
        <pose>Unspecified</pose>
        <truncated>0</truncated>
        <difficult>0</difficult>
        <bndbox>
            <xmin>749</xmin>
            <ymin>1183</ymin>
            <xmax>759</xmax>
            <ymax>1195</ymax>
        </bndbox>
    </object>
    <object>
        <name>ma</name>
        <pose>Unspecified</pose>
        <truncated>0</truncated>
        <difficult>0</difficult>
        <bndbox>
            <xmin>815</xmin>
            <ymin>1147</ymin>
            <xmax>827</xmax>
            <ymax>1159</ymax>
        </bndbox>
    </object>
    <object>
        <name>ma</name>
        <pose>Unspecified</pose>
        <truncated>0</truncated>
        <difficult>0</difficult>
        <bndbox>
            <xmin>953</xmin>
            <ymin>925</ymin>
            <xmax>959</xmax>
            <ymax>931</ymax>
        </bndbox>
    </object>
    <object>
        <name>ma</name>
        <pose>Unspecified</pose>
        <truncated>0</truncated>
        <difficult>0</difficult>
        <bndbox>
            <xmin>959</xmin>
            <ymin>907</ymin>
            <xmax>981</xmax>
            <ymax>919</ymax>
        </bndbox>
    </object>
    <object>
        <name>ma</name>
        <pose>Unspecified</pose>
        <truncated>0</truncated>
        <difficult>0</difficult>
        <bndbox>
            <xmin>983</xmin>
            <ymin>907</ymin>
            <xmax>991</xmax>
            <ymax>911</ymax>
        </bndbox>
    </object>
    <object>
        <name>ma</name>
        <pose>Unspecified</pose>
        <truncated>0</truncated>
        <difficult>0</difficult>
        <bndbox>
            <xmin>993</xmin>
            <ymin>901</ymin>
            <xmax>995</xmax>
            <ymax>903</ymax>
        </bndbox>
    </object>
    <object>
        <name>ma</name>
        <pose>Unspecified</pose>
        <truncated>0</truncated>
        <difficult>0</difficult>
        <bndbox>
            <xmin>1003</xmin>
            <ymin>719</ymin>
            <xmax>1013</xmax>
            <ymax>725</ymax>
        </bndbox>
    </object>
    <object>
        <name>ma</name>
        <pose>Unspecified</pose>
        <truncated>0</truncated>
        <difficult>0</difficult>
        <bndbox>
            <xmin>1015</xmin>
            <ymin>583</ymin>
            <xmax>1025</xmax>
            <ymax>591</ymax>
        </bndbox>
    </object>
    <object>
        <name>ma</name>
        <pose>Unspecified</pose>
        <truncated>0</truncated>
        <difficult>0</difficult>
        <bndbox>
            <xmin>1021</xmin>
            <ymin>605</ymin>
            <xmax>1027</xmax>
            <ymax>613</ymax>
        </bndbox>
    </object>
    <object>
        <name>ma</name>
        <pose>Unspecified</pose>
        <truncated>0</truncated>
        <difficult>0</difficult>
        <bndbox>
            <xmin>1111</xmin>
            <ymin>853</ymin>
            <xmax>1117</xmax>
            <ymax>859</ymax>
        </bndbox>
    </object>
    <object>
        <name>ma</name>
        <pose>Unspecified</pose>
        <truncated>0</truncated>
        <difficult>0</difficult>
        <bndbox>
            <xmin>1117</xmin>
            <ymin>633</ymin>
            <xmax>1127</xmax>
            <ymax>643</ymax>
        </bndbox>
    </object>
    <object>
        <name>ma</name>
        <pose>Unspecified</pose>
        <truncated>0</truncated>
        <difficult>0</difficult>
        <bndbox>
            <xmin>1127</xmin>
            <ymin>581</ymin>
            <xmax>1131</xmax>
            <ymax>585</ymax>
        </bndbox>
    </object>
    <object>
        <name>ma</name>
        <pose>Unspecified</pose>
        <truncated>0</truncated>
        <difficult>0</difficult>
        <bndbox>
            <xmin>1165</xmin>
            <ymin>621</ymin>
            <xmax>1169</xmax>
            <ymax>627</ymax>
        </bndbox>
    </object>
    <object>
        <name>ma</name>
        <pose>Unspecified</pose>
        <truncated>0</truncated>
        <difficult>0</difficult>
        <bndbox>
            <xmin>1185</xmin>
            <ymin>569</ymin>
            <xmax>1195</xmax>
            <ymax>571</ymax>
        </bndbox>
    </object>
    <object>
        <name>ma</name>
        <pose>Unspecified</pose>
        <truncated>0</truncated>
        <difficult>0</difficult>
        <bndbox>
            <xmin>1185</xmin>
            <ymin>695</ymin>
            <xmax>1189</xmax>
            <ymax>701</ymax>
        </bndbox>
    </object>
    <object>
        <name>ma</name>
        <pose>Unspecified</pose>
        <truncated>0</truncated>
        <difficult>0</difficult>
        <bndbox>
            <xmin>1187</xmin>
            <ymin>579</ymin>
            <xmax>1213</xmax>
            <ymax>593</ymax>
        </bndbox>
    </object>
    <object>
        <name>ma</name>
        <pose>Unspecified</pose>
        <truncated>0</truncated>
        <difficult>0</difficult>
        <bndbox>
            <xmin>1189</xmin>
            <ymin>545</ymin>
            <xmax>1205</xmax>
            <ymax>559</ymax>
        </bndbox>
    </object>
    <object>
        <name>ma</name>
        <pose>Unspecified</pose>
        <truncated>0</truncated>
        <difficult>0</difficult>
        <bndbox>
            <xmin>1199</xmin>
            <ymin>595</ymin>
            <xmax>1207</xmax>
            <ymax>601</ymax>
        </bndbox>
    </object>
    <object>
        <name>ma</name>
        <pose>Unspecified</pose>
        <truncated>0</truncated>
        <difficult>0</difficult>
        <bndbox>
            <xmin>1209</xmin>
            <ymin>603</ymin>
            <xmax>1211</xmax>
            <ymax>605</ymax>
        </bndbox>
    </object>
    <object>
        <name>ma</name>
        <pose>Unspecified</pose>
        <truncated>0</truncated>
        <difficult>0</difficult>
        <bndbox>
            <xmin>1221</xmin>
            <ymin>613</ymin>
            <xmax>1225</xmax>
            <ymax>615</ymax>
        </bndbox>
    </object>
    <object>
        <name>ma</name>
        <pose>Unspecified</pose>
        <truncated>0</truncated>
        <difficult>0</difficult>
        <bndbox>
            <xmin>1255</xmin>
            <ymin>605</ymin>
            <xmax>1265</xmax>
            <ymax>615</ymax>
        </bndbox>
    </object>
    <object>
        <name>ma</name>
        <pose>Unspecified</pose>
        <truncated>0</truncated>
        <difficult>0</difficult>
        <bndbox>
            <xmin>1269</xmin>
            <ymin>615</ymin>
            <xmax>1273</xmax>
            <ymax>619</ymax>
        </bndbox>
    </object>
    <object>
        <name>ma</name>
        <pose>Unspecified</pose>
        <truncated>0</truncated>
        <difficult>0</difficult>
        <bndbox>
            <xmin>1279</xmin>
            <ymin>545</ymin>
            <xmax>1283</xmax>
            <ymax>549</ymax>
        </bndbox>
    </object>
    <object>
        <name>ma</name>
        <pose>Unspecified</pose>
        <truncated>0</truncated>
        <difficult>0</difficult>
        <bndbox>
            <xmin>1307</xmin>
            <ymin>579</ymin>
            <xmax>1311</xmax>
            <ymax>583</ymax>
        </bndbox>
    </object>
    <object>
        <name>ma</name>
        <pose>Unspecified</pose>
        <truncated>0</truncated>
        <difficult>0</difficult>
        <bndbox>
            <xmin>1473</xmin>
            <ymin>361</ymin>
            <xmax>1479</xmax>
            <ymax>365</ymax>
        </bndbox>
    </object>
    <object>
        <name>ma</name>
        <pose>Unspecified</pose>
        <truncated>0</truncated>
        <difficult>0</difficult>
        <bndbox>
            <xmin>1477</xmin>
            <ymin>373</ymin>
            <xmax>1483</xmax>
            <ymax>381</ymax>
        </bndbox>
    </object>
    <object>
        <name>ma</name>
        <pose>Unspecified</pose>
        <truncated>0</truncated>
        <difficult>0</difficult>
        <bndbox>
            <xmin>1855</xmin>
            <ymin>991</ymin>
            <xmax>1857</xmax>
            <ymax>993</ymax>
        </bndbox>
    </object>
    <object>
        <name>ma</name>
        <pose>Unspecified</pose>
        <truncated>0</truncated>
        <difficult>0</difficult>
        <bndbox>
            <xmin>2075</xmin>
            <ymin>909</ymin>
            <xmax>2079</xmax>
            <ymax>913</ymax>
        </bndbox>
    </object>
    <object>
        <name>ex</name>
        <pose>Unspecified</pose>
        <truncated>0</truncated>
        <difficult>0</difficult>
        <bndbox>
            <xmin>1135</xmin>
            <ymin>577</ymin>
            <xmax>1165</xmax>
            <ymax>595</ymax>
        </bndbox>
    </object>
    <object>
        <name>ex</name>
        <pose>Unspecified</pose>
        <truncated>0</truncated>
        <difficult>0</difficult>
        <bndbox>
            <xmin>1145</xmin>
            <ymin>571</ymin>
            <xmax>1147</xmax>
            <ymax>575</ymax>
        </bndbox>
    </object>
    <object>
        <name>ex</name>
        <pose>Unspecified</pose>
        <truncated>0</truncated>
        <difficult>0</difficult>
        <bndbox>
            <xmin>1151</xmin>
            <ymin>603</ymin>
            <xmax>1159</xmax>
            <ymax>607</ymax>
        </bndbox>
    </object>
    <object>
        <name>ex</name>
        <pose>Unspecified</pose>
        <truncated>0</truncated>
        <difficult>0</difficult>
        <bndbox>
            <xmin>1163</xmin>
            <ymin>565</ymin>
            <xmax>1169</xmax>
            <ymax>571</ymax>
        </bndbox>
    </object>
    <object>
        <name>ex</name>
        <pose>Unspecified</pose>
        <truncated>0</truncated>
        <difficult>0</difficult>
        <bndbox>
            <xmin>1169</xmin>
            <ymin>577</ymin>
            <xmax>1175</xmax>
            <ymax>581</ymax>
        </bndbox>
    </object>
    <object>
        <name>ex</name>
        <pose>Unspecified</pose>
        <truncated>0</truncated>
        <difficult>0</difficult>
        <bndbox>
            <xmin>1173</xmin>
            <ymin>569</ymin>
            <xmax>1175</xmax>
            <ymax>571</ymax>
        </bndbox>
    </object>
    <object>
        <name>ex</name>
        <pose>Unspecified</pose>
        <truncated>0</truncated>
        <difficult>0</difficult>
        <bndbox>
            <xmin>1205</xmin>
            <ymin>647</ymin>
            <xmax>1209</xmax>
            <ymax>651</ymax>
        </bndbox>
    </object>
    <object>
        <name>ex</name>
        <pose>Unspecified</pose>
        <truncated>0</truncated>
        <difficult>0</difficult>
        <bndbox>
            <xmin>1237</xmin>
            <ymin>647</ymin>
            <xmax>1251</xmax>
            <ymax>663</ymax>
        </bndbox>
    </object>
    <object>
        <name>ex</name>
        <pose>Unspecified</pose>
        <truncated>0</truncated>
        <difficult>0</difficult>
        <bndbox>
            <xmin>1243</xmin>
            <ymin>681</ymin>
            <xmax>1245</xmax>
            <ymax>683</ymax>
        </bndbox>
    </object>
    <object>
        <name>ex</name>
        <pose>Unspecified</pose>
        <truncated>0</truncated>
        <difficult>0</difficult>
        <bndbox>
            <xmin>1247</xmin>
            <ymin>567</ymin>
            <xmax>1251</xmax>
            <ymax>569</ymax>
        </bndbox>
    </object>
    <object>
        <name>ex</name>
        <pose>Unspecified</pose>
        <truncated>0</truncated>
        <difficult>0</difficult>
        <bndbox>
            <xmin>1271</xmin>
            <ymin>581</ymin>
            <xmax>1283</xmax>
            <ymax>595</ymax>
        </bndbox>
    </object>
    <object>
        <name>ex</name>
        <pose>Unspecified</pose>
        <truncated>0</truncated>
        <difficult>0</difficult>
        <bndbox>
            <xmin>1281</xmin>
            <ymin>595</ymin>
            <xmax>1289</xmax>
            <ymax>603</ymax>
        </bndbox>
    </object>
    <object>
        <name>ex</name>
        <pose>Unspecified</pose>
        <truncated>0</truncated>
        <difficult>0</difficult>
        <bndbox>
            <xmin>1375</xmin>
            <ymin>825</ymin>
            <xmax>1391</xmax>
            <ymax>835</ymax>
        </bndbox>
    </object>
    <object>
        <name>se</name>
        <pose>Unspecified</pose>
        <truncated>0</truncated>
        <difficult>0</difficult>
        <bndbox>
            <xmin>905</xmin>
            <ymin>689</ymin>
            <xmax>991</xmax>
            <ymax>741</ymax>
        </bndbox>
    </object>
    <object>
        <name>se</name>
        <pose>Unspecified</pose>
        <truncated>0</truncated>
        <difficult>0</difficult>
        <bndbox>
            <xmin>1001</xmin>
            <ymin>933</ymin>
            <xmax>1027</xmax>
            <ymax>957</ymax>
        </bndbox>
    </object>
    <object>
        <name>se</name>
        <pose>Unspecified</pose>
        <truncated>0</truncated>
        <difficult>0</difficult>
        <bndbox>
            <xmin>1197</xmin>
            <ymin>1121</ymin>
            <xmax>1213</xmax>
            <ymax>1163</ymax>
        </bndbox>
    </object>
    <object>
        <name>se</name>
        <pose>Unspecified</pose>
        <truncated>0</truncated>
        <difficult>0</difficult>
        <bndbox>
            <xmin>1437</xmin>
            <ymin>237</ymin>
            <xmax>1479</xmax>
            <ymax>305</ymax>
        </bndbox>
    </object>
    <object>
        <name>se</name>
        <pose>Unspecified</pose>
        <truncated>0</truncated>
        <difficult>0</difficult>
        <bndbox>
            <xmin>1575</xmin>
            <ymin>1317</ymin>
            <xmax>1599</xmax>
            <ymax>1345</ymax>
        </bndbox>
    </object>
    <object>
        <name>ma</name>
        <pose>Unspecified</pose>
        <truncated>0</truncated>
        <difficult>0</difficult>
        <bndbox>
            <xmin>749</xmin>
            <ymin>1183</ymin>
            <xmax>759</xmax>
            <ymax>1195</ymax>
        </bndbox>
    </object>
    <object>
        <name>ma</name>
        <pose>Unspecified</pose>
        <truncated>0</truncated>
        <difficult>0</difficult>
        <bndbox>
            <xmin>815</xmin>
            <ymin>1147</ymin>
            <xmax>827</xmax>
            <ymax>1159</ymax>
        </bndbox>
    </object>
    <object>
        <name>ma</name>
        <pose>Unspecified</pose>
        <truncated>0</truncated>
        <difficult>0</difficult>
        <bndbox>
            <xmin>953</xmin>
            <ymin>925</ymin>
            <xmax>959</xmax>
            <ymax>931</ymax>
        </bndbox>
    </object>
    <object>
        <name>ma</name>
        <pose>Unspecified</pose>
        <truncated>0</truncated>
        <difficult>0</difficult>
        <bndbox>
            <xmin>959</xmin>
            <ymin>907</ymin>
            <xmax>981</xmax>
            <ymax>919</ymax>
        </bndbox>
    </object>
    <object>
        <name>ma</name>
        <pose>Unspecified</pose>
        <truncated>0</truncated>
        <difficult>0</difficult>
        <bndbox>
            <xmin>983</xmin>
            <ymin>907</ymin>
            <xmax>991</xmax>
            <ymax>911</ymax>
        </bndbox>
    </object>
    <object>
        <name>ma</name>
        <pose>Unspecified</pose>
        <truncated>0</truncated>
        <difficult>0</difficult>
        <bndbox>
            <xmin>993</xmin>
            <ymin>901</ymin>
            <xmax>995</xmax>
            <ymax>903</ymax>
        </bndbox>
    </object>
    <object>
        <name>ma</name>
        <pose>Unspecified</pose>
        <truncated>0</truncated>
        <difficult>0</difficult>
        <bndbox>
            <xmin>1003</xmin>
            <ymin>719</ymin>
            <xmax>1013</xmax>
            <ymax>725</ymax>
        </bndbox>
    </object>
    <object>
        <name>ma</name>
        <pose>Unspecified</pose>
        <truncated>0</truncated>
        <difficult>0</difficult>
        <bndbox>
            <xmin>1015</xmin>
            <ymin>583</ymin>
            <xmax>1025</xmax>
            <ymax>591</ymax>
        </bndbox>
    </object>
    <object>
        <name>ma</name>
        <pose>Unspecified</pose>
        <truncated>0</truncated>
        <difficult>0</difficult>
        <bndbox>
            <xmin>1021</xmin>
            <ymin>605</ymin>
            <xmax>1027</xmax>
            <ymax>613</ymax>
        </bndbox>
    </object>
    <object>
        <name>ma</name>
        <pose>Unspecified</pose>
        <truncated>0</truncated>
        <difficult>0</difficult>
        <bndbox>
            <xmin>1111</xmin>
            <ymin>853</ymin>
            <xmax>1117</xmax>
            <ymax>859</ymax>
        </bndbox>
    </object>
    <object>
        <name>ma</name>
        <pose>Unspecified</pose>
        <truncated>0</truncated>
        <difficult>0</difficult>
        <bndbox>
            <xmin>1117</xmin>
            <ymin>633</ymin>
            <xmax>1127</xmax>
            <ymax>643</ymax>
        </bndbox>
    </object>
    <object>
        <name>ma</name>
        <pose>Unspecified</pose>
        <truncated>0</truncated>
        <difficult>0</difficult>
        <bndbox>
            <xmin>1127</xmin>
            <ymin>581</ymin>
            <xmax>1131</xmax>
            <ymax>585</ymax>
        </bndbox>
    </object>
    <object>
        <name>ma</name>
        <pose>Unspecified</pose>
        <truncated>0</truncated>
        <difficult>0</difficult>
        <bndbox>
            <xmin>1165</xmin>
            <ymin>621</ymin>
            <xmax>1169</xmax>
            <ymax>627</ymax>
        </bndbox>
    </object>
    <object>
        <name>ma</name>
        <pose>Unspecified</pose>
        <truncated>0</truncated>
        <difficult>0</difficult>
        <bndbox>
            <xmin>1185</xmin>
            <ymin>569</ymin>
            <xmax>1195</xmax>
            <ymax>571</ymax>
        </bndbox>
    </object>
    <object>
        <name>ma</name>
        <pose>Unspecified</pose>
        <truncated>0</truncated>
        <difficult>0</difficult>
        <bndbox>
            <xmin>1185</xmin>
            <ymin>695</ymin>
            <xmax>1189</xmax>
            <ymax>701</ymax>
        </bndbox>
    </object>
    <object>
        <name>ma</name>
        <pose>Unspecified</pose>
        <truncated>0</truncated>
        <difficult>0</difficult>
        <bndbox>
            <xmin>1187</xmin>
            <ymin>579</ymin>
            <xmax>1213</xmax>
            <ymax>593</ymax>
        </bndbox>
    </object>
    <object>
        <name>ma</name>
        <pose>Unspecified</pose>
        <truncated>0</truncated>
        <difficult>0</difficult>
        <bndbox>
            <xmin>1189</xmin>
            <ymin>545</ymin>
            <xmax>1205</xmax>
            <ymax>559</ymax>
        </bndbox>
    </object>
    <object>
        <name>ma</name>
        <pose>Unspecified</pose>
        <truncated>0</truncated>
        <difficult>0</difficult>
        <bndbox>
            <xmin>1199</xmin>
            <ymin>595</ymin>
            <xmax>1207</xmax>
            <ymax>601</ymax>
        </bndbox>
    </object>
    <object>
        <name>ma</name>
        <pose>Unspecified</pose>
        <truncated>0</truncated>
        <difficult>0</difficult>
        <bndbox>
            <xmin>1209</xmin>
            <ymin>603</ymin>
            <xmax>1211</xmax>
            <ymax>605</ymax>
        </bndbox>
    </object>
    <object>
        <name>ma</name>
        <pose>Unspecified</pose>
        <truncated>0</truncated>
        <difficult>0</difficult>
        <bndbox>
            <xmin>1221</xmin>
            <ymin>613</ymin>
            <xmax>1225</xmax>
            <ymax>615</ymax>
        </bndbox>
    </object>
    <object>
        <name>ma</name>
        <pose>Unspecified</pose>
        <truncated>0</truncated>
        <difficult>0</difficult>
        <bndbox>
            <xmin>1255</xmin>
            <ymin>605</ymin>
            <xmax>1265</xmax>
            <ymax>615</ymax>
        </bndbox>
    </object>
    <object>
        <name>ma</name>
        <pose>Unspecified</pose>
        <truncated>0</truncated>
        <difficult>0</difficult>
        <bndbox>
            <xmin>1269</xmin>
            <ymin>615</ymin>
            <xmax>1273</xmax>
            <ymax>619</ymax>
        </bndbox>
    </object>
    <object>
        <name>ma</name>
        <pose>Unspecified</pose>
        <truncated>0</truncated>
        <difficult>0</difficult>
        <bndbox>
            <xmin>1279</xmin>
            <ymin>545</ymin>
            <xmax>1283</xmax>
            <ymax>549</ymax>
        </bndbox>
    </object>
    <object>
        <name>ma</name>
        <pose>Unspecified</pose>
        <truncated>0</truncated>
        <difficult>0</difficult>
        <bndbox>
            <xmin>1307</xmin>
            <ymin>579</ymin>
            <xmax>1311</xmax>
            <ymax>583</ymax>
        </bndbox>
    </object>
    <object>
        <name>ma</name>
        <pose>Unspecified</pose>
        <truncated>0</truncated>
        <difficult>0</difficult>
        <bndbox>
            <xmin>1473</xmin>
            <ymin>361</ymin>
            <xmax>1479</xmax>
            <ymax>365</ymax>
        </bndbox>
    </object>
    <object>
        <name>ma</name>
        <pose>Unspecified</pose>
        <truncated>0</truncated>
        <difficult>0</difficult>
        <bndbox>
            <xmin>1477</xmin>
            <ymin>373</ymin>
            <xmax>1483</xmax>
            <ymax>381</ymax>
        </bndbox>
    </object>
    <object>
        <name>ma</name>
        <pose>Unspecified</pose>
        <truncated>0</truncated>
        <difficult>0</difficult>
        <bndbox>
            <xmin>1855</xmin>
            <ymin>991</ymin>
            <xmax>1857</xmax>
            <ymax>993</ymax>
        </bndbox>
    </object>
    <object>
        <name>ma</name>
        <pose>Unspecified</pose>
        <truncated>0</truncated>
        <difficult>0</difficult>
        <bndbox>
            <xmin>2075</xmin>
            <ymin>909</ymin>
            <xmax>2079</xmax>
            <ymax>913</ymax>
        </bndbox>
    </object>
    <object>
        <name>ex</name>
        <pose>Unspecified</pose>
        <truncated>0</truncated>
        <difficult>0</difficult>
        <bndbox>
            <xmin>1135</xmin>
            <ymin>577</ymin>
            <xmax>1165</xmax>
            <ymax>595</ymax>
        </bndbox>
    </object>
    <object>
        <name>ex</name>
        <pose>Unspecified</pose>
        <truncated>0</truncated>
        <difficult>0</difficult>
        <bndbox>
            <xmin>1145</xmin>
            <ymin>571</ymin>
            <xmax>1147</xmax>
            <ymax>575</ymax>
        </bndbox>
    </object>
    <object>
        <name>ex</name>
        <pose>Unspecified</pose>
        <truncated>0</truncated>
        <difficult>0</difficult>
        <bndbox>
            <xmin>1151</xmin>
            <ymin>603</ymin>
            <xmax>1159</xmax>
            <ymax>607</ymax>
        </bndbox>
    </object>
    <object>
        <name>ex</name>
        <pose>Unspecified</pose>
        <truncated>0</truncated>
        <difficult>0</difficult>
        <bndbox>
            <xmin>1163</xmin>
            <ymin>565</ymin>
            <xmax>1169</xmax>
            <ymax>571</ymax>
        </bndbox>
    </object>
    <object>
        <name>ex</name>
        <pose>Unspecified</pose>
        <truncated>0</truncated>
        <difficult>0</difficult>
        <bndbox>
            <xmin>1169</xmin>
            <ymin>577</ymin>
            <xmax>1175</xmax>
            <ymax>581</ymax>
        </bndbox>
    </object>
    <object>
        <name>ex</name>
        <pose>Unspecified</pose>
        <truncated>0</truncated>
        <difficult>0</difficult>
        <bndbox>
            <xmin>1173</xmin>
            <ymin>569</ymin>
            <xmax>1175</xmax>
            <ymax>571</ymax>
        </bndbox>
    </object>
    <object>
        <name>ex</name>
        <pose>Unspecified</pose>
        <truncated>0</truncated>
        <difficult>0</difficult>
        <bndbox>
            <xmin>1205</xmin>
            <ymin>647</ymin>
            <xmax>1209</xmax>
            <ymax>651</ymax>
        </bndbox>
    </object>
    <object>
        <name>ex</name>
        <pose>Unspecified</pose>
        <truncated>0</truncated>
        <difficult>0</difficult>
        <bndbox>
            <xmin>1237</xmin>
            <ymin>647</ymin>
            <xmax>1251</xmax>
            <ymax>663</ymax>
        </bndbox>
    </object>
    <object>
        <name>ex</name>
        <pose>Unspecified</pose>
        <truncated>0</truncated>
        <difficult>0</difficult>
        <bndbox>
            <xmin>1243</xmin>
            <ymin>681</ymin>
            <xmax>1245</xmax>
            <ymax>683</ymax>
        </bndbox>
    </object>
    <object>
        <name>ex</name>
        <pose>Unspecified</pose>
        <truncated>0</truncated>
        <difficult>0</difficult>
        <bndbox>
            <xmin>1247</xmin>
            <ymin>567</ymin>
            <xmax>1251</xmax>
            <ymax>569</ymax>
        </bndbox>
    </object>
    <object>
        <name>ex</name>
        <pose>Unspecified</pose>
        <truncated>0</truncated>
        <difficult>0</difficult>
        <bndbox>
            <xmin>1271</xmin>
            <ymin>581</ymin>
            <xmax>1283</xmax>
            <ymax>595</ymax>
        </bndbox>
    </object>
    <object>
        <name>ex</name>
        <pose>Unspecified</pose>
        <truncated>0</truncated>
        <difficult>0</difficult>
        <bndbox>
            <xmin>1281</xmin>
            <ymin>595</ymin>
            <xmax>1289</xmax>
            <ymax>603</ymax>
        </bndbox>
    </object>
    <object>
        <name>ex</name>
        <pose>Unspecified</pose>
        <truncated>0</truncated>
        <difficult>0</difficult>
        <bndbox>
            <xmin>1375</xmin>
            <ymin>825</ymin>
            <xmax>1391</xmax>
            <ymax>835</ymax>
        </bndbox>
    </object>
</annotation>