<annotation>
    <folder>OurDataset</folder>
    <filename>007-4843-300.jpg</filename>
    <size>
        <width>3280</width>
        <height>2480</height>
        <depth>3</depth>
    </size>
    <object>
        <name>se</name>
        <pose>Unspecified</pose>
        <truncated>0</truncated>
        <difficult>0</difficult>
        <bndbox>
            <xmin>1559</xmin>
            <ymin>405</ymin>
            <xmax>1625</xmax>
            <ymax>473</ymax>
        </bndbox>
    </object>
    <object>
        <name>ma</name>
        <pose>Unspecified</pose>
        <truncated>0</truncated>
        <difficult>0</difficult>
        <bndbox>
            <xmin>479</xmin>
            <ymin>927</ymin>
            <xmax>491</xmax>
            <ymax>937</ymax>
        </bndbox>
    </object>
    <object>
        <name>ma</name>
        <pose>Unspecified</pose>
        <truncated>0</truncated>
        <difficult>0</difficult>
        <bndbox>
            <xmin>789</xmin>
            <ymin>525</ymin>
            <xmax>815</xmax>
            <ymax>545</ymax>
        </bndbox>
    </object>
    <object>
        <name>ma</name>
        <pose>Unspecified</pose>
        <truncated>0</truncated>
        <difficult>0</difficult>
        <bndbox>
            <xmin>865</xmin>
            <ymin>687</ymin>
            <xmax>875</xmax>
            <ymax>695</ymax>
        </bndbox>
    </object>
    <object>
        <name>ma</name>
        <pose>Unspecified</pose>
        <truncated>0</truncated>
        <difficult>0</difficult>
        <bndbox>
            <xmin>923</xmin>
            <ymin>1101</ymin>
            <xmax>939</xmax>
            <ymax>1117</ymax>
        </bndbox>
    </object>
    <object>
        <name>ma</name>
        <pose>Unspecified</pose>
        <truncated>0</truncated>
        <difficult>0</difficult>
        <bndbox>
            <xmin>967</xmin>
            <ymin>911</ymin>
            <xmax>973</xmax>
            <ymax>917</ymax>
        </bndbox>
    </object>
    <object>
        <name>ma</name>
        <pose>Unspecified</pose>
        <truncated>0</truncated>
        <difficult>0</difficult>
        <bndbox>
            <xmin>1015</xmin>
            <ymin>497</ymin>
            <xmax>1023</xmax>
            <ymax>507</ymax>
        </bndbox>
    </object>
    <object>
        <name>ma</name>
        <pose>Unspecified</pose>
        <truncated>0</truncated>
        <difficult>0</difficult>
        <bndbox>
            <xmin>1025</xmin>
            <ymin>797</ymin>
            <xmax>1033</xmax>
            <ymax>813</ymax>
        </bndbox>
    </object>
    <object>
        <name>ma</name>
        <pose>Unspecified</pose>
        <truncated>0</truncated>
        <difficult>0</difficult>
        <bndbox>
            <xmin>1083</xmin>
            <ymin>1077</ymin>
            <xmax>1097</xmax>
            <ymax>1087</ymax>
        </bndbox>
    </object>
    <object>
        <name>ma</name>
        <pose>Unspecified</pose>
        <truncated>0</truncated>
        <difficult>0</difficult>
        <bndbox>
            <xmin>1103</xmin>
            <ymin>283</ymin>
            <xmax>1117</xmax>
            <ymax>297</ymax>
        </bndbox>
    </object>
    <object>
        <name>ma</name>
        <pose>Unspecified</pose>
        <truncated>0</truncated>
        <difficult>0</difficult>
        <bndbox>
            <xmin>1149</xmin>
            <ymin>881</ymin>
            <xmax>1159</xmax>
            <ymax>891</ymax>
        </bndbox>
    </object>
    <object>
        <name>ma</name>
        <pose>Unspecified</pose>
        <truncated>0</truncated>
        <difficult>0</difficult>
        <bndbox>
            <xmin>1321</xmin>
            <ymin>2145</ymin>
            <xmax>1327</xmax>
            <ymax>2153</ymax>
        </bndbox>
    </object>
    <object>
        <name>ma</name>
        <pose>Unspecified</pose>
        <truncated>0</truncated>
        <difficult>0</difficult>
        <bndbox>
            <xmin>1381</xmin>
            <ymin>439</ymin>
            <xmax>1407</xmax>
            <ymax>451</ymax>
        </bndbox>
    </object>
    <object>
        <name>ma</name>
        <pose>Unspecified</pose>
        <truncated>0</truncated>
        <difficult>0</difficult>
        <bndbox>
            <xmin>1425</xmin>
            <ymin>2205</ymin>
            <xmax>1431</xmax>
            <ymax>2215</ymax>
        </bndbox>
    </object>
    <object>
        <name>ma</name>
        <pose>Unspecified</pose>
        <truncated>0</truncated>
        <difficult>0</difficult>
        <bndbox>
            <xmin>1437</xmin>
            <ymin>2197</ymin>
            <xmax>1439</xmax>
            <ymax>2199</ymax>
        </bndbox>
    </object>
    <object>
        <name>ma</name>
        <pose>Unspecified</pose>
        <truncated>0</truncated>
        <difficult>0</difficult>
        <bndbox>
            <xmin>1573</xmin>
            <ymin>517</ymin>
            <xmax>1595</xmax>
            <ymax>539</ymax>
        </bndbox>
    </object>
    <object>
        <name>ma</name>
        <pose>Unspecified</pose>
        <truncated>0</truncated>
        <difficult>0</difficult>
        <bndbox>
            <xmin>1631</xmin>
            <ymin>881</ymin>
            <xmax>1649</xmax>
            <ymax>895</ymax>
        </bndbox>
    </object>
    <object>
        <name>ma</name>
        <pose>Unspecified</pose>
        <truncated>0</truncated>
        <difficult>0</difficult>
        <bndbox>
            <xmin>1697</xmin>
            <ymin>1075</ymin>
            <xmax>1703</xmax>
            <ymax>1079</ymax>
        </bndbox>
    </object>
    <object>
        <name>ma</name>
        <pose>Unspecified</pose>
        <truncated>0</truncated>
        <difficult>0</difficult>
        <bndbox>
            <xmin>1725</xmin>
            <ymin>1769</ymin>
            <xmax>1745</xmax>
            <ymax>1781</ymax>
        </bndbox>
    </object>
    <object>
        <name>ma</name>
        <pose>Unspecified</pose>
        <truncated>0</truncated>
        <difficult>0</difficult>
        <bndbox>
            <xmin>1745</xmin>
            <ymin>1149</ymin>
            <xmax>1749</xmax>
            <ymax>1153</ymax>
        </bndbox>
    </object>
    <object>
        <name>ma</name>
        <pose>Unspecified</pose>
        <truncated>0</truncated>
        <difficult>0</difficult>
        <bndbox>
            <xmin>1753</xmin>
            <ymin>273</ymin>
            <xmax>1771</xmax>
            <ymax>291</ymax>
        </bndbox>
    </object>
    <object>
        <name>ma</name>
        <pose>Unspecified</pose>
        <truncated>0</truncated>
        <difficult>0</difficult>
        <bndbox>
            <xmin>1765</xmin>
            <ymin>1229</ymin>
            <xmax>1781</xmax>
            <ymax>1241</ymax>
        </bndbox>
    </object>
    <object>
        <name>ma</name>
        <pose>Unspecified</pose>
        <truncated>0</truncated>
        <difficult>0</difficult>
        <bndbox>
            <xmin>1771</xmin>
            <ymin>1165</ymin>
            <xmax>1781</xmax>
            <ymax>1181</ymax>
        </bndbox>
    </object>
    <object>
        <name>ma</name>
        <pose>Unspecified</pose>
        <truncated>0</truncated>
        <difficult>0</difficult>
        <bndbox>
            <xmin>1783</xmin>
            <ymin>127</ymin>
            <xmax>1791</xmax>
            <ymax>137</ymax>
        </bndbox>
    </object>
    <object>
        <name>ma</name>
        <pose>Unspecified</pose>
        <truncated>0</truncated>
        <difficult>0</difficult>
        <bndbox>
            <xmin>1785</xmin>
            <ymin>1759</ymin>
            <xmax>1799</xmax>
            <ymax>1773</ymax>
        </bndbox>
    </object>
    <object>
        <name>ma</name>
        <pose>Unspecified</pose>
        <truncated>0</truncated>
        <difficult>0</difficult>
        <bndbox>
            <xmin>1795</xmin>
            <ymin>1293</ymin>
            <xmax>1813</xmax>
            <ymax>1311</ymax>
        </bndbox>
    </object>
    <object>
        <name>ma</name>
        <pose>Unspecified</pose>
        <truncated>0</truncated>
        <difficult>0</difficult>
        <bndbox>
            <xmin>1875</xmin>
            <ymin>135</ymin>
            <xmax>1883</xmax>
            <ymax>147</ymax>
        </bndbox>
    </object>
    <object>
        <name>ma</name>
        <pose>Unspecified</pose>
        <truncated>0</truncated>
        <difficult>0</difficult>
        <bndbox>
            <xmin>1929</xmin>
            <ymin>1175</ymin>
            <xmax>1935</xmax>
            <ymax>1181</ymax>
        </bndbox>
    </object>
    <object>
        <name>ma</name>
        <pose>Unspecified</pose>
        <truncated>0</truncated>
        <difficult>0</difficult>
        <bndbox>
            <xmin>2087</xmin>
            <ymin>237</ymin>
            <xmax>2097</xmax>
            <ymax>243</ymax>
        </bndbox>
    </object>
    <object>
        <name>ma</name>
        <pose>Unspecified</pose>
        <truncated>0</truncated>
        <difficult>0</difficult>
        <bndbox>
            <xmin>2095</xmin>
            <ymin>225</ymin>
            <xmax>2107</xmax>
            <ymax>237</ymax>
        </bndbox>
    </object>
    <object>
        <name>he</name>
        <pose>Unspecified</pose>
        <truncated>0</truncated>
        <difficult>0</difficult>
        <bndbox>
            <xmin>1553</xmin>
            <ymin>359</ymin>
            <xmax>1597</xmax>
            <ymax>429</ymax>
        </bndbox>
    </object>
    <object>
        <name>he</name>
        <pose>Unspecified</pose>
        <truncated>0</truncated>
        <difficult>0</difficult>
        <bndbox>
            <xmin>2601</xmin>
            <ymin>1179</ymin>
            <xmax>2637</xmax>
            <ymax>1217</ymax>
        </bndbox>
    </object>
    <object>
        <name>se</name>
        <pose>Unspecified</pose>
        <truncated>0</truncated>
        <difficult>0</difficult>
        <bndbox>
            <xmin>1559</xmin>
            <ymin>405</ymin>
            <xmax>1625</xmax>
            <ymax>473</ymax>
        </bndbox>
    </object>
    <object>
        <name>ma</name>
        <pose>Unspecified</pose>
        <truncated>0</truncated>
        <difficult>0</difficult>
        <bndbox>
            <xmin>479</xmin>
            <ymin>927</ymin>
            <xmax>491</xmax>
            <ymax>937</ymax>
        </bndbox>
    </object>
    <object>
        <name>ma</name>
        <pose>Unspecified</pose>
        <truncated>0</truncated>
        <difficult>0</difficult>
        <bndbox>
            <xmin>789</xmin>
            <ymin>525</ymin>
            <xmax>815</xmax>
            <ymax>545</ymax>
        </bndbox>
    </object>
    <object>
        <name>ma</name>
        <pose>Unspecified</pose>
        <truncated>0</truncated>
        <difficult>0</difficult>
        <bndbox>
            <xmin>865</xmin>
            <ymin>687</ymin>
            <xmax>875</xmax>
            <ymax>695</ymax>
        </bndbox>
    </object>
    <object>
        <name>ma</name>
        <pose>Unspecified</pose>
        <truncated>0</truncated>
        <difficult>0</difficult>
        <bndbox>
            <xmin>923</xmin>
            <ymin>1101</ymin>
            <xmax>939</xmax>
            <ymax>1117</ymax>
        </bndbox>
    </object>
    <object>
        <name>ma</name>
        <pose>Unspecified</pose>
        <truncated>0</truncated>
        <difficult>0</difficult>
        <bndbox>
            <xmin>967</xmin>
            <ymin>911</ymin>
            <xmax>973</xmax>
            <ymax>917</ymax>
        </bndbox>
    </object>
    <object>
        <name>ma</name>
        <pose>Unspecified</pose>
        <truncated>0</truncated>
        <difficult>0</difficult>
        <bndbox>
            <xmin>1015</xmin>
            <ymin>497</ymin>
            <xmax>1023</xmax>
            <ymax>507</ymax>
        </bndbox>
    </object>
    <object>
        <name>ma</name>
        <pose>Unspecified</pose>
        <truncated>0</truncated>
        <difficult>0</difficult>
        <bndbox>
            <xmin>1025</xmin>
            <ymin>797</ymin>
            <xmax>1033</xmax>
            <ymax>813</ymax>
        </bndbox>
    </object>
    <object>
        <name>ma</name>
        <pose>Unspecified</pose>
        <truncated>0</truncated>
        <difficult>0</difficult>
        <bndbox>
            <xmin>1083</xmin>
            <ymin>1077</ymin>
            <xmax>1097</xmax>
            <ymax>1087</ymax>
        </bndbox>
    </object>
    <object>
        <name>ma</name>
        <pose>Unspecified</pose>
        <truncated>0</truncated>
        <difficult>0</difficult>
        <bndbox>
            <xmin>1103</xmin>
            <ymin>283</ymin>
            <xmax>1117</xmax>
            <ymax>297</ymax>
        </bndbox>
    </object>
    <object>
        <name>ma</name>
        <pose>Unspecified</pose>
        <truncated>0</truncated>
        <difficult>0</difficult>
        <bndbox>
            <xmin>1149</xmin>
            <ymin>881</ymin>
            <xmax>1159</xmax>
            <ymax>891</ymax>
        </bndbox>
    </object>
    <object>
        <name>ma</name>
        <pose>Unspecified</pose>
        <truncated>0</truncated>
        <difficult>0</difficult>
        <bndbox>
            <xmin>1321</xmin>
            <ymin>2145</ymin>
            <xmax>1327</xmax>
            <ymax>2153</ymax>
        </bndbox>
    </object>
    <object>
        <name>ma</name>
        <pose>Unspecified</pose>
        <truncated>0</truncated>
        <difficult>0</difficult>
        <bndbox>
            <xmin>1381</xmin>
            <ymin>439</ymin>
            <xmax>1407</xmax>
            <ymax>451</ymax>
        </bndbox>
    </object>
    <object>
        <name>ma</name>
        <pose>Unspecified</pose>
        <truncated>0</truncated>
        <difficult>0</difficult>
        <bndbox>
            <xmin>1425</xmin>
            <ymin>2205</ymin>
            <xmax>1431</xmax>
            <ymax>2215</ymax>
        </bndbox>
    </object>
    <object>
        <name>ma</name>
        <pose>Unspecified</pose>
        <truncated>0</truncated>
        <difficult>0</difficult>
        <bndbox>
            <xmin>1437</xmin>
            <ymin>2197</ymin>
            <xmax>1439</xmax>
            <ymax>2199</ymax>
        </bndbox>
    </object>
    <object>
        <name>ma</name>
        <pose>Unspecified</pose>
        <truncated>0</truncated>
        <difficult>0</difficult>
        <bndbox>
            <xmin>1573</xmin>
            <ymin>517</ymin>
            <xmax>1595</xmax>
            <ymax>539</ymax>
        </bndbox>
    </object>
    <object>
        <name>ma</name>
        <pose>Unspecified</pose>
        <truncated>0</truncated>
        <difficult>0</difficult>
        <bndbox>
            <xmin>1631</xmin>
            <ymin>881</ymin>
            <xmax>1649</xmax>
            <ymax>895</ymax>
        </bndbox>
    </object>
    <object>
        <name>ma</name>
        <pose>Unspecified</pose>
        <truncated>0</truncated>
        <difficult>0</difficult>
        <bndbox>
            <xmin>1697</xmin>
            <ymin>1075</ymin>
            <xmax>1703</xmax>
            <ymax>1079</ymax>
        </bndbox>
    </object>
    <object>
        <name>ma</name>
        <pose>Unspecified</pose>
        <truncated>0</truncated>
        <difficult>0</difficult>
        <bndbox>
            <xmin>1725</xmin>
            <ymin>1769</ymin>
            <xmax>1745</xmax>
            <ymax>1781</ymax>
        </bndbox>
    </object>
    <object>
        <name>ma</name>
        <pose>Unspecified</pose>
        <truncated>0</truncated>
        <difficult>0</difficult>
        <bndbox>
            <xmin>1745</xmin>
            <ymin>1149</ymin>
            <xmax>1749</xmax>
            <ymax>1153</ymax>
        </bndbox>
    </object>
    <object>
        <name>ma</name>
        <pose>Unspecified</pose>
        <truncated>0</truncated>
        <difficult>0</difficult>
        <bndbox>
            <xmin>1753</xmin>
            <ymin>273</ymin>
            <xmax>1771</xmax>
            <ymax>291</ymax>
        </bndbox>
    </object>
    <object>
        <name>ma</name>
        <pose>Unspecified</pose>
        <truncated>0</truncated>
        <difficult>0</difficult>
        <bndbox>
            <xmin>1765</xmin>
            <ymin>1229</ymin>
            <xmax>1781</xmax>
            <ymax>1241</ymax>
        </bndbox>
    </object>
    <object>
        <name>ma</name>
        <pose>Unspecified</pose>
        <truncated>0</truncated>
        <difficult>0</difficult>
        <bndbox>
            <xmin>1771</xmin>
            <ymin>1165</ymin>
            <xmax>1781</xmax>
            <ymax>1181</ymax>
        </bndbox>
    </object>
    <object>
        <name>ma</name>
        <pose>Unspecified</pose>
        <truncated>0</truncated>
        <difficult>0</difficult>
        <bndbox>
            <xmin>1783</xmin>
            <ymin>127</ymin>
            <xmax>1791</xmax>
            <ymax>137</ymax>
        </bndbox>
    </object>
    <object>
        <name>ma</name>
        <pose>Unspecified</pose>
        <truncated>0</truncated>
        <difficult>0</difficult>
        <bndbox>
            <xmin>1785</xmin>
            <ymin>1759</ymin>
            <xmax>1799</xmax>
            <ymax>1773</ymax>
        </bndbox>
    </object>
    <object>
        <name>ma</name>
        <pose>Unspecified</pose>
        <truncated>0</truncated>
        <difficult>0</difficult>
        <bndbox>
            <xmin>1795</xmin>
            <ymin>1293</ymin>
            <xmax>1813</xmax>
            <ymax>1311</ymax>
        </bndbox>
    </object>
    <object>
        <name>ma</name>
        <pose>Unspecified</pose>
        <truncated>0</truncated>
        <difficult>0</difficult>
        <bndbox>
            <xmin>1875</xmin>
            <ymin>135</ymin>
            <xmax>1883</xmax>
            <ymax>147</ymax>
        </bndbox>
    </object>
    <object>
        <name>ma</name>
        <pose>Unspecified</pose>
        <truncated>0</truncated>
        <difficult>0</difficult>
        <bndbox>
            <xmin>1929</xmin>
            <ymin>1175</ymin>
            <xmax>1935</xmax>
            <ymax>1181</ymax>
        </bndbox>
    </object>
    <object>
        <name>ma</name>
        <pose>Unspecified</pose>
        <truncated>0</truncated>
        <difficult>0</difficult>
        <bndbox>
            <xmin>2087</xmin>
            <ymin>237</ymin>
            <xmax>2097</xmax>
            <ymax>243</ymax>
        </bndbox>
    </object>
    <object>
        <name>ma</name>
        <pose>Unspecified</pose>
        <truncated>0</truncated>
        <difficult>0</difficult>
        <bndbox>
            <xmin>2095</xmin>
            <ymin>225</ymin>
            <xmax>2107</xmax>
            <ymax>237</ymax>
        </bndbox>
    </object>
    <object>
        <name>he</name>
        <pose>Unspecified</pose>
        <truncated>0</truncated>
        <difficult>0</difficult>
        <bndbox>
            <xmin>1553</xmin>
            <ymin>359</ymin>
            <xmax>1597</xmax>
            <ymax>429</ymax>
        </bndbox>
    </object>
    <object>
        <name>he</name>
        <pose>Unspecified</pose>
        <truncated>0</truncated>
        <difficult>0</difficult>
        <bndbox>
            <xmin>2601</xmin>
            <ymin>1179</ymin>
            <xmax>2637</xmax>
            <ymax>1217</ymax>
        </bndbox>
    </object>
</annotation>