<annotation>
    <folder>OurDataset</folder>
    <filename>007-4246-200.jpg</filename>
    <size>
        <width>2592</width>
        <height>1728</height>
        <depth>3</depth>
    </size>
    <object>
        <name>ex</name>
        <pose>Unspecified</pose>
        <truncated>0</truncated>
        <difficult>0</difficult>
        <bndbox>
            <xmin>933</xmin>
            <ymin>551</ymin>
            <xmax>953</xmax>
            <ymax>567</ymax>
        </bndbox>
    </object>
    <object>
        <name>ex</name>
        <pose>Unspecified</pose>
        <truncated>0</truncated>
        <difficult>0</difficult>
        <bndbox>
            <xmin>945</xmin>
            <ymin>625</ymin>
            <xmax>965</xmax>
            <ymax>651</ymax>
        </bndbox>
    </object>
    <object>
        <name>ex</name>
        <pose>Unspecified</pose>
        <truncated>0</truncated>
        <difficult>0</difficult>
        <bndbox>
            <xmin>947</xmin>
            <ymin>581</ymin>
            <xmax>969</xmax>
            <ymax>593</ymax>
        </bndbox>
    </object>
    <object>
        <name>ex</name>
        <pose>Unspecified</pose>
        <truncated>0</truncated>
        <difficult>0</difficult>
        <bndbox>
            <xmin>975</xmin>
            <ymin>587</ymin>
            <xmax>999</xmax>
            <ymax>633</ymax>
        </bndbox>
    </object>
    <object>
        <name>ex</name>
        <pose>Unspecified</pose>
        <truncated>0</truncated>
        <difficult>0</difficult>
        <bndbox>
            <xmin>983</xmin>
            <ymin>643</ymin>
            <xmax>1005</xmax>
            <ymax>667</ymax>
        </bndbox>
    </object>
    <object>
        <name>ma</name>
        <pose>Unspecified</pose>
        <truncated>0</truncated>
        <difficult>0</difficult>
        <bndbox>
            <xmin>757</xmin>
            <ymin>843</ymin>
            <xmax>761</xmax>
            <ymax>849</ymax>
        </bndbox>
    </object>
    <object>
        <name>ma</name>
        <pose>Unspecified</pose>
        <truncated>0</truncated>
        <difficult>0</difficult>
        <bndbox>
            <xmin>865</xmin>
            <ymin>767</ymin>
            <xmax>871</xmax>
            <ymax>773</ymax>
        </bndbox>
    </object>
    <object>
        <name>ma</name>
        <pose>Unspecified</pose>
        <truncated>0</truncated>
        <difficult>0</difficult>
        <bndbox>
            <xmin>899</xmin>
            <ymin>861</ymin>
            <xmax>907</xmax>
            <ymax>873</ymax>
        </bndbox>
    </object>
    <object>
        <name>ma</name>
        <pose>Unspecified</pose>
        <truncated>0</truncated>
        <difficult>0</difficult>
        <bndbox>
            <xmin>933</xmin>
            <ymin>931</ymin>
            <xmax>939</xmax>
            <ymax>939</ymax>
        </bndbox>
    </object>
    <object>
        <name>ma</name>
        <pose>Unspecified</pose>
        <truncated>0</truncated>
        <difficult>0</difficult>
        <bndbox>
            <xmin>965</xmin>
            <ymin>661</ymin>
            <xmax>977</xmax>
            <ymax>671</ymax>
        </bndbox>
    </object>
    <object>
        <name>ma</name>
        <pose>Unspecified</pose>
        <truncated>0</truncated>
        <difficult>0</difficult>
        <bndbox>
            <xmin>971</xmin>
            <ymin>651</ymin>
            <xmax>975</xmax>
            <ymax>655</ymax>
        </bndbox>
    </object>
    <object>
        <name>ma</name>
        <pose>Unspecified</pose>
        <truncated>0</truncated>
        <difficult>0</difficult>
        <bndbox>
            <xmin>1009</xmin>
            <ymin>661</ymin>
            <xmax>1025</xmax>
            <ymax>673</ymax>
        </bndbox>
    </object>
    <object>
        <name>ma</name>
        <pose>Unspecified</pose>
        <truncated>0</truncated>
        <difficult>0</difficult>
        <bndbox>
            <xmin>1085</xmin>
            <ymin>283</ymin>
            <xmax>1091</xmax>
            <ymax>289</ymax>
        </bndbox>
    </object>
    <object>
        <name>ma</name>
        <pose>Unspecified</pose>
        <truncated>0</truncated>
        <difficult>0</difficult>
        <bndbox>
            <xmin>1085</xmin>
            <ymin>303</ymin>
            <xmax>1091</xmax>
            <ymax>307</ymax>
        </bndbox>
    </object>
    <object>
        <name>ma</name>
        <pose>Unspecified</pose>
        <truncated>0</truncated>
        <difficult>0</difficult>
        <bndbox>
            <xmin>1197</xmin>
            <ymin>859</ymin>
            <xmax>1201</xmax>
            <ymax>865</ymax>
        </bndbox>
    </object>
    <object>
        <name>ma</name>
        <pose>Unspecified</pose>
        <truncated>0</truncated>
        <difficult>0</difficult>
        <bndbox>
            <xmin>1437</xmin>
            <ymin>953</ymin>
            <xmax>1445</xmax>
            <ymax>959</ymax>
        </bndbox>
    </object>
    <object>
        <name>ma</name>
        <pose>Unspecified</pose>
        <truncated>0</truncated>
        <difficult>0</difficult>
        <bndbox>
            <xmin>2043</xmin>
            <ymin>895</ymin>
            <xmax>2049</xmax>
            <ymax>901</ymax>
        </bndbox>
    </object>
    <object>
        <name>he</name>
        <pose>Unspecified</pose>
        <truncated>0</truncated>
        <difficult>0</difficult>
        <bndbox>
            <xmin>561</xmin>
            <ymin>835</ymin>
            <xmax>575</xmax>
            <ymax>849</ymax>
        </bndbox>
    </object>
    <object>
        <name>he</name>
        <pose>Unspecified</pose>
        <truncated>0</truncated>
        <difficult>0</difficult>
        <bndbox>
            <xmin>947</xmin>
            <ymin>983</ymin>
            <xmax>999</xmax>
            <ymax>1025</ymax>
        </bndbox>
    </object>
    <object>
        <name>he</name>
        <pose>Unspecified</pose>
        <truncated>0</truncated>
        <difficult>0</difficult>
        <bndbox>
            <xmin>1081</xmin>
            <ymin>303</ymin>
            <xmax>1095</xmax>
            <ymax>313</ymax>
        </bndbox>
    </object>
    <object>
        <name>he</name>
        <pose>Unspecified</pose>
        <truncated>0</truncated>
        <difficult>0</difficult>
        <bndbox>
            <xmin>1251</xmin>
            <ymin>311</ymin>
            <xmax>1275</xmax>
            <ymax>341</ymax>
        </bndbox>
    </object>
    <object>
        <name>he</name>
        <pose>Unspecified</pose>
        <truncated>0</truncated>
        <difficult>0</difficult>
        <bndbox>
            <xmin>1287</xmin>
            <ymin>141</ymin>
            <xmax>1315</xmax>
            <ymax>163</ymax>
        </bndbox>
    </object>
    <object>
        <name>he</name>
        <pose>Unspecified</pose>
        <truncated>0</truncated>
        <difficult>0</difficult>
        <bndbox>
            <xmin>1425</xmin>
            <ymin>587</ymin>
            <xmax>1447</xmax>
            <ymax>607</ymax>
        </bndbox>
    </object>
    <object>
        <name>he</name>
        <pose>Unspecified</pose>
        <truncated>0</truncated>
        <difficult>0</difficult>
        <bndbox>
            <xmin>1577</xmin>
            <ymin>1287</ymin>
            <xmax>1581</xmax>
            <ymax>1291</ymax>
        </bndbox>
    </object>
    <object>
        <name>he</name>
        <pose>Unspecified</pose>
        <truncated>0</truncated>
        <difficult>0</difficult>
        <bndbox>
            <xmin>1581</xmin>
            <ymin>1293</ymin>
            <xmax>1587</xmax>
            <ymax>1299</ymax>
        </bndbox>
    </object>
    <object>
        <name>he</name>
        <pose>Unspecified</pose>
        <truncated>0</truncated>
        <difficult>0</difficult>
        <bndbox>
            <xmin>1583</xmin>
            <ymin>1277</ymin>
            <xmax>1599</xmax>
            <ymax>1293</ymax>
        </bndbox>
    </object>
    <object>
        <name>ex</name>
        <pose>Unspecified</pose>
        <truncated>0</truncated>
        <difficult>0</difficult>
        <bndbox>
            <xmin>933</xmin>
            <ymin>551</ymin>
            <xmax>953</xmax>
            <ymax>567</ymax>
        </bndbox>
    </object>
    <object>
        <name>ex</name>
        <pose>Unspecified</pose>
        <truncated>0</truncated>
        <difficult>0</difficult>
        <bndbox>
            <xmin>945</xmin>
            <ymin>625</ymin>
            <xmax>965</xmax>
            <ymax>651</ymax>
        </bndbox>
    </object>
    <object>
        <name>ex</name>
        <pose>Unspecified</pose>
        <truncated>0</truncated>
        <difficult>0</difficult>
        <bndbox>
            <xmin>947</xmin>
            <ymin>581</ymin>
            <xmax>969</xmax>
            <ymax>593</ymax>
        </bndbox>
    </object>
    <object>
        <name>ex</name>
        <pose>Unspecified</pose>
        <truncated>0</truncated>
        <difficult>0</difficult>
        <bndbox>
            <xmin>975</xmin>
            <ymin>587</ymin>
            <xmax>999</xmax>
            <ymax>633</ymax>
        </bndbox>
    </object>
    <object>
        <name>ex</name>
        <pose>Unspecified</pose>
        <truncated>0</truncated>
        <difficult>0</difficult>
        <bndbox>
            <xmin>983</xmin>
            <ymin>643</ymin>
            <xmax>1005</xmax>
            <ymax>667</ymax>
        </bndbox>
    </object>
    <object>
        <name>ma</name>
        <pose>Unspecified</pose>
        <truncated>0</truncated>
        <difficult>0</difficult>
        <bndbox>
            <xmin>757</xmin>
            <ymin>843</ymin>
            <xmax>761</xmax>
            <ymax>849</ymax>
        </bndbox>
    </object>
    <object>
        <name>ma</name>
        <pose>Unspecified</pose>
        <truncated>0</truncated>
        <difficult>0</difficult>
        <bndbox>
            <xmin>865</xmin>
            <ymin>767</ymin>
            <xmax>871</xmax>
            <ymax>773</ymax>
        </bndbox>
    </object>
    <object>
        <name>ma</name>
        <pose>Unspecified</pose>
        <truncated>0</truncated>
        <difficult>0</difficult>
        <bndbox>
            <xmin>899</xmin>
            <ymin>861</ymin>
            <xmax>907</xmax>
            <ymax>873</ymax>
        </bndbox>
    </object>
    <object>
        <name>ma</name>
        <pose>Unspecified</pose>
        <truncated>0</truncated>
        <difficult>0</difficult>
        <bndbox>
            <xmin>933</xmin>
            <ymin>931</ymin>
            <xmax>939</xmax>
            <ymax>939</ymax>
        </bndbox>
    </object>
    <object>
        <name>ma</name>
        <pose>Unspecified</pose>
        <truncated>0</truncated>
        <difficult>0</difficult>
        <bndbox>
            <xmin>965</xmin>
            <ymin>661</ymin>
            <xmax>977</xmax>
            <ymax>671</ymax>
        </bndbox>
    </object>
    <object>
        <name>ma</name>
        <pose>Unspecified</pose>
        <truncated>0</truncated>
        <difficult>0</difficult>
        <bndbox>
            <xmin>971</xmin>
            <ymin>651</ymin>
            <xmax>975</xmax>
            <ymax>655</ymax>
        </bndbox>
    </object>
    <object>
        <name>ma</name>
        <pose>Unspecified</pose>
        <truncated>0</truncated>
        <difficult>0</difficult>
        <bndbox>
            <xmin>1009</xmin>
            <ymin>661</ymin>
            <xmax>1025</xmax>
            <ymax>673</ymax>
        </bndbox>
    </object>
    <object>
        <name>ma</name>
        <pose>Unspecified</pose>
        <truncated>0</truncated>
        <difficult>0</difficult>
        <bndbox>
            <xmin>1085</xmin>
            <ymin>283</ymin>
            <xmax>1091</xmax>
            <ymax>289</ymax>
        </bndbox>
    </object>
    <object>
        <name>ma</name>
        <pose>Unspecified</pose>
        <truncated>0</truncated>
        <difficult>0</difficult>
        <bndbox>
            <xmin>1085</xmin>
            <ymin>303</ymin>
            <xmax>1091</xmax>
            <ymax>307</ymax>
        </bndbox>
    </object>
    <object>
        <name>ma</name>
        <pose>Unspecified</pose>
        <truncated>0</truncated>
        <difficult>0</difficult>
        <bndbox>
            <xmin>1197</xmin>
            <ymin>859</ymin>
            <xmax>1201</xmax>
            <ymax>865</ymax>
        </bndbox>
    </object>
    <object>
        <name>ma</name>
        <pose>Unspecified</pose>
        <truncated>0</truncated>
        <difficult>0</difficult>
        <bndbox>
            <xmin>1437</xmin>
            <ymin>953</ymin>
            <xmax>1445</xmax>
            <ymax>959</ymax>
        </bndbox>
    </object>
    <object>
        <name>ma</name>
        <pose>Unspecified</pose>
        <truncated>0</truncated>
        <difficult>0</difficult>
        <bndbox>
            <xmin>2043</xmin>
            <ymin>895</ymin>
            <xmax>2049</xmax>
            <ymax>901</ymax>
        </bndbox>
    </object>
    <object>
        <name>he</name>
        <pose>Unspecified</pose>
        <truncated>0</truncated>
        <difficult>0</difficult>
        <bndbox>
            <xmin>561</xmin>
            <ymin>835</ymin>
            <xmax>575</xmax>
            <ymax>849</ymax>
        </bndbox>
    </object>
    <object>
        <name>he</name>
        <pose>Unspecified</pose>
        <truncated>0</truncated>
        <difficult>0</difficult>
        <bndbox>
            <xmin>947</xmin>
            <ymin>983</ymin>
            <xmax>999</xmax>
            <ymax>1025</ymax>
        </bndbox>
    </object>
    <object>
        <name>he</name>
        <pose>Unspecified</pose>
        <truncated>0</truncated>
        <difficult>0</difficult>
        <bndbox>
            <xmin>1081</xmin>
            <ymin>303</ymin>
            <xmax>1095</xmax>
            <ymax>313</ymax>
        </bndbox>
    </object>
    <object>
        <name>he</name>
        <pose>Unspecified</pose>
        <truncated>0</truncated>
        <difficult>0</difficult>
        <bndbox>
            <xmin>1251</xmin>
            <ymin>311</ymin>
            <xmax>1275</xmax>
            <ymax>341</ymax>
        </bndbox>
    </object>
    <object>
        <name>he</name>
        <pose>Unspecified</pose>
        <truncated>0</truncated>
        <difficult>0</difficult>
        <bndbox>
            <xmin>1287</xmin>
            <ymin>141</ymin>
            <xmax>1315</xmax>
            <ymax>163</ymax>
        </bndbox>
    </object>
    <object>
        <name>he</name>
        <pose>Unspecified</pose>
        <truncated>0</truncated>
        <difficult>0</difficult>
        <bndbox>
            <xmin>1425</xmin>
            <ymin>587</ymin>
            <xmax>1447</xmax>
            <ymax>607</ymax>
        </bndbox>
    </object>
    <object>
        <name>he</name>
        <pose>Unspecified</pose>
        <truncated>0</truncated>
        <difficult>0</difficult>
        <bndbox>
            <xmin>1577</xmin>
            <ymin>1287</ymin>
            <xmax>1581</xmax>
            <ymax>1291</ymax>
        </bndbox>
    </object>
    <object>
        <name>he</name>
        <pose>Unspecified</pose>
        <truncated>0</truncated>
        <difficult>0</difficult>
        <bndbox>
            <xmin>1581</xmin>
            <ymin>1293</ymin>
            <xmax>1587</xmax>
            <ymax>1299</ymax>
        </bndbox>
    </object>
    <object>
        <name>he</name>
        <pose>Unspecified</pose>
        <truncated>0</truncated>
        <difficult>0</difficult>
        <bndbox>
            <xmin>1583</xmin>
            <ymin>1277</ymin>
            <xmax>1599</xmax>
            <ymax>1293</ymax>
        </bndbox>
    </object>
    <object>
        <name>ex</name>
        <pose>Unspecified</pose>
        <truncated>0</truncated>
        <difficult>0</difficult>
        <bndbox>
            <xmin>933</xmin>
            <ymin>551</ymin>
            <xmax>953</xmax>
            <ymax>567</ymax>
        </bndbox>
    </object>
    <object>
        <name>ex</name>
        <pose>Unspecified</pose>
        <truncated>0</truncated>
        <difficult>0</difficult>
        <bndbox>
            <xmin>945</xmin>
            <ymin>625</ymin>
            <xmax>965</xmax>
            <ymax>651</ymax>
        </bndbox>
    </object>
    <object>
        <name>ex</name>
        <pose>Unspecified</pose>
        <truncated>0</truncated>
        <difficult>0</difficult>
        <bndbox>
            <xmin>947</xmin>
            <ymin>581</ymin>
            <xmax>969</xmax>
            <ymax>593</ymax>
        </bndbox>
    </object>
    <object>
        <name>ex</name>
        <pose>Unspecified</pose>
        <truncated>0</truncated>
        <difficult>0</difficult>
        <bndbox>
            <xmin>975</xmin>
            <ymin>587</ymin>
            <xmax>999</xmax>
            <ymax>633</ymax>
        </bndbox>
    </object>
    <object>
        <name>ex</name>
        <pose>Unspecified</pose>
        <truncated>0</truncated>
        <difficult>0</difficult>
        <bndbox>
            <xmin>983</xmin>
            <ymin>643</ymin>
            <xmax>1005</xmax>
            <ymax>667</ymax>
        </bndbox>
    </object>
</annotation>