<annotation>
    <folder>OurDataset</folder>
    <filename>007-3924-200.jpg</filename>
    <size>
        <width>3888</width>
        <height>2592</height>
        <depth>3</depth>
    </size>
    <object>
        <name>ma</name>
        <pose>Unspecified</pose>
        <truncated>0</truncated>
        <difficult>0</difficult>
        <bndbox>
            <xmin>1439</xmin>
            <ymin>1189</ymin>
            <xmax>1455</xmax>
            <ymax>1205</ymax>
        </bndbox>
    </object>
    <object>
        <name>ma</name>
        <pose>Unspecified</pose>
        <truncated>0</truncated>
        <difficult>0</difficult>
        <bndbox>
            <xmin>1583</xmin>
            <ymin>239</ymin>
            <xmax>1593</xmax>
            <ymax>253</ymax>
        </bndbox>
    </object>
    <object>
        <name>ma</name>
        <pose>Unspecified</pose>
        <truncated>0</truncated>
        <difficult>0</difficult>
        <bndbox>
            <xmin>1789</xmin>
            <ymin>707</ymin>
            <xmax>1801</xmax>
            <ymax>721</ymax>
        </bndbox>
    </object>
    <object>
        <name>ma</name>
        <pose>Unspecified</pose>
        <truncated>0</truncated>
        <difficult>0</difficult>
        <bndbox>
            <xmin>1823</xmin>
            <ymin>779</ymin>
            <xmax>1833</xmax>
            <ymax>791</ymax>
        </bndbox>
    </object>
    <object>
        <name>ma</name>
        <pose>Unspecified</pose>
        <truncated>0</truncated>
        <difficult>0</difficult>
        <bndbox>
            <xmin>1955</xmin>
            <ymin>345</ymin>
            <xmax>1965</xmax>
            <ymax>351</ymax>
        </bndbox>
    </object>
    <object>
        <name>ma</name>
        <pose>Unspecified</pose>
        <truncated>0</truncated>
        <difficult>0</difficult>
        <bndbox>
            <xmin>2027</xmin>
            <ymin>553</ymin>
            <xmax>2041</xmax>
            <ymax>571</ymax>
        </bndbox>
    </object>
    <object>
        <name>ma</name>
        <pose>Unspecified</pose>
        <truncated>0</truncated>
        <difficult>0</difficult>
        <bndbox>
            <xmin>2033</xmin>
            <ymin>501</ymin>
            <xmax>2047</xmax>
            <ymax>517</ymax>
        </bndbox>
    </object>
    <object>
        <name>ma</name>
        <pose>Unspecified</pose>
        <truncated>0</truncated>
        <difficult>0</difficult>
        <bndbox>
            <xmin>2045</xmin>
            <ymin>469</ymin>
            <xmax>2057</xmax>
            <ymax>477</ymax>
        </bndbox>
    </object>
    <object>
        <name>ma</name>
        <pose>Unspecified</pose>
        <truncated>0</truncated>
        <difficult>0</difficult>
        <bndbox>
            <xmin>2079</xmin>
            <ymin>481</ymin>
            <xmax>2087</xmax>
            <ymax>489</ymax>
        </bndbox>
    </object>
    <object>
        <name>ma</name>
        <pose>Unspecified</pose>
        <truncated>0</truncated>
        <difficult>0</difficult>
        <bndbox>
            <xmin>2089</xmin>
            <ymin>471</ymin>
            <xmax>2101</xmax>
            <ymax>477</ymax>
        </bndbox>
    </object>
    <object>
        <name>ma</name>
        <pose>Unspecified</pose>
        <truncated>0</truncated>
        <difficult>0</difficult>
        <bndbox>
            <xmin>2201</xmin>
            <ymin>1865</ymin>
            <xmax>2223</xmax>
            <ymax>1885</ymax>
        </bndbox>
    </object>
    <object>
        <name>ma</name>
        <pose>Unspecified</pose>
        <truncated>0</truncated>
        <difficult>0</difficult>
        <bndbox>
            <xmin>2413</xmin>
            <ymin>1909</ymin>
            <xmax>2429</xmax>
            <ymax>1923</ymax>
        </bndbox>
    </object>
    <object>
        <name>ma</name>
        <pose>Unspecified</pose>
        <truncated>0</truncated>
        <difficult>0</difficult>
        <bndbox>
            <xmin>2633</xmin>
            <ymin>2037</ymin>
            <xmax>2639</xmax>
            <ymax>2045</ymax>
        </bndbox>
    </object>
    <object>
        <name>ma</name>
        <pose>Unspecified</pose>
        <truncated>0</truncated>
        <difficult>0</difficult>
        <bndbox>
            <xmin>2663</xmin>
            <ymin>1359</ymin>
            <xmax>2673</xmax>
            <ymax>1371</ymax>
        </bndbox>
    </object>
    <object>
        <name>ma</name>
        <pose>Unspecified</pose>
        <truncated>0</truncated>
        <difficult>0</difficult>
        <bndbox>
            <xmin>2715</xmin>
            <ymin>1407</ymin>
            <xmax>2729</xmax>
            <ymax>1425</ymax>
        </bndbox>
    </object>
    <object>
        <name>ma</name>
        <pose>Unspecified</pose>
        <truncated>0</truncated>
        <difficult>0</difficult>
        <bndbox>
            <xmin>2715</xmin>
            <ymin>1679</ymin>
            <xmax>2729</xmax>
            <ymax>1699</ymax>
        </bndbox>
    </object>
    <object>
        <name>ma</name>
        <pose>Unspecified</pose>
        <truncated>0</truncated>
        <difficult>0</difficult>
        <bndbox>
            <xmin>2741</xmin>
            <ymin>1221</ymin>
            <xmax>2749</xmax>
            <ymax>1227</ymax>
        </bndbox>
    </object>
    <object>
        <name>ma</name>
        <pose>Unspecified</pose>
        <truncated>0</truncated>
        <difficult>0</difficult>
        <bndbox>
            <xmin>2807</xmin>
            <ymin>1317</ymin>
            <xmax>2825</xmax>
            <ymax>1331</ymax>
        </bndbox>
    </object>
    <object>
        <name>he</name>
        <pose>Unspecified</pose>
        <truncated>0</truncated>
        <difficult>0</difficult>
        <bndbox>
            <xmin>1275</xmin>
            <ymin>2175</ymin>
            <xmax>1341</xmax>
            <ymax>2269</ymax>
        </bndbox>
    </object>
    <object>
        <name>he</name>
        <pose>Unspecified</pose>
        <truncated>0</truncated>
        <difficult>0</difficult>
        <bndbox>
            <xmin>1457</xmin>
            <ymin>331</ymin>
            <xmax>1479</xmax>
            <ymax>371</ymax>
        </bndbox>
    </object>
    <object>
        <name>he</name>
        <pose>Unspecified</pose>
        <truncated>0</truncated>
        <difficult>0</difficult>
        <bndbox>
            <xmin>1567</xmin>
            <ymin>2189</ymin>
            <xmax>1615</xmax>
            <ymax>2233</ymax>
        </bndbox>
    </object>
    <object>
        <name>he</name>
        <pose>Unspecified</pose>
        <truncated>0</truncated>
        <difficult>0</difficult>
        <bndbox>
            <xmin>1791</xmin>
            <ymin>163</ymin>
            <xmax>1833</xmax>
            <ymax>199</ymax>
        </bndbox>
    </object>
    <object>
        <name>he</name>
        <pose>Unspecified</pose>
        <truncated>0</truncated>
        <difficult>0</difficult>
        <bndbox>
            <xmin>2499</xmin>
            <ymin>857</ymin>
            <xmax>2535</xmax>
            <ymax>899</ymax>
        </bndbox>
    </object>
    <object>
        <name>ma</name>
        <pose>Unspecified</pose>
        <truncated>0</truncated>
        <difficult>0</difficult>
        <bndbox>
            <xmin>1439</xmin>
            <ymin>1189</ymin>
            <xmax>1455</xmax>
            <ymax>1205</ymax>
        </bndbox>
    </object>
    <object>
        <name>ma</name>
        <pose>Unspecified</pose>
        <truncated>0</truncated>
        <difficult>0</difficult>
        <bndbox>
            <xmin>1583</xmin>
            <ymin>239</ymin>
            <xmax>1593</xmax>
            <ymax>253</ymax>
        </bndbox>
    </object>
    <object>
        <name>ma</name>
        <pose>Unspecified</pose>
        <truncated>0</truncated>
        <difficult>0</difficult>
        <bndbox>
            <xmin>1789</xmin>
            <ymin>707</ymin>
            <xmax>1801</xmax>
            <ymax>721</ymax>
        </bndbox>
    </object>
    <object>
        <name>ma</name>
        <pose>Unspecified</pose>
        <truncated>0</truncated>
        <difficult>0</difficult>
        <bndbox>
            <xmin>1823</xmin>
            <ymin>779</ymin>
            <xmax>1833</xmax>
            <ymax>791</ymax>
        </bndbox>
    </object>
    <object>
        <name>ma</name>
        <pose>Unspecified</pose>
        <truncated>0</truncated>
        <difficult>0</difficult>
        <bndbox>
            <xmin>1955</xmin>
            <ymin>345</ymin>
            <xmax>1965</xmax>
            <ymax>351</ymax>
        </bndbox>
    </object>
    <object>
        <name>ma</name>
        <pose>Unspecified</pose>
        <truncated>0</truncated>
        <difficult>0</difficult>
        <bndbox>
            <xmin>2027</xmin>
            <ymin>553</ymin>
            <xmax>2041</xmax>
            <ymax>571</ymax>
        </bndbox>
    </object>
    <object>
        <name>ma</name>
        <pose>Unspecified</pose>
        <truncated>0</truncated>
        <difficult>0</difficult>
        <bndbox>
            <xmin>2033</xmin>
            <ymin>501</ymin>
            <xmax>2047</xmax>
            <ymax>517</ymax>
        </bndbox>
    </object>
    <object>
        <name>ma</name>
        <pose>Unspecified</pose>
        <truncated>0</truncated>
        <difficult>0</difficult>
        <bndbox>
            <xmin>2045</xmin>
            <ymin>469</ymin>
            <xmax>2057</xmax>
            <ymax>477</ymax>
        </bndbox>
    </object>
    <object>
        <name>ma</name>
        <pose>Unspecified</pose>
        <truncated>0</truncated>
        <difficult>0</difficult>
        <bndbox>
            <xmin>2079</xmin>
            <ymin>481</ymin>
            <xmax>2087</xmax>
            <ymax>489</ymax>
        </bndbox>
    </object>
    <object>
        <name>ma</name>
        <pose>Unspecified</pose>
        <truncated>0</truncated>
        <difficult>0</difficult>
        <bndbox>
            <xmin>2089</xmin>
            <ymin>471</ymin>
            <xmax>2101</xmax>
            <ymax>477</ymax>
        </bndbox>
    </object>
    <object>
        <name>ma</name>
        <pose>Unspecified</pose>
        <truncated>0</truncated>
        <difficult>0</difficult>
        <bndbox>
            <xmin>2201</xmin>
            <ymin>1865</ymin>
            <xmax>2223</xmax>
            <ymax>1885</ymax>
        </bndbox>
    </object>
    <object>
        <name>ma</name>
        <pose>Unspecified</pose>
        <truncated>0</truncated>
        <difficult>0</difficult>
        <bndbox>
            <xmin>2413</xmin>
            <ymin>1909</ymin>
            <xmax>2429</xmax>
            <ymax>1923</ymax>
        </bndbox>
    </object>
    <object>
        <name>ma</name>
        <pose>Unspecified</pose>
        <truncated>0</truncated>
        <difficult>0</difficult>
        <bndbox>
            <xmin>2633</xmin>
            <ymin>2037</ymin>
            <xmax>2639</xmax>
            <ymax>2045</ymax>
        </bndbox>
    </object>
    <object>
        <name>ma</name>
        <pose>Unspecified</pose>
        <truncated>0</truncated>
        <difficult>0</difficult>
        <bndbox>
            <xmin>2663</xmin>
            <ymin>1359</ymin>
            <xmax>2673</xmax>
            <ymax>1371</ymax>
        </bndbox>
    </object>
    <object>
        <name>ma</name>
        <pose>Unspecified</pose>
        <truncated>0</truncated>
        <difficult>0</difficult>
        <bndbox>
            <xmin>2715</xmin>
            <ymin>1407</ymin>
            <xmax>2729</xmax>
            <ymax>1425</ymax>
        </bndbox>
    </object>
    <object>
        <name>ma</name>
        <pose>Unspecified</pose>
        <truncated>0</truncated>
        <difficult>0</difficult>
        <bndbox>
            <xmin>2715</xmin>
            <ymin>1679</ymin>
            <xmax>2729</xmax>
            <ymax>1699</ymax>
        </bndbox>
    </object>
    <object>
        <name>ma</name>
        <pose>Unspecified</pose>
        <truncated>0</truncated>
        <difficult>0</difficult>
        <bndbox>
            <xmin>2741</xmin>
            <ymin>1221</ymin>
            <xmax>2749</xmax>
            <ymax>1227</ymax>
        </bndbox>
    </object>
    <object>
        <name>ma</name>
        <pose>Unspecified</pose>
        <truncated>0</truncated>
        <difficult>0</difficult>
        <bndbox>
            <xmin>2807</xmin>
            <ymin>1317</ymin>
            <xmax>2825</xmax>
            <ymax>1331</ymax>
        </bndbox>
    </object>
    <object>
        <name>he</name>
        <pose>Unspecified</pose>
        <truncated>0</truncated>
        <difficult>0</difficult>
        <bndbox>
            <xmin>1275</xmin>
            <ymin>2175</ymin>
            <xmax>1341</xmax>
            <ymax>2269</ymax>
        </bndbox>
    </object>
    <object>
        <name>he</name>
        <pose>Unspecified</pose>
        <truncated>0</truncated>
        <difficult>0</difficult>
        <bndbox>
            <xmin>1457</xmin>
            <ymin>331</ymin>
            <xmax>1479</xmax>
            <ymax>371</ymax>
        </bndbox>
    </object>
    <object>
        <name>he</name>
        <pose>Unspecified</pose>
        <truncated>0</truncated>
        <difficult>0</difficult>
        <bndbox>
            <xmin>1567</xmin>
            <ymin>2189</ymin>
            <xmax>1615</xmax>
            <ymax>2233</ymax>
        </bndbox>
    </object>
    <object>
        <name>he</name>
        <pose>Unspecified</pose>
        <truncated>0</truncated>
        <difficult>0</difficult>
        <bndbox>
            <xmin>1791</xmin>
            <ymin>163</ymin>
            <xmax>1833</xmax>
            <ymax>199</ymax>
        </bndbox>
    </object>
    <object>
        <name>he</name>
        <pose>Unspecified</pose>
        <truncated>0</truncated>
        <difficult>0</difficult>
        <bndbox>
            <xmin>2499</xmin>
            <ymin>857</ymin>
            <xmax>2535</xmax>
            <ymax>899</ymax>
        </bndbox>
    </object>
</annotation>