<annotation>
    <folder>OurDataset</folder>
    <filename>007-5337-300.jpg</filename>
    <size>
        <width>2736</width>
        <height>1824</height>
        <depth>3</depth>
    </size>
    <object>
        <name>ex</name>
        <pose>Unspecified</pose>
        <truncated>0</truncated>
        <difficult>0</difficult>
        <bndbox>
            <xmin>971</xmin>
            <ymin>837</ymin>
            <xmax>993</xmax>
            <ymax>855</ymax>
        </bndbox>
    </object>
    <object>
        <name>ex</name>
        <pose>Unspecified</pose>
        <truncated>0</truncated>
        <difficult>0</difficult>
        <bndbox>
            <xmin>985</xmin>
            <ymin>869</ymin>
            <xmax>987</xmax>
            <ymax>871</ymax>
        </bndbox>
    </object>
    <object>
        <name>ex</name>
        <pose>Unspecified</pose>
        <truncated>0</truncated>
        <difficult>0</difficult>
        <bndbox>
            <xmin>991</xmin>
            <ymin>853</ymin>
            <xmax>997</xmax>
            <ymax>857</ymax>
        </bndbox>
    </object>
    <object>
        <name>ex</name>
        <pose>Unspecified</pose>
        <truncated>0</truncated>
        <difficult>0</difficult>
        <bndbox>
            <xmin>1009</xmin>
            <ymin>845</ymin>
            <xmax>1021</xmax>
            <ymax>851</ymax>
        </bndbox>
    </object>
    <object>
        <name>ex</name>
        <pose>Unspecified</pose>
        <truncated>0</truncated>
        <difficult>0</difficult>
        <bndbox>
            <xmin>1009</xmin>
            <ymin>889</ymin>
            <xmax>1017</xmax>
            <ymax>899</ymax>
        </bndbox>
    </object>
    <object>
        <name>ex</name>
        <pose>Unspecified</pose>
        <truncated>0</truncated>
        <difficult>0</difficult>
        <bndbox>
            <xmin>1013</xmin>
            <ymin>831</ymin>
            <xmax>1029</xmax>
            <ymax>837</ymax>
        </bndbox>
    </object>
    <object>
        <name>ex</name>
        <pose>Unspecified</pose>
        <truncated>0</truncated>
        <difficult>0</difficult>
        <bndbox>
            <xmin>1021</xmin>
            <ymin>861</ymin>
            <xmax>1023</xmax>
            <ymax>865</ymax>
        </bndbox>
    </object>
    <object>
        <name>ex</name>
        <pose>Unspecified</pose>
        <truncated>0</truncated>
        <difficult>0</difficult>
        <bndbox>
            <xmin>1029</xmin>
            <ymin>879</ymin>
            <xmax>1035</xmax>
            <ymax>885</ymax>
        </bndbox>
    </object>
    <object>
        <name>ex</name>
        <pose>Unspecified</pose>
        <truncated>0</truncated>
        <difficult>0</difficult>
        <bndbox>
            <xmin>1031</xmin>
            <ymin>797</ymin>
            <xmax>1043</xmax>
            <ymax>823</ymax>
        </bndbox>
    </object>
    <object>
        <name>ex</name>
        <pose>Unspecified</pose>
        <truncated>0</truncated>
        <difficult>0</difficult>
        <bndbox>
            <xmin>1031</xmin>
            <ymin>891</ymin>
            <xmax>1033</xmax>
            <ymax>893</ymax>
        </bndbox>
    </object>
    <object>
        <name>ex</name>
        <pose>Unspecified</pose>
        <truncated>0</truncated>
        <difficult>0</difficult>
        <bndbox>
            <xmin>1043</xmin>
            <ymin>855</ymin>
            <xmax>1051</xmax>
            <ymax>861</ymax>
        </bndbox>
    </object>
    <object>
        <name>ex</name>
        <pose>Unspecified</pose>
        <truncated>0</truncated>
        <difficult>0</difficult>
        <bndbox>
            <xmin>1065</xmin>
            <ymin>835</ymin>
            <xmax>1067</xmax>
            <ymax>837</ymax>
        </bndbox>
    </object>
    <object>
        <name>ex</name>
        <pose>Unspecified</pose>
        <truncated>0</truncated>
        <difficult>0</difficult>
        <bndbox>
            <xmin>1069</xmin>
            <ymin>811</ymin>
            <xmax>1091</xmax>
            <ymax>831</ymax>
        </bndbox>
    </object>
    <object>
        <name>ex</name>
        <pose>Unspecified</pose>
        <truncated>0</truncated>
        <difficult>0</difficult>
        <bndbox>
            <xmin>1085</xmin>
            <ymin>787</ymin>
            <xmax>1105</xmax>
            <ymax>807</ymax>
        </bndbox>
    </object>
    <object>
        <name>ex</name>
        <pose>Unspecified</pose>
        <truncated>0</truncated>
        <difficult>0</difficult>
        <bndbox>
            <xmin>1095</xmin>
            <ymin>813</ymin>
            <xmax>1099</xmax>
            <ymax>817</ymax>
        </bndbox>
    </object>
    <object>
        <name>se</name>
        <pose>Unspecified</pose>
        <truncated>0</truncated>
        <difficult>0</difficult>
        <bndbox>
            <xmin>1069</xmin>
            <ymin>1501</ymin>
            <xmax>1091</xmax>
            <ymax>1521</ymax>
        </bndbox>
    </object>
    <object>
        <name>se</name>
        <pose>Unspecified</pose>
        <truncated>0</truncated>
        <difficult>0</difficult>
        <bndbox>
            <xmin>1097</xmin>
            <ymin>1405</ymin>
            <xmax>1271</xmax>
            <ymax>1533</ymax>
        </bndbox>
    </object>
    <object>
        <name>se</name>
        <pose>Unspecified</pose>
        <truncated>0</truncated>
        <difficult>0</difficult>
        <bndbox>
            <xmin>1097</xmin>
            <ymin>1511</ymin>
            <xmax>1113</xmax>
            <ymax>1527</ymax>
        </bndbox>
    </object>
    <object>
        <name>se</name>
        <pose>Unspecified</pose>
        <truncated>0</truncated>
        <difficult>0</difficult>
        <bndbox>
            <xmin>1109</xmin>
            <ymin>1459</ymin>
            <xmax>1119</xmax>
            <ymax>1467</ymax>
        </bndbox>
    </object>
    <object>
        <name>se</name>
        <pose>Unspecified</pose>
        <truncated>0</truncated>
        <difficult>0</difficult>
        <bndbox>
            <xmin>1111</xmin>
            <ymin>1527</ymin>
            <xmax>1131</xmax>
            <ymax>1539</ymax>
        </bndbox>
    </object>
    <object>
        <name>se</name>
        <pose>Unspecified</pose>
        <truncated>0</truncated>
        <difficult>0</difficult>
        <bndbox>
            <xmin>1117</xmin>
            <ymin>1499</ymin>
            <xmax>1121</xmax>
            <ymax>1503</ymax>
        </bndbox>
    </object>
    <object>
        <name>se</name>
        <pose>Unspecified</pose>
        <truncated>0</truncated>
        <difficult>0</difficult>
        <bndbox>
            <xmin>1157</xmin>
            <ymin>1527</ymin>
            <xmax>1285</xmax>
            <ymax>1673</ymax>
        </bndbox>
    </object>
    <object>
        <name>se</name>
        <pose>Unspecified</pose>
        <truncated>0</truncated>
        <difficult>0</difficult>
        <bndbox>
            <xmin>1189</xmin>
            <ymin>1491</ymin>
            <xmax>1199</xmax>
            <ymax>1495</ymax>
        </bndbox>
    </object>
    <object>
        <name>se</name>
        <pose>Unspecified</pose>
        <truncated>0</truncated>
        <difficult>0</difficult>
        <bndbox>
            <xmin>1249</xmin>
            <ymin>1303</ymin>
            <xmax>1335</xmax>
            <ymax>1353</ymax>
        </bndbox>
    </object>
    <object>
        <name>se</name>
        <pose>Unspecified</pose>
        <truncated>0</truncated>
        <difficult>0</difficult>
        <bndbox>
            <xmin>1377</xmin>
            <ymin>1367</ymin>
            <xmax>1519</xmax>
            <ymax>1461</ymax>
        </bndbox>
    </object>
    <object>
        <name>se</name>
        <pose>Unspecified</pose>
        <truncated>0</truncated>
        <difficult>0</difficult>
        <bndbox>
            <xmin>1397</xmin>
            <ymin>1167</ymin>
            <xmax>1477</xmax>
            <ymax>1233</ymax>
        </bndbox>
    </object>
    <object>
        <name>se</name>
        <pose>Unspecified</pose>
        <truncated>0</truncated>
        <difficult>0</difficult>
        <bndbox>
            <xmin>1449</xmin>
            <ymin>1275</ymin>
            <xmax>1533</xmax>
            <ymax>1371</ymax>
        </bndbox>
    </object>
    <object>
        <name>se</name>
        <pose>Unspecified</pose>
        <truncated>0</truncated>
        <difficult>0</difficult>
        <bndbox>
            <xmin>2021</xmin>
            <ymin>891</ymin>
            <xmax>2077</xmax>
            <ymax>933</ymax>
        </bndbox>
    </object>
    <object>
        <name>ma</name>
        <pose>Unspecified</pose>
        <truncated>0</truncated>
        <difficult>0</difficult>
        <bndbox>
            <xmin>1357</xmin>
            <ymin>709</ymin>
            <xmax>1363</xmax>
            <ymax>713</ymax>
        </bndbox>
    </object>
    <object>
        <name>ma</name>
        <pose>Unspecified</pose>
        <truncated>0</truncated>
        <difficult>0</difficult>
        <bndbox>
            <xmin>1403</xmin>
            <ymin>761</ymin>
            <xmax>1411</xmax>
            <ymax>771</ymax>
        </bndbox>
    </object>
    <object>
        <name>he</name>
        <pose>Unspecified</pose>
        <truncated>0</truncated>
        <difficult>0</difficult>
        <bndbox>
            <xmin>1437</xmin>
            <ymin>729</ymin>
            <xmax>1465</xmax>
            <ymax>743</ymax>
        </bndbox>
    </object>
    <object>
        <name>he</name>
        <pose>Unspecified</pose>
        <truncated>0</truncated>
        <difficult>0</difficult>
        <bndbox>
            <xmin>1873</xmin>
            <ymin>1161</ymin>
            <xmax>1917</xmax>
            <ymax>1247</ymax>
        </bndbox>
    </object>
    <object>
        <name>ex</name>
        <pose>Unspecified</pose>
        <truncated>0</truncated>
        <difficult>0</difficult>
        <bndbox>
            <xmin>971</xmin>
            <ymin>837</ymin>
            <xmax>993</xmax>
            <ymax>855</ymax>
        </bndbox>
    </object>
    <object>
        <name>ex</name>
        <pose>Unspecified</pose>
        <truncated>0</truncated>
        <difficult>0</difficult>
        <bndbox>
            <xmin>985</xmin>
            <ymin>869</ymin>
            <xmax>987</xmax>
            <ymax>871</ymax>
        </bndbox>
    </object>
    <object>
        <name>ex</name>
        <pose>Unspecified</pose>
        <truncated>0</truncated>
        <difficult>0</difficult>
        <bndbox>
            <xmin>991</xmin>
            <ymin>853</ymin>
            <xmax>997</xmax>
            <ymax>857</ymax>
        </bndbox>
    </object>
    <object>
        <name>ex</name>
        <pose>Unspecified</pose>
        <truncated>0</truncated>
        <difficult>0</difficult>
        <bndbox>
            <xmin>1009</xmin>
            <ymin>845</ymin>
            <xmax>1021</xmax>
            <ymax>851</ymax>
        </bndbox>
    </object>
    <object>
        <name>ex</name>
        <pose>Unspecified</pose>
        <truncated>0</truncated>
        <difficult>0</difficult>
        <bndbox>
            <xmin>1009</xmin>
            <ymin>889</ymin>
            <xmax>1017</xmax>
            <ymax>899</ymax>
        </bndbox>
    </object>
    <object>
        <name>ex</name>
        <pose>Unspecified</pose>
        <truncated>0</truncated>
        <difficult>0</difficult>
        <bndbox>
            <xmin>1013</xmin>
            <ymin>831</ymin>
            <xmax>1029</xmax>
            <ymax>837</ymax>
        </bndbox>
    </object>
    <object>
        <name>ex</name>
        <pose>Unspecified</pose>
        <truncated>0</truncated>
        <difficult>0</difficult>
        <bndbox>
            <xmin>1021</xmin>
            <ymin>861</ymin>
            <xmax>1023</xmax>
            <ymax>865</ymax>
        </bndbox>
    </object>
    <object>
        <name>ex</name>
        <pose>Unspecified</pose>
        <truncated>0</truncated>
        <difficult>0</difficult>
        <bndbox>
            <xmin>1029</xmin>
            <ymin>879</ymin>
            <xmax>1035</xmax>
            <ymax>885</ymax>
        </bndbox>
    </object>
    <object>
        <name>ex</name>
        <pose>Unspecified</pose>
        <truncated>0</truncated>
        <difficult>0</difficult>
        <bndbox>
            <xmin>1031</xmin>
            <ymin>797</ymin>
            <xmax>1043</xmax>
            <ymax>823</ymax>
        </bndbox>
    </object>
    <object>
        <name>ex</name>
        <pose>Unspecified</pose>
        <truncated>0</truncated>
        <difficult>0</difficult>
        <bndbox>
            <xmin>1031</xmin>
            <ymin>891</ymin>
            <xmax>1033</xmax>
            <ymax>893</ymax>
        </bndbox>
    </object>
    <object>
        <name>ex</name>
        <pose>Unspecified</pose>
        <truncated>0</truncated>
        <difficult>0</difficult>
        <bndbox>
            <xmin>1043</xmin>
            <ymin>855</ymin>
            <xmax>1051</xmax>
            <ymax>861</ymax>
        </bndbox>
    </object>
    <object>
        <name>ex</name>
        <pose>Unspecified</pose>
        <truncated>0</truncated>
        <difficult>0</difficult>
        <bndbox>
            <xmin>1065</xmin>
            <ymin>835</ymin>
            <xmax>1067</xmax>
            <ymax>837</ymax>
        </bndbox>
    </object>
    <object>
        <name>ex</name>
        <pose>Unspecified</pose>
        <truncated>0</truncated>
        <difficult>0</difficult>
        <bndbox>
            <xmin>1069</xmin>
            <ymin>811</ymin>
            <xmax>1091</xmax>
            <ymax>831</ymax>
        </bndbox>
    </object>
    <object>
        <name>ex</name>
        <pose>Unspecified</pose>
        <truncated>0</truncated>
        <difficult>0</difficult>
        <bndbox>
            <xmin>1085</xmin>
            <ymin>787</ymin>
            <xmax>1105</xmax>
            <ymax>807</ymax>
        </bndbox>
    </object>
    <object>
        <name>ex</name>
        <pose>Unspecified</pose>
        <truncated>0</truncated>
        <difficult>0</difficult>
        <bndbox>
            <xmin>1095</xmin>
            <ymin>813</ymin>
            <xmax>1099</xmax>
            <ymax>817</ymax>
        </bndbox>
    </object>
    <object>
        <name>se</name>
        <pose>Unspecified</pose>
        <truncated>0</truncated>
        <difficult>0</difficult>
        <bndbox>
            <xmin>1069</xmin>
            <ymin>1501</ymin>
            <xmax>1091</xmax>
            <ymax>1521</ymax>
        </bndbox>
    </object>
    <object>
        <name>se</name>
        <pose>Unspecified</pose>
        <truncated>0</truncated>
        <difficult>0</difficult>
        <bndbox>
            <xmin>1097</xmin>
            <ymin>1405</ymin>
            <xmax>1271</xmax>
            <ymax>1533</ymax>
        </bndbox>
    </object>
    <object>
        <name>se</name>
        <pose>Unspecified</pose>
        <truncated>0</truncated>
        <difficult>0</difficult>
        <bndbox>
            <xmin>1097</xmin>
            <ymin>1511</ymin>
            <xmax>1113</xmax>
            <ymax>1527</ymax>
        </bndbox>
    </object>
    <object>
        <name>se</name>
        <pose>Unspecified</pose>
        <truncated>0</truncated>
        <difficult>0</difficult>
        <bndbox>
            <xmin>1109</xmin>
            <ymin>1459</ymin>
            <xmax>1119</xmax>
            <ymax>1467</ymax>
        </bndbox>
    </object>
    <object>
        <name>se</name>
        <pose>Unspecified</pose>
        <truncated>0</truncated>
        <difficult>0</difficult>
        <bndbox>
            <xmin>1111</xmin>
            <ymin>1527</ymin>
            <xmax>1131</xmax>
            <ymax>1539</ymax>
        </bndbox>
    </object>
    <object>
        <name>se</name>
        <pose>Unspecified</pose>
        <truncated>0</truncated>
        <difficult>0</difficult>
        <bndbox>
            <xmin>1117</xmin>
            <ymin>1499</ymin>
            <xmax>1121</xmax>
            <ymax>1503</ymax>
        </bndbox>
    </object>
    <object>
        <name>se</name>
        <pose>Unspecified</pose>
        <truncated>0</truncated>
        <difficult>0</difficult>
        <bndbox>
            <xmin>1157</xmin>
            <ymin>1527</ymin>
            <xmax>1285</xmax>
            <ymax>1673</ymax>
        </bndbox>
    </object>
    <object>
        <name>se</name>
        <pose>Unspecified</pose>
        <truncated>0</truncated>
        <difficult>0</difficult>
        <bndbox>
            <xmin>1189</xmin>
            <ymin>1491</ymin>
            <xmax>1199</xmax>
            <ymax>1495</ymax>
        </bndbox>
    </object>
    <object>
        <name>se</name>
        <pose>Unspecified</pose>
        <truncated>0</truncated>
        <difficult>0</difficult>
        <bndbox>
            <xmin>1249</xmin>
            <ymin>1303</ymin>
            <xmax>1335</xmax>
            <ymax>1353</ymax>
        </bndbox>
    </object>
    <object>
        <name>se</name>
        <pose>Unspecified</pose>
        <truncated>0</truncated>
        <difficult>0</difficult>
        <bndbox>
            <xmin>1377</xmin>
            <ymin>1367</ymin>
            <xmax>1519</xmax>
            <ymax>1461</ymax>
        </bndbox>
    </object>
    <object>
        <name>se</name>
        <pose>Unspecified</pose>
        <truncated>0</truncated>
        <difficult>0</difficult>
        <bndbox>
            <xmin>1397</xmin>
            <ymin>1167</ymin>
            <xmax>1477</xmax>
            <ymax>1233</ymax>
        </bndbox>
    </object>
    <object>
        <name>se</name>
        <pose>Unspecified</pose>
        <truncated>0</truncated>
        <difficult>0</difficult>
        <bndbox>
            <xmin>1449</xmin>
            <ymin>1275</ymin>
            <xmax>1533</xmax>
            <ymax>1371</ymax>
        </bndbox>
    </object>
    <object>
        <name>se</name>
        <pose>Unspecified</pose>
        <truncated>0</truncated>
        <difficult>0</difficult>
        <bndbox>
            <xmin>2021</xmin>
            <ymin>891</ymin>
            <xmax>2077</xmax>
            <ymax>933</ymax>
        </bndbox>
    </object>
    <object>
        <name>ma</name>
        <pose>Unspecified</pose>
        <truncated>0</truncated>
        <difficult>0</difficult>
        <bndbox>
            <xmin>1357</xmin>
            <ymin>709</ymin>
            <xmax>1363</xmax>
            <ymax>713</ymax>
        </bndbox>
    </object>
    <object>
        <name>ma</name>
        <pose>Unspecified</pose>
        <truncated>0</truncated>
        <difficult>0</difficult>
        <bndbox>
            <xmin>1403</xmin>
            <ymin>761</ymin>
            <xmax>1411</xmax>
            <ymax>771</ymax>
        </bndbox>
    </object>
    <object>
        <name>he</name>
        <pose>Unspecified</pose>
        <truncated>0</truncated>
        <difficult>0</difficult>
        <bndbox>
            <xmin>1437</xmin>
            <ymin>729</ymin>
            <xmax>1465</xmax>
            <ymax>743</ymax>
        </bndbox>
    </object>
    <object>
        <name>he</name>
        <pose>Unspecified</pose>
        <truncated>0</truncated>
        <difficult>0</difficult>
        <bndbox>
            <xmin>1873</xmin>
            <ymin>1161</ymin>
            <xmax>1917</xmax>
            <ymax>1247</ymax>
        </bndbox>
    </object>
    <object>
        <name>ex</name>
        <pose>Unspecified</pose>
        <truncated>0</truncated>
        <difficult>0</difficult>
        <bndbox>
            <xmin>971</xmin>
            <ymin>837</ymin>
            <xmax>993</xmax>
            <ymax>855</ymax>
        </bndbox>
    </object>
    <object>
        <name>ex</name>
        <pose>Unspecified</pose>
        <truncated>0</truncated>
        <difficult>0</difficult>
        <bndbox>
            <xmin>985</xmin>
            <ymin>869</ymin>
            <xmax>987</xmax>
            <ymax>871</ymax>
        </bndbox>
    </object>
    <object>
        <name>ex</name>
        <pose>Unspecified</pose>
        <truncated>0</truncated>
        <difficult>0</difficult>
        <bndbox>
            <xmin>991</xmin>
            <ymin>853</ymin>
            <xmax>997</xmax>
            <ymax>857</ymax>
        </bndbox>
    </object>
    <object>
        <name>ex</name>
        <pose>Unspecified</pose>
        <truncated>0</truncated>
        <difficult>0</difficult>
        <bndbox>
            <xmin>1009</xmin>
            <ymin>845</ymin>
            <xmax>1021</xmax>
            <ymax>851</ymax>
        </bndbox>
    </object>
    <object>
        <name>ex</name>
        <pose>Unspecified</pose>
        <truncated>0</truncated>
        <difficult>0</difficult>
        <bndbox>
            <xmin>1009</xmin>
            <ymin>889</ymin>
            <xmax>1017</xmax>
            <ymax>899</ymax>
        </bndbox>
    </object>
    <object>
        <name>ex</name>
        <pose>Unspecified</pose>
        <truncated>0</truncated>
        <difficult>0</difficult>
        <bndbox>
            <xmin>1013</xmin>
            <ymin>831</ymin>
            <xmax>1029</xmax>
            <ymax>837</ymax>
        </bndbox>
    </object>
    <object>
        <name>ex</name>
        <pose>Unspecified</pose>
        <truncated>0</truncated>
        <difficult>0</difficult>
        <bndbox>
            <xmin>1021</xmin>
            <ymin>861</ymin>
            <xmax>1023</xmax>
            <ymax>865</ymax>
        </bndbox>
    </object>
    <object>
        <name>ex</name>
        <pose>Unspecified</pose>
        <truncated>0</truncated>
        <difficult>0</difficult>
        <bndbox>
            <xmin>1029</xmin>
            <ymin>879</ymin>
            <xmax>1035</xmax>
            <ymax>885</ymax>
        </bndbox>
    </object>
    <object>
        <name>ex</name>
        <pose>Unspecified</pose>
        <truncated>0</truncated>
        <difficult>0</difficult>
        <bndbox>
            <xmin>1031</xmin>
            <ymin>797</ymin>
            <xmax>1043</xmax>
            <ymax>823</ymax>
        </bndbox>
    </object>
    <object>
        <name>ex</name>
        <pose>Unspecified</pose>
        <truncated>0</truncated>
        <difficult>0</difficult>
        <bndbox>
            <xmin>1031</xmin>
            <ymin>891</ymin>
            <xmax>1033</xmax>
            <ymax>893</ymax>
        </bndbox>
    </object>
    <object>
        <name>ex</name>
        <pose>Unspecified</pose>
        <truncated>0</truncated>
        <difficult>0</difficult>
        <bndbox>
            <xmin>1043</xmin>
            <ymin>855</ymin>
            <xmax>1051</xmax>
            <ymax>861</ymax>
        </bndbox>
    </object>
    <object>
        <name>ex</name>
        <pose>Unspecified</pose>
        <truncated>0</truncated>
        <difficult>0</difficult>
        <bndbox>
            <xmin>1065</xmin>
            <ymin>835</ymin>
            <xmax>1067</xmax>
            <ymax>837</ymax>
        </bndbox>
    </object>
    <object>
        <name>ex</name>
        <pose>Unspecified</pose>
        <truncated>0</truncated>
        <difficult>0</difficult>
        <bndbox>
            <xmin>1069</xmin>
            <ymin>811</ymin>
            <xmax>1091</xmax>
            <ymax>831</ymax>
        </bndbox>
    </object>
    <object>
        <name>ex</name>
        <pose>Unspecified</pose>
        <truncated>0</truncated>
        <difficult>0</difficult>
        <bndbox>
            <xmin>1085</xmin>
            <ymin>787</ymin>
            <xmax>1105</xmax>
            <ymax>807</ymax>
        </bndbox>
    </object>
    <object>
        <name>ex</name>
        <pose>Unspecified</pose>
        <truncated>0</truncated>
        <difficult>0</difficult>
        <bndbox>
            <xmin>1095</xmin>
            <ymin>813</ymin>
            <xmax>1099</xmax>
            <ymax>817</ymax>
        </bndbox>
    </object>
</annotation>