<annotation>
    <folder>OurDataset</folder>
    <filename>007-4252-200.jpg</filename>
    <size>
        <width>2592</width>
        <height>1728</height>
        <depth>3</depth>
    </size>
    <object>
        <name>ex</name>
        <pose>Unspecified</pose>
        <truncated>0</truncated>
        <difficult>0</difficult>
        <bndbox>
            <xmin>1113</xmin>
            <ymin>1167</ymin>
            <xmax>1127</xmax>
            <ymax>1183</ymax>
        </bndbox>
    </object>
    <object>
        <name>ex</name>
        <pose>Unspecified</pose>
        <truncated>0</truncated>
        <difficult>0</difficult>
        <bndbox>
            <xmin>1289</xmin>
            <ymin>959</ymin>
            <xmax>1303</xmax>
            <ymax>969</ymax>
        </bndbox>
    </object>
    <object>
        <name>ex</name>
        <pose>Unspecified</pose>
        <truncated>0</truncated>
        <difficult>0</difficult>
        <bndbox>
            <xmin>1357</xmin>
            <ymin>1065</ymin>
            <xmax>1383</xmax>
            <ymax>1079</ymax>
        </bndbox>
    </object>
    <object>
        <name>ma</name>
        <pose>Unspecified</pose>
        <truncated>0</truncated>
        <difficult>0</difficult>
        <bndbox>
            <xmin>859</xmin>
            <ymin>1023</ymin>
            <xmax>863</xmax>
            <ymax>1029</ymax>
        </bndbox>
    </object>
    <object>
        <name>ma</name>
        <pose>Unspecified</pose>
        <truncated>0</truncated>
        <difficult>0</difficult>
        <bndbox>
            <xmin>863</xmin>
            <ymin>1021</ymin>
            <xmax>865</xmax>
            <ymax>1025</ymax>
        </bndbox>
    </object>
    <object>
        <name>ma</name>
        <pose>Unspecified</pose>
        <truncated>0</truncated>
        <difficult>0</difficult>
        <bndbox>
            <xmin>929</xmin>
            <ymin>515</ymin>
            <xmax>937</xmax>
            <ymax>523</ymax>
        </bndbox>
    </object>
    <object>
        <name>ma</name>
        <pose>Unspecified</pose>
        <truncated>0</truncated>
        <difficult>0</difficult>
        <bndbox>
            <xmin>935</xmin>
            <ymin>1165</ymin>
            <xmax>943</xmax>
            <ymax>1179</ymax>
        </bndbox>
    </object>
    <object>
        <name>ma</name>
        <pose>Unspecified</pose>
        <truncated>0</truncated>
        <difficult>0</difficult>
        <bndbox>
            <xmin>947</xmin>
            <ymin>545</ymin>
            <xmax>953</xmax>
            <ymax>551</ymax>
        </bndbox>
    </object>
    <object>
        <name>ma</name>
        <pose>Unspecified</pose>
        <truncated>0</truncated>
        <difficult>0</difficult>
        <bndbox>
            <xmin>957</xmin>
            <ymin>1137</ymin>
            <xmax>965</xmax>
            <ymax>1147</ymax>
        </bndbox>
    </object>
    <object>
        <name>ma</name>
        <pose>Unspecified</pose>
        <truncated>0</truncated>
        <difficult>0</difficult>
        <bndbox>
            <xmin>1097</xmin>
            <ymin>869</ymin>
            <xmax>1109</xmax>
            <ymax>895</ymax>
        </bndbox>
    </object>
    <object>
        <name>ma</name>
        <pose>Unspecified</pose>
        <truncated>0</truncated>
        <difficult>0</difficult>
        <bndbox>
            <xmin>1189</xmin>
            <ymin>581</ymin>
            <xmax>1205</xmax>
            <ymax>597</ymax>
        </bndbox>
    </object>
    <object>
        <name>ma</name>
        <pose>Unspecified</pose>
        <truncated>0</truncated>
        <difficult>0</difficult>
        <bndbox>
            <xmin>1247</xmin>
            <ymin>1505</ymin>
            <xmax>1255</xmax>
            <ymax>1517</ymax>
        </bndbox>
    </object>
    <object>
        <name>ma</name>
        <pose>Unspecified</pose>
        <truncated>0</truncated>
        <difficult>0</difficult>
        <bndbox>
            <xmin>1267</xmin>
            <ymin>1541</ymin>
            <xmax>1279</xmax>
            <ymax>1551</ymax>
        </bndbox>
    </object>
    <object>
        <name>ma</name>
        <pose>Unspecified</pose>
        <truncated>0</truncated>
        <difficult>0</difficult>
        <bndbox>
            <xmin>1269</xmin>
            <ymin>405</ymin>
            <xmax>1273</xmax>
            <ymax>409</ymax>
        </bndbox>
    </object>
    <object>
        <name>ma</name>
        <pose>Unspecified</pose>
        <truncated>0</truncated>
        <difficult>0</difficult>
        <bndbox>
            <xmin>1313</xmin>
            <ymin>1097</ymin>
            <xmax>1315</xmax>
            <ymax>1101</ymax>
        </bndbox>
    </object>
    <object>
        <name>ma</name>
        <pose>Unspecified</pose>
        <truncated>0</truncated>
        <difficult>0</difficult>
        <bndbox>
            <xmin>1365</xmin>
            <ymin>1411</ymin>
            <xmax>1371</xmax>
            <ymax>1417</ymax>
        </bndbox>
    </object>
    <object>
        <name>ma</name>
        <pose>Unspecified</pose>
        <truncated>0</truncated>
        <difficult>0</difficult>
        <bndbox>
            <xmin>1385</xmin>
            <ymin>1179</ymin>
            <xmax>1389</xmax>
            <ymax>1183</ymax>
        </bndbox>
    </object>
    <object>
        <name>ma</name>
        <pose>Unspecified</pose>
        <truncated>0</truncated>
        <difficult>0</difficult>
        <bndbox>
            <xmin>1617</xmin>
            <ymin>981</ymin>
            <xmax>1625</xmax>
            <ymax>987</ymax>
        </bndbox>
    </object>
    <object>
        <name>ma</name>
        <pose>Unspecified</pose>
        <truncated>0</truncated>
        <difficult>0</difficult>
        <bndbox>
            <xmin>1625</xmin>
            <ymin>973</ymin>
            <xmax>1629</xmax>
            <ymax>977</ymax>
        </bndbox>
    </object>
    <object>
        <name>ma</name>
        <pose>Unspecified</pose>
        <truncated>0</truncated>
        <difficult>0</difficult>
        <bndbox>
            <xmin>1645</xmin>
            <ymin>861</ymin>
            <xmax>1653</xmax>
            <ymax>873</ymax>
        </bndbox>
    </object>
    <object>
        <name>he</name>
        <pose>Unspecified</pose>
        <truncated>0</truncated>
        <difficult>0</difficult>
        <bndbox>
            <xmin>709</xmin>
            <ymin>673</ymin>
            <xmax>763</xmax>
            <ymax>699</ymax>
        </bndbox>
    </object>
    <object>
        <name>he</name>
        <pose>Unspecified</pose>
        <truncated>0</truncated>
        <difficult>0</difficult>
        <bndbox>
            <xmin>1261</xmin>
            <ymin>1373</ymin>
            <xmax>1297</xmax>
            <ymax>1393</ymax>
        </bndbox>
    </object>
    <object>
        <name>he</name>
        <pose>Unspecified</pose>
        <truncated>0</truncated>
        <difficult>0</difficult>
        <bndbox>
            <xmin>1305</xmin>
            <ymin>1385</ymin>
            <xmax>1321</xmax>
            <ymax>1393</ymax>
        </bndbox>
    </object>
    <object>
        <name>he</name>
        <pose>Unspecified</pose>
        <truncated>0</truncated>
        <difficult>0</difficult>
        <bndbox>
            <xmin>1351</xmin>
            <ymin>1003</ymin>
            <xmax>1371</xmax>
            <ymax>1019</ymax>
        </bndbox>
    </object>
    <object>
        <name>ex</name>
        <pose>Unspecified</pose>
        <truncated>0</truncated>
        <difficult>0</difficult>
        <bndbox>
            <xmin>1113</xmin>
            <ymin>1167</ymin>
            <xmax>1127</xmax>
            <ymax>1183</ymax>
        </bndbox>
    </object>
    <object>
        <name>ex</name>
        <pose>Unspecified</pose>
        <truncated>0</truncated>
        <difficult>0</difficult>
        <bndbox>
            <xmin>1289</xmin>
            <ymin>959</ymin>
            <xmax>1303</xmax>
            <ymax>969</ymax>
        </bndbox>
    </object>
    <object>
        <name>ex</name>
        <pose>Unspecified</pose>
        <truncated>0</truncated>
        <difficult>0</difficult>
        <bndbox>
            <xmin>1357</xmin>
            <ymin>1065</ymin>
            <xmax>1383</xmax>
            <ymax>1079</ymax>
        </bndbox>
    </object>
    <object>
        <name>ma</name>
        <pose>Unspecified</pose>
        <truncated>0</truncated>
        <difficult>0</difficult>
        <bndbox>
            <xmin>859</xmin>
            <ymin>1023</ymin>
            <xmax>863</xmax>
            <ymax>1029</ymax>
        </bndbox>
    </object>
    <object>
        <name>ma</name>
        <pose>Unspecified</pose>
        <truncated>0</truncated>
        <difficult>0</difficult>
        <bndbox>
            <xmin>863</xmin>
            <ymin>1021</ymin>
            <xmax>865</xmax>
            <ymax>1025</ymax>
        </bndbox>
    </object>
    <object>
        <name>ma</name>
        <pose>Unspecified</pose>
        <truncated>0</truncated>
        <difficult>0</difficult>
        <bndbox>
            <xmin>929</xmin>
            <ymin>515</ymin>
            <xmax>937</xmax>
            <ymax>523</ymax>
        </bndbox>
    </object>
    <object>
        <name>ma</name>
        <pose>Unspecified</pose>
        <truncated>0</truncated>
        <difficult>0</difficult>
        <bndbox>
            <xmin>935</xmin>
            <ymin>1165</ymin>
            <xmax>943</xmax>
            <ymax>1179</ymax>
        </bndbox>
    </object>
    <object>
        <name>ma</name>
        <pose>Unspecified</pose>
        <truncated>0</truncated>
        <difficult>0</difficult>
        <bndbox>
            <xmin>947</xmin>
            <ymin>545</ymin>
            <xmax>953</xmax>
            <ymax>551</ymax>
        </bndbox>
    </object>
    <object>
        <name>ma</name>
        <pose>Unspecified</pose>
        <truncated>0</truncated>
        <difficult>0</difficult>
        <bndbox>
            <xmin>957</xmin>
            <ymin>1137</ymin>
            <xmax>965</xmax>
            <ymax>1147</ymax>
        </bndbox>
    </object>
    <object>
        <name>ma</name>
        <pose>Unspecified</pose>
        <truncated>0</truncated>
        <difficult>0</difficult>
        <bndbox>
            <xmin>1097</xmin>
            <ymin>869</ymin>
            <xmax>1109</xmax>
            <ymax>895</ymax>
        </bndbox>
    </object>
    <object>
        <name>ma</name>
        <pose>Unspecified</pose>
        <truncated>0</truncated>
        <difficult>0</difficult>
        <bndbox>
            <xmin>1189</xmin>
            <ymin>581</ymin>
            <xmax>1205</xmax>
            <ymax>597</ymax>
        </bndbox>
    </object>
    <object>
        <name>ma</name>
        <pose>Unspecified</pose>
        <truncated>0</truncated>
        <difficult>0</difficult>
        <bndbox>
            <xmin>1247</xmin>
            <ymin>1505</ymin>
            <xmax>1255</xmax>
            <ymax>1517</ymax>
        </bndbox>
    </object>
    <object>
        <name>ma</name>
        <pose>Unspecified</pose>
        <truncated>0</truncated>
        <difficult>0</difficult>
        <bndbox>
            <xmin>1267</xmin>
            <ymin>1541</ymin>
            <xmax>1279</xmax>
            <ymax>1551</ymax>
        </bndbox>
    </object>
    <object>
        <name>ma</name>
        <pose>Unspecified</pose>
        <truncated>0</truncated>
        <difficult>0</difficult>
        <bndbox>
            <xmin>1269</xmin>
            <ymin>405</ymin>
            <xmax>1273</xmax>
            <ymax>409</ymax>
        </bndbox>
    </object>
    <object>
        <name>ma</name>
        <pose>Unspecified</pose>
        <truncated>0</truncated>
        <difficult>0</difficult>
        <bndbox>
            <xmin>1313</xmin>
            <ymin>1097</ymin>
            <xmax>1315</xmax>
            <ymax>1101</ymax>
        </bndbox>
    </object>
    <object>
        <name>ma</name>
        <pose>Unspecified</pose>
        <truncated>0</truncated>
        <difficult>0</difficult>
        <bndbox>
            <xmin>1365</xmin>
            <ymin>1411</ymin>
            <xmax>1371</xmax>
            <ymax>1417</ymax>
        </bndbox>
    </object>
    <object>
        <name>ma</name>
        <pose>Unspecified</pose>
        <truncated>0</truncated>
        <difficult>0</difficult>
        <bndbox>
            <xmin>1385</xmin>
            <ymin>1179</ymin>
            <xmax>1389</xmax>
            <ymax>1183</ymax>
        </bndbox>
    </object>
    <object>
        <name>ma</name>
        <pose>Unspecified</pose>
        <truncated>0</truncated>
        <difficult>0</difficult>
        <bndbox>
            <xmin>1617</xmin>
            <ymin>981</ymin>
            <xmax>1625</xmax>
            <ymax>987</ymax>
        </bndbox>
    </object>
    <object>
        <name>ma</name>
        <pose>Unspecified</pose>
        <truncated>0</truncated>
        <difficult>0</difficult>
        <bndbox>
            <xmin>1625</xmin>
            <ymin>973</ymin>
            <xmax>1629</xmax>
            <ymax>977</ymax>
        </bndbox>
    </object>
    <object>
        <name>ma</name>
        <pose>Unspecified</pose>
        <truncated>0</truncated>
        <difficult>0</difficult>
        <bndbox>
            <xmin>1645</xmin>
            <ymin>861</ymin>
            <xmax>1653</xmax>
            <ymax>873</ymax>
        </bndbox>
    </object>
    <object>
        <name>he</name>
        <pose>Unspecified</pose>
        <truncated>0</truncated>
        <difficult>0</difficult>
        <bndbox>
            <xmin>709</xmin>
            <ymin>673</ymin>
            <xmax>763</xmax>
            <ymax>699</ymax>
        </bndbox>
    </object>
    <object>
        <name>he</name>
        <pose>Unspecified</pose>
        <truncated>0</truncated>
        <difficult>0</difficult>
        <bndbox>
            <xmin>1261</xmin>
            <ymin>1373</ymin>
            <xmax>1297</xmax>
            <ymax>1393</ymax>
        </bndbox>
    </object>
    <object>
        <name>he</name>
        <pose>Unspecified</pose>
        <truncated>0</truncated>
        <difficult>0</difficult>
        <bndbox>
            <xmin>1305</xmin>
            <ymin>1385</ymin>
            <xmax>1321</xmax>
            <ymax>1393</ymax>
        </bndbox>
    </object>
    <object>
        <name>he</name>
        <pose>Unspecified</pose>
        <truncated>0</truncated>
        <difficult>0</difficult>
        <bndbox>
            <xmin>1351</xmin>
            <ymin>1003</ymin>
            <xmax>1371</xmax>
            <ymax>1019</ymax>
        </bndbox>
    </object>
    <object>
        <name>ex</name>
        <pose>Unspecified</pose>
        <truncated>0</truncated>
        <difficult>0</difficult>
        <bndbox>
            <xmin>1113</xmin>
            <ymin>1167</ymin>
            <xmax>1127</xmax>
            <ymax>1183</ymax>
        </bndbox>
    </object>
    <object>
        <name>ex</name>
        <pose>Unspecified</pose>
        <truncated>0</truncated>
        <difficult>0</difficult>
        <bndbox>
            <xmin>1289</xmin>
            <ymin>959</ymin>
            <xmax>1303</xmax>
            <ymax>969</ymax>
        </bndbox>
    </object>
    <object>
        <name>ex</name>
        <pose>Unspecified</pose>
        <truncated>0</truncated>
        <difficult>0</difficult>
        <bndbox>
            <xmin>1357</xmin>
            <ymin>1065</ymin>
            <xmax>1383</xmax>
            <ymax>1079</ymax>
        </bndbox>
    </object>
</annotation>