<annotation>
    <folder>OurDataset</folder>
    <filename>007-5701-300.jpg</filename>
    <size>
        <width>3888</width>
        <height>2592</height>
        <depth>3</depth>
    </size>
    <object>
        <name>ex</name>
        <pose>Unspecified</pose>
        <truncated>0</truncated>
        <difficult>0</difficult>
        <bndbox>
            <xmin>2043</xmin>
            <ymin>1335</ymin>
            <xmax>2075</xmax>
            <ymax>1365</ymax>
        </bndbox>
    </object>
    <object>
        <name>ex</name>
        <pose>Unspecified</pose>
        <truncated>0</truncated>
        <difficult>0</difficult>
        <bndbox>
            <xmin>2263</xmin>
            <ymin>665</ymin>
            <xmax>2267</xmax>
            <ymax>671</ymax>
        </bndbox>
    </object>
    <object>
        <name>ex</name>
        <pose>Unspecified</pose>
        <truncated>0</truncated>
        <difficult>0</difficult>
        <bndbox>
            <xmin>2279</xmin>
            <ymin>579</ymin>
            <xmax>2301</xmax>
            <ymax>599</ymax>
        </bndbox>
    </object>
    <object>
        <name>ex</name>
        <pose>Unspecified</pose>
        <truncated>0</truncated>
        <difficult>0</difficult>
        <bndbox>
            <xmin>2303</xmin>
            <ymin>675</ymin>
            <xmax>2311</xmax>
            <ymax>687</ymax>
        </bndbox>
    </object>
    <object>
        <name>se</name>
        <pose>Unspecified</pose>
        <truncated>0</truncated>
        <difficult>0</difficult>
        <bndbox>
            <xmin>2663</xmin>
            <ymin>569</ymin>
            <xmax>2707</xmax>
            <ymax>617</ymax>
        </bndbox>
    </object>
    <object>
        <name>ma</name>
        <pose>Unspecified</pose>
        <truncated>0</truncated>
        <difficult>0</difficult>
        <bndbox>
            <xmin>1895</xmin>
            <ymin>479</ymin>
            <xmax>1901</xmax>
            <ymax>489</ymax>
        </bndbox>
    </object>
    <object>
        <name>ma</name>
        <pose>Unspecified</pose>
        <truncated>0</truncated>
        <difficult>0</difficult>
        <bndbox>
            <xmin>1933</xmin>
            <ymin>1655</ymin>
            <xmax>1959</xmax>
            <ymax>1665</ymax>
        </bndbox>
    </object>
    <object>
        <name>ma</name>
        <pose>Unspecified</pose>
        <truncated>0</truncated>
        <difficult>0</difficult>
        <bndbox>
            <xmin>1949</xmin>
            <ymin>501</ymin>
            <xmax>1961</xmax>
            <ymax>509</ymax>
        </bndbox>
    </object>
    <object>
        <name>ma</name>
        <pose>Unspecified</pose>
        <truncated>0</truncated>
        <difficult>0</difficult>
        <bndbox>
            <xmin>2001</xmin>
            <ymin>1845</ymin>
            <xmax>2007</xmax>
            <ymax>1853</ymax>
        </bndbox>
    </object>
    <object>
        <name>ma</name>
        <pose>Unspecified</pose>
        <truncated>0</truncated>
        <difficult>0</difficult>
        <bndbox>
            <xmin>2103</xmin>
            <ymin>1845</ymin>
            <xmax>2115</xmax>
            <ymax>1857</ymax>
        </bndbox>
    </object>
    <object>
        <name>ma</name>
        <pose>Unspecified</pose>
        <truncated>0</truncated>
        <difficult>0</difficult>
        <bndbox>
            <xmin>2225</xmin>
            <ymin>1661</ymin>
            <xmax>2233</xmax>
            <ymax>1673</ymax>
        </bndbox>
    </object>
    <object>
        <name>ma</name>
        <pose>Unspecified</pose>
        <truncated>0</truncated>
        <difficult>0</difficult>
        <bndbox>
            <xmin>2227</xmin>
            <ymin>949</ymin>
            <xmax>2233</xmax>
            <ymax>953</ymax>
        </bndbox>
    </object>
    <object>
        <name>ma</name>
        <pose>Unspecified</pose>
        <truncated>0</truncated>
        <difficult>0</difficult>
        <bndbox>
            <xmin>2289</xmin>
            <ymin>1977</ymin>
            <xmax>2309</xmax>
            <ymax>1995</ymax>
        </bndbox>
    </object>
    <object>
        <name>ma</name>
        <pose>Unspecified</pose>
        <truncated>0</truncated>
        <difficult>0</difficult>
        <bndbox>
            <xmin>2339</xmin>
            <ymin>927</ymin>
            <xmax>2357</xmax>
            <ymax>941</ymax>
        </bndbox>
    </object>
    <object>
        <name>ma</name>
        <pose>Unspecified</pose>
        <truncated>0</truncated>
        <difficult>0</difficult>
        <bndbox>
            <xmin>2389</xmin>
            <ymin>811</ymin>
            <xmax>2401</xmax>
            <ymax>819</ymax>
        </bndbox>
    </object>
    <object>
        <name>ma</name>
        <pose>Unspecified</pose>
        <truncated>0</truncated>
        <difficult>0</difficult>
        <bndbox>
            <xmin>2405</xmin>
            <ymin>1651</ymin>
            <xmax>2427</xmax>
            <ymax>1685</ymax>
        </bndbox>
    </object>
    <object>
        <name>ma</name>
        <pose>Unspecified</pose>
        <truncated>0</truncated>
        <difficult>0</difficult>
        <bndbox>
            <xmin>2407</xmin>
            <ymin>1455</ymin>
            <xmax>2423</xmax>
            <ymax>1465</ymax>
        </bndbox>
    </object>
    <object>
        <name>ma</name>
        <pose>Unspecified</pose>
        <truncated>0</truncated>
        <difficult>0</difficult>
        <bndbox>
            <xmin>2455</xmin>
            <ymin>681</ymin>
            <xmax>2463</xmax>
            <ymax>689</ymax>
        </bndbox>
    </object>
    <object>
        <name>ma</name>
        <pose>Unspecified</pose>
        <truncated>0</truncated>
        <difficult>0</difficult>
        <bndbox>
            <xmin>2469</xmin>
            <ymin>1675</ymin>
            <xmax>2489</xmax>
            <ymax>1689</ymax>
        </bndbox>
    </object>
    <object>
        <name>ma</name>
        <pose>Unspecified</pose>
        <truncated>0</truncated>
        <difficult>0</difficult>
        <bndbox>
            <xmin>2473</xmin>
            <ymin>1639</ymin>
            <xmax>2479</xmax>
            <ymax>1643</ymax>
        </bndbox>
    </object>
    <object>
        <name>ma</name>
        <pose>Unspecified</pose>
        <truncated>0</truncated>
        <difficult>0</difficult>
        <bndbox>
            <xmin>2483</xmin>
            <ymin>1661</ymin>
            <xmax>2497</xmax>
            <ymax>1673</ymax>
        </bndbox>
    </object>
    <object>
        <name>ma</name>
        <pose>Unspecified</pose>
        <truncated>0</truncated>
        <difficult>0</difficult>
        <bndbox>
            <xmin>2497</xmin>
            <ymin>1643</ymin>
            <xmax>2509</xmax>
            <ymax>1661</ymax>
        </bndbox>
    </object>
    <object>
        <name>ma</name>
        <pose>Unspecified</pose>
        <truncated>0</truncated>
        <difficult>0</difficult>
        <bndbox>
            <xmin>2507</xmin>
            <ymin>807</ymin>
            <xmax>2513</xmax>
            <ymax>813</ymax>
        </bndbox>
    </object>
    <object>
        <name>ma</name>
        <pose>Unspecified</pose>
        <truncated>0</truncated>
        <difficult>0</difficult>
        <bndbox>
            <xmin>2527</xmin>
            <ymin>1583</ymin>
            <xmax>2533</xmax>
            <ymax>1587</ymax>
        </bndbox>
    </object>
    <object>
        <name>ma</name>
        <pose>Unspecified</pose>
        <truncated>0</truncated>
        <difficult>0</difficult>
        <bndbox>
            <xmin>2555</xmin>
            <ymin>1563</ymin>
            <xmax>2569</xmax>
            <ymax>1571</ymax>
        </bndbox>
    </object>
    <object>
        <name>ma</name>
        <pose>Unspecified</pose>
        <truncated>0</truncated>
        <difficult>0</difficult>
        <bndbox>
            <xmin>2607</xmin>
            <ymin>1873</ymin>
            <xmax>2635</xmax>
            <ymax>1903</ymax>
        </bndbox>
    </object>
    <object>
        <name>ma</name>
        <pose>Unspecified</pose>
        <truncated>0</truncated>
        <difficult>0</difficult>
        <bndbox>
            <xmin>2693</xmin>
            <ymin>1615</ymin>
            <xmax>2697</xmax>
            <ymax>1623</ymax>
        </bndbox>
    </object>
    <object>
        <name>ma</name>
        <pose>Unspecified</pose>
        <truncated>0</truncated>
        <difficult>0</difficult>
        <bndbox>
            <xmin>2699</xmin>
            <ymin>1643</ymin>
            <xmax>2701</xmax>
            <ymax>1647</ymax>
        </bndbox>
    </object>
    <object>
        <name>ma</name>
        <pose>Unspecified</pose>
        <truncated>0</truncated>
        <difficult>0</difficult>
        <bndbox>
            <xmin>2703</xmin>
            <ymin>1753</ymin>
            <xmax>2709</xmax>
            <ymax>1757</ymax>
        </bndbox>
    </object>
    <object>
        <name>ma</name>
        <pose>Unspecified</pose>
        <truncated>0</truncated>
        <difficult>0</difficult>
        <bndbox>
            <xmin>2731</xmin>
            <ymin>1753</ymin>
            <xmax>2737</xmax>
            <ymax>1761</ymax>
        </bndbox>
    </object>
    <object>
        <name>ma</name>
        <pose>Unspecified</pose>
        <truncated>0</truncated>
        <difficult>0</difficult>
        <bndbox>
            <xmin>2753</xmin>
            <ymin>1727</ymin>
            <xmax>2757</xmax>
            <ymax>1737</ymax>
        </bndbox>
    </object>
    <object>
        <name>ma</name>
        <pose>Unspecified</pose>
        <truncated>0</truncated>
        <difficult>0</difficult>
        <bndbox>
            <xmin>2825</xmin>
            <ymin>1641</ymin>
            <xmax>2833</xmax>
            <ymax>1647</ymax>
        </bndbox>
    </object>
    <object>
        <name>ma</name>
        <pose>Unspecified</pose>
        <truncated>0</truncated>
        <difficult>0</difficult>
        <bndbox>
            <xmin>2875</xmin>
            <ymin>1719</ymin>
            <xmax>2885</xmax>
            <ymax>1731</ymax>
        </bndbox>
    </object>
    <object>
        <name>ma</name>
        <pose>Unspecified</pose>
        <truncated>0</truncated>
        <difficult>0</difficult>
        <bndbox>
            <xmin>2885</xmin>
            <ymin>1247</ymin>
            <xmax>2905</xmax>
            <ymax>1259</ymax>
        </bndbox>
    </object>
    <object>
        <name>he</name>
        <pose>Unspecified</pose>
        <truncated>0</truncated>
        <difficult>0</difficult>
        <bndbox>
            <xmin>2513</xmin>
            <ymin>1605</ymin>
            <xmax>2547</xmax>
            <ymax>1649</ymax>
        </bndbox>
    </object>
    <object>
        <name>he</name>
        <pose>Unspecified</pose>
        <truncated>0</truncated>
        <difficult>0</difficult>
        <bndbox>
            <xmin>2525</xmin>
            <ymin>1671</ymin>
            <xmax>2549</xmax>
            <ymax>1699</ymax>
        </bndbox>
    </object>
    <object>
        <name>he</name>
        <pose>Unspecified</pose>
        <truncated>0</truncated>
        <difficult>0</difficult>
        <bndbox>
            <xmin>2541</xmin>
            <ymin>1719</ymin>
            <xmax>2577</xmax>
            <ymax>1759</ymax>
        </bndbox>
    </object>
    <object>
        <name>he</name>
        <pose>Unspecified</pose>
        <truncated>0</truncated>
        <difficult>0</difficult>
        <bndbox>
            <xmin>2595</xmin>
            <ymin>1631</ymin>
            <xmax>2685</xmax>
            <ymax>1727</ymax>
        </bndbox>
    </object>
    <object>
        <name>he</name>
        <pose>Unspecified</pose>
        <truncated>0</truncated>
        <difficult>0</difficult>
        <bndbox>
            <xmin>2653</xmin>
            <ymin>1785</ymin>
            <xmax>2655</xmax>
            <ymax>1789</ymax>
        </bndbox>
    </object>
    <object>
        <name>he</name>
        <pose>Unspecified</pose>
        <truncated>0</truncated>
        <difficult>0</difficult>
        <bndbox>
            <xmin>2661</xmin>
            <ymin>1781</ymin>
            <xmax>2671</xmax>
            <ymax>1791</ymax>
        </bndbox>
    </object>
    <object>
        <name>he</name>
        <pose>Unspecified</pose>
        <truncated>0</truncated>
        <difficult>0</difficult>
        <bndbox>
            <xmin>2669</xmin>
            <ymin>1803</ymin>
            <xmax>2679</xmax>
            <ymax>1815</ymax>
        </bndbox>
    </object>
    <object>
        <name>he</name>
        <pose>Unspecified</pose>
        <truncated>0</truncated>
        <difficult>0</difficult>
        <bndbox>
            <xmin>2673</xmin>
            <ymin>1819</ymin>
            <xmax>2711</xmax>
            <ymax>1845</ymax>
        </bndbox>
    </object>
    <object>
        <name>he</name>
        <pose>Unspecified</pose>
        <truncated>0</truncated>
        <difficult>0</difficult>
        <bndbox>
            <xmin>2681</xmin>
            <ymin>1849</ymin>
            <xmax>2685</xmax>
            <ymax>1855</ymax>
        </bndbox>
    </object>
    <object>
        <name>ex</name>
        <pose>Unspecified</pose>
        <truncated>0</truncated>
        <difficult>0</difficult>
        <bndbox>
            <xmin>2043</xmin>
            <ymin>1335</ymin>
            <xmax>2075</xmax>
            <ymax>1365</ymax>
        </bndbox>
    </object>
    <object>
        <name>ex</name>
        <pose>Unspecified</pose>
        <truncated>0</truncated>
        <difficult>0</difficult>
        <bndbox>
            <xmin>2263</xmin>
            <ymin>665</ymin>
            <xmax>2267</xmax>
            <ymax>671</ymax>
        </bndbox>
    </object>
    <object>
        <name>ex</name>
        <pose>Unspecified</pose>
        <truncated>0</truncated>
        <difficult>0</difficult>
        <bndbox>
            <xmin>2279</xmin>
            <ymin>579</ymin>
            <xmax>2301</xmax>
            <ymax>599</ymax>
        </bndbox>
    </object>
    <object>
        <name>ex</name>
        <pose>Unspecified</pose>
        <truncated>0</truncated>
        <difficult>0</difficult>
        <bndbox>
            <xmin>2303</xmin>
            <ymin>675</ymin>
            <xmax>2311</xmax>
            <ymax>687</ymax>
        </bndbox>
    </object>
    <object>
        <name>se</name>
        <pose>Unspecified</pose>
        <truncated>0</truncated>
        <difficult>0</difficult>
        <bndbox>
            <xmin>2663</xmin>
            <ymin>569</ymin>
            <xmax>2707</xmax>
            <ymax>617</ymax>
        </bndbox>
    </object>
    <object>
        <name>ma</name>
        <pose>Unspecified</pose>
        <truncated>0</truncated>
        <difficult>0</difficult>
        <bndbox>
            <xmin>1895</xmin>
            <ymin>479</ymin>
            <xmax>1901</xmax>
            <ymax>489</ymax>
        </bndbox>
    </object>
    <object>
        <name>ma</name>
        <pose>Unspecified</pose>
        <truncated>0</truncated>
        <difficult>0</difficult>
        <bndbox>
            <xmin>1933</xmin>
            <ymin>1655</ymin>
            <xmax>1959</xmax>
            <ymax>1665</ymax>
        </bndbox>
    </object>
    <object>
        <name>ma</name>
        <pose>Unspecified</pose>
        <truncated>0</truncated>
        <difficult>0</difficult>
        <bndbox>
            <xmin>1949</xmin>
            <ymin>501</ymin>
            <xmax>1961</xmax>
            <ymax>509</ymax>
        </bndbox>
    </object>
    <object>
        <name>ma</name>
        <pose>Unspecified</pose>
        <truncated>0</truncated>
        <difficult>0</difficult>
        <bndbox>
            <xmin>2001</xmin>
            <ymin>1845</ymin>
            <xmax>2007</xmax>
            <ymax>1853</ymax>
        </bndbox>
    </object>
    <object>
        <name>ma</name>
        <pose>Unspecified</pose>
        <truncated>0</truncated>
        <difficult>0</difficult>
        <bndbox>
            <xmin>2103</xmin>
            <ymin>1845</ymin>
            <xmax>2115</xmax>
            <ymax>1857</ymax>
        </bndbox>
    </object>
    <object>
        <name>ma</name>
        <pose>Unspecified</pose>
        <truncated>0</truncated>
        <difficult>0</difficult>
        <bndbox>
            <xmin>2225</xmin>
            <ymin>1661</ymin>
            <xmax>2233</xmax>
            <ymax>1673</ymax>
        </bndbox>
    </object>
    <object>
        <name>ma</name>
        <pose>Unspecified</pose>
        <truncated>0</truncated>
        <difficult>0</difficult>
        <bndbox>
            <xmin>2227</xmin>
            <ymin>949</ymin>
            <xmax>2233</xmax>
            <ymax>953</ymax>
        </bndbox>
    </object>
    <object>
        <name>ma</name>
        <pose>Unspecified</pose>
        <truncated>0</truncated>
        <difficult>0</difficult>
        <bndbox>
            <xmin>2289</xmin>
            <ymin>1977</ymin>
            <xmax>2309</xmax>
            <ymax>1995</ymax>
        </bndbox>
    </object>
    <object>
        <name>ma</name>
        <pose>Unspecified</pose>
        <truncated>0</truncated>
        <difficult>0</difficult>
        <bndbox>
            <xmin>2339</xmin>
            <ymin>927</ymin>
            <xmax>2357</xmax>
            <ymax>941</ymax>
        </bndbox>
    </object>
    <object>
        <name>ma</name>
        <pose>Unspecified</pose>
        <truncated>0</truncated>
        <difficult>0</difficult>
        <bndbox>
            <xmin>2389</xmin>
            <ymin>811</ymin>
            <xmax>2401</xmax>
            <ymax>819</ymax>
        </bndbox>
    </object>
    <object>
        <name>ma</name>
        <pose>Unspecified</pose>
        <truncated>0</truncated>
        <difficult>0</difficult>
        <bndbox>
            <xmin>2405</xmin>
            <ymin>1651</ymin>
            <xmax>2427</xmax>
            <ymax>1685</ymax>
        </bndbox>
    </object>
    <object>
        <name>ma</name>
        <pose>Unspecified</pose>
        <truncated>0</truncated>
        <difficult>0</difficult>
        <bndbox>
            <xmin>2407</xmin>
            <ymin>1455</ymin>
            <xmax>2423</xmax>
            <ymax>1465</ymax>
        </bndbox>
    </object>
    <object>
        <name>ma</name>
        <pose>Unspecified</pose>
        <truncated>0</truncated>
        <difficult>0</difficult>
        <bndbox>
            <xmin>2455</xmin>
            <ymin>681</ymin>
            <xmax>2463</xmax>
            <ymax>689</ymax>
        </bndbox>
    </object>
    <object>
        <name>ma</name>
        <pose>Unspecified</pose>
        <truncated>0</truncated>
        <difficult>0</difficult>
        <bndbox>
            <xmin>2469</xmin>
            <ymin>1675</ymin>
            <xmax>2489</xmax>
            <ymax>1689</ymax>
        </bndbox>
    </object>
    <object>
        <name>ma</name>
        <pose>Unspecified</pose>
        <truncated>0</truncated>
        <difficult>0</difficult>
        <bndbox>
            <xmin>2473</xmin>
            <ymin>1639</ymin>
            <xmax>2479</xmax>
            <ymax>1643</ymax>
        </bndbox>
    </object>
    <object>
        <name>ma</name>
        <pose>Unspecified</pose>
        <truncated>0</truncated>
        <difficult>0</difficult>
        <bndbox>
            <xmin>2483</xmin>
            <ymin>1661</ymin>
            <xmax>2497</xmax>
            <ymax>1673</ymax>
        </bndbox>
    </object>
    <object>
        <name>ma</name>
        <pose>Unspecified</pose>
        <truncated>0</truncated>
        <difficult>0</difficult>
        <bndbox>
            <xmin>2497</xmin>
            <ymin>1643</ymin>
            <xmax>2509</xmax>
            <ymax>1661</ymax>
        </bndbox>
    </object>
    <object>
        <name>ma</name>
        <pose>Unspecified</pose>
        <truncated>0</truncated>
        <difficult>0</difficult>
        <bndbox>
            <xmin>2507</xmin>
            <ymin>807</ymin>
            <xmax>2513</xmax>
            <ymax>813</ymax>
        </bndbox>
    </object>
    <object>
        <name>ma</name>
        <pose>Unspecified</pose>
        <truncated>0</truncated>
        <difficult>0</difficult>
        <bndbox>
            <xmin>2527</xmin>
            <ymin>1583</ymin>
            <xmax>2533</xmax>
            <ymax>1587</ymax>
        </bndbox>
    </object>
    <object>
        <name>ma</name>
        <pose>Unspecified</pose>
        <truncated>0</truncated>
        <difficult>0</difficult>
        <bndbox>
            <xmin>2555</xmin>
            <ymin>1563</ymin>
            <xmax>2569</xmax>
            <ymax>1571</ymax>
        </bndbox>
    </object>
    <object>
        <name>ma</name>
        <pose>Unspecified</pose>
        <truncated>0</truncated>
        <difficult>0</difficult>
        <bndbox>
            <xmin>2607</xmin>
            <ymin>1873</ymin>
            <xmax>2635</xmax>
            <ymax>1903</ymax>
        </bndbox>
    </object>
    <object>
        <name>ma</name>
        <pose>Unspecified</pose>
        <truncated>0</truncated>
        <difficult>0</difficult>
        <bndbox>
            <xmin>2693</xmin>
            <ymin>1615</ymin>
            <xmax>2697</xmax>
            <ymax>1623</ymax>
        </bndbox>
    </object>
    <object>
        <name>ma</name>
        <pose>Unspecified</pose>
        <truncated>0</truncated>
        <difficult>0</difficult>
        <bndbox>
            <xmin>2699</xmin>
            <ymin>1643</ymin>
            <xmax>2701</xmax>
            <ymax>1647</ymax>
        </bndbox>
    </object>
    <object>
        <name>ma</name>
        <pose>Unspecified</pose>
        <truncated>0</truncated>
        <difficult>0</difficult>
        <bndbox>
            <xmin>2703</xmin>
            <ymin>1753</ymin>
            <xmax>2709</xmax>
            <ymax>1757</ymax>
        </bndbox>
    </object>
    <object>
        <name>ma</name>
        <pose>Unspecified</pose>
        <truncated>0</truncated>
        <difficult>0</difficult>
        <bndbox>
            <xmin>2731</xmin>
            <ymin>1753</ymin>
            <xmax>2737</xmax>
            <ymax>1761</ymax>
        </bndbox>
    </object>
    <object>
        <name>ma</name>
        <pose>Unspecified</pose>
        <truncated>0</truncated>
        <difficult>0</difficult>
        <bndbox>
            <xmin>2753</xmin>
            <ymin>1727</ymin>
            <xmax>2757</xmax>
            <ymax>1737</ymax>
        </bndbox>
    </object>
    <object>
        <name>ma</name>
        <pose>Unspecified</pose>
        <truncated>0</truncated>
        <difficult>0</difficult>
        <bndbox>
            <xmin>2825</xmin>
            <ymin>1641</ymin>
            <xmax>2833</xmax>
            <ymax>1647</ymax>
        </bndbox>
    </object>
    <object>
        <name>ma</name>
        <pose>Unspecified</pose>
        <truncated>0</truncated>
        <difficult>0</difficult>
        <bndbox>
            <xmin>2875</xmin>
            <ymin>1719</ymin>
            <xmax>2885</xmax>
            <ymax>1731</ymax>
        </bndbox>
    </object>
    <object>
        <name>ma</name>
        <pose>Unspecified</pose>
        <truncated>0</truncated>
        <difficult>0</difficult>
        <bndbox>
            <xmin>2885</xmin>
            <ymin>1247</ymin>
            <xmax>2905</xmax>
            <ymax>1259</ymax>
        </bndbox>
    </object>
    <object>
        <name>he</name>
        <pose>Unspecified</pose>
        <truncated>0</truncated>
        <difficult>0</difficult>
        <bndbox>
            <xmin>2513</xmin>
            <ymin>1605</ymin>
            <xmax>2547</xmax>
            <ymax>1649</ymax>
        </bndbox>
    </object>
    <object>
        <name>he</name>
        <pose>Unspecified</pose>
        <truncated>0</truncated>
        <difficult>0</difficult>
        <bndbox>
            <xmin>2525</xmin>
            <ymin>1671</ymin>
            <xmax>2549</xmax>
            <ymax>1699</ymax>
        </bndbox>
    </object>
    <object>
        <name>he</name>
        <pose>Unspecified</pose>
        <truncated>0</truncated>
        <difficult>0</difficult>
        <bndbox>
            <xmin>2541</xmin>
            <ymin>1719</ymin>
            <xmax>2577</xmax>
            <ymax>1759</ymax>
        </bndbox>
    </object>
    <object>
        <name>he</name>
        <pose>Unspecified</pose>
        <truncated>0</truncated>
        <difficult>0</difficult>
        <bndbox>
            <xmin>2595</xmin>
            <ymin>1631</ymin>
            <xmax>2685</xmax>
            <ymax>1727</ymax>
        </bndbox>
    </object>
    <object>
        <name>he</name>
        <pose>Unspecified</pose>
        <truncated>0</truncated>
        <difficult>0</difficult>
        <bndbox>
            <xmin>2653</xmin>
            <ymin>1785</ymin>
            <xmax>2655</xmax>
            <ymax>1789</ymax>
        </bndbox>
    </object>
    <object>
        <name>he</name>
        <pose>Unspecified</pose>
        <truncated>0</truncated>
        <difficult>0</difficult>
        <bndbox>
            <xmin>2661</xmin>
            <ymin>1781</ymin>
            <xmax>2671</xmax>
            <ymax>1791</ymax>
        </bndbox>
    </object>
    <object>
        <name>he</name>
        <pose>Unspecified</pose>
        <truncated>0</truncated>
        <difficult>0</difficult>
        <bndbox>
            <xmin>2669</xmin>
            <ymin>1803</ymin>
            <xmax>2679</xmax>
            <ymax>1815</ymax>
        </bndbox>
    </object>
    <object>
        <name>he</name>
        <pose>Unspecified</pose>
        <truncated>0</truncated>
        <difficult>0</difficult>
        <bndbox>
            <xmin>2673</xmin>
            <ymin>1819</ymin>
            <xmax>2711</xmax>
            <ymax>1845</ymax>
        </bndbox>
    </object>
    <object>
        <name>he</name>
        <pose>Unspecified</pose>
        <truncated>0</truncated>
        <difficult>0</difficult>
        <bndbox>
            <xmin>2681</xmin>
            <ymin>1849</ymin>
            <xmax>2685</xmax>
            <ymax>1855</ymax>
        </bndbox>
    </object>
</annotation>