<annotation>
    <folder>OurDataset</folder>
    <filename>007-3431-200.jpg</filename>
    <size>
        <width>2048</width>
        <height>1536</height>
        <depth>3</depth>
    </size>
    <object>
        <name>ex</name>
        <pose>Unspecified</pose>
        <truncated>0</truncated>
        <difficult>0</difficult>
        <bndbox>
            <xmin>332</xmin>
            <ymin>708</ymin>
            <xmax>342</xmax>
            <ymax>726</ymax>
        </bndbox>
    </object>
    <object>
        <name>ex</name>
        <pose>Unspecified</pose>
        <truncated>0</truncated>
        <difficult>0</difficult>
        <bndbox>
            <xmin>345</xmin>
            <ymin>701</ymin>
            <xmax>352</xmax>
            <ymax>710</ymax>
        </bndbox>
    </object>
    <object>
        <name>ex</name>
        <pose>Unspecified</pose>
        <truncated>0</truncated>
        <difficult>0</difficult>
        <bndbox>
            <xmin>349</xmin>
            <ymin>722</ymin>
            <xmax>364</xmax>
            <ymax>734</ymax>
        </bndbox>
    </object>
    <object>
        <name>ex</name>
        <pose>Unspecified</pose>
        <truncated>0</truncated>
        <difficult>0</difficult>
        <bndbox>
            <xmin>351</xmin>
            <ymin>685</ymin>
            <xmax>359</xmax>
            <ymax>692</ymax>
        </bndbox>
    </object>
    <object>
        <name>ex</name>
        <pose>Unspecified</pose>
        <truncated>0</truncated>
        <difficult>0</difficult>
        <bndbox>
            <xmin>365</xmin>
            <ymin>725</ymin>
            <xmax>374</xmax>
            <ymax>734</ymax>
        </bndbox>
    </object>
    <object>
        <name>ex</name>
        <pose>Unspecified</pose>
        <truncated>0</truncated>
        <difficult>0</difficult>
        <bndbox>
            <xmin>371</xmin>
            <ymin>735</ymin>
            <xmax>387</xmax>
            <ymax>749</ymax>
        </bndbox>
    </object>
    <object>
        <name>ex</name>
        <pose>Unspecified</pose>
        <truncated>0</truncated>
        <difficult>0</difficult>
        <bndbox>
            <xmin>387</xmin>
            <ymin>645</ymin>
            <xmax>417</xmax>
            <ymax>668</ymax>
        </bndbox>
    </object>
    <object>
        <name>ex</name>
        <pose>Unspecified</pose>
        <truncated>0</truncated>
        <difficult>0</difficult>
        <bndbox>
            <xmin>410</xmin>
            <ymin>703</ymin>
            <xmax>496</xmax>
            <ymax>762</ymax>
        </bndbox>
    </object>
    <object>
        <name>ex</name>
        <pose>Unspecified</pose>
        <truncated>0</truncated>
        <difficult>0</difficult>
        <bndbox>
            <xmin>411</xmin>
            <ymin>601</ymin>
            <xmax>417</xmax>
            <ymax>606</ymax>
        </bndbox>
    </object>
    <object>
        <name>ex</name>
        <pose>Unspecified</pose>
        <truncated>0</truncated>
        <difficult>0</difficult>
        <bndbox>
            <xmin>418</xmin>
            <ymin>669</ymin>
            <xmax>428</xmax>
            <ymax>679</ymax>
        </bndbox>
    </object>
    <object>
        <name>ex</name>
        <pose>Unspecified</pose>
        <truncated>0</truncated>
        <difficult>0</difficult>
        <bndbox>
            <xmin>428</xmin>
            <ymin>768</ymin>
            <xmax>448</xmax>
            <ymax>784</ymax>
        </bndbox>
    </object>
    <object>
        <name>ex</name>
        <pose>Unspecified</pose>
        <truncated>0</truncated>
        <difficult>0</difficult>
        <bndbox>
            <xmin>447</xmin>
            <ymin>673</ymin>
            <xmax>461</xmax>
            <ymax>689</ymax>
        </bndbox>
    </object>
    <object>
        <name>ex</name>
        <pose>Unspecified</pose>
        <truncated>0</truncated>
        <difficult>0</difficult>
        <bndbox>
            <xmin>448</xmin>
            <ymin>782</ymin>
            <xmax>474</xmax>
            <ymax>800</ymax>
        </bndbox>
    </object>
    <object>
        <name>ex</name>
        <pose>Unspecified</pose>
        <truncated>0</truncated>
        <difficult>0</difficult>
        <bndbox>
            <xmin>456</xmin>
            <ymin>767</ymin>
            <xmax>463</xmax>
            <ymax>772</ymax>
        </bndbox>
    </object>
    <object>
        <name>ex</name>
        <pose>Unspecified</pose>
        <truncated>0</truncated>
        <difficult>0</difficult>
        <bndbox>
            <xmin>464</xmin>
            <ymin>711</ymin>
            <xmax>483</xmax>
            <ymax>734</ymax>
        </bndbox>
    </object>
    <object>
        <name>ex</name>
        <pose>Unspecified</pose>
        <truncated>0</truncated>
        <difficult>0</difficult>
        <bndbox>
            <xmin>469</xmin>
            <ymin>794</ymin>
            <xmax>504</xmax>
            <ymax>827</ymax>
        </bndbox>
    </object>
    <object>
        <name>ex</name>
        <pose>Unspecified</pose>
        <truncated>0</truncated>
        <difficult>0</difficult>
        <bndbox>
            <xmin>476</xmin>
            <ymin>785</ymin>
            <xmax>477</xmax>
            <ymax>788</ymax>
        </bndbox>
    </object>
    <object>
        <name>ex</name>
        <pose>Unspecified</pose>
        <truncated>0</truncated>
        <difficult>0</difficult>
        <bndbox>
            <xmin>489</xmin>
            <ymin>543</ymin>
            <xmax>492</xmax>
            <ymax>544</ymax>
        </bndbox>
    </object>
    <object>
        <name>ex</name>
        <pose>Unspecified</pose>
        <truncated>0</truncated>
        <difficult>0</difficult>
        <bndbox>
            <xmin>489</xmin>
            <ymin>673</ymin>
            <xmax>501</xmax>
            <ymax>682</ymax>
        </bndbox>
    </object>
    <object>
        <name>ex</name>
        <pose>Unspecified</pose>
        <truncated>0</truncated>
        <difficult>0</difficult>
        <bndbox>
            <xmin>489</xmin>
            <ymin>932</ymin>
            <xmax>517</xmax>
            <ymax>950</ymax>
        </bndbox>
    </object>
    <object>
        <name>ex</name>
        <pose>Unspecified</pose>
        <truncated>0</truncated>
        <difficult>0</difficult>
        <bndbox>
            <xmin>492</xmin>
            <ymin>566</ymin>
            <xmax>529</xmax>
            <ymax>583</ymax>
        </bndbox>
    </object>
    <object>
        <name>ex</name>
        <pose>Unspecified</pose>
        <truncated>0</truncated>
        <difficult>0</difficult>
        <bndbox>
            <xmin>496</xmin>
            <ymin>633</ymin>
            <xmax>504</xmax>
            <ymax>637</ymax>
        </bndbox>
    </object>
    <object>
        <name>ex</name>
        <pose>Unspecified</pose>
        <truncated>0</truncated>
        <difficult>0</difficult>
        <bndbox>
            <xmin>510</xmin>
            <ymin>675</ymin>
            <xmax>516</xmax>
            <ymax>681</ymax>
        </bndbox>
    </object>
    <object>
        <name>ex</name>
        <pose>Unspecified</pose>
        <truncated>0</truncated>
        <difficult>0</difficult>
        <bndbox>
            <xmin>515</xmin>
            <ymin>702</ymin>
            <xmax>522</xmax>
            <ymax>708</ymax>
        </bndbox>
    </object>
    <object>
        <name>ex</name>
        <pose>Unspecified</pose>
        <truncated>0</truncated>
        <difficult>0</difficult>
        <bndbox>
            <xmin>522</xmin>
            <ymin>695</ymin>
            <xmax>576</xmax>
            <ymax>754</ymax>
        </bndbox>
    </object>
    <object>
        <name>ex</name>
        <pose>Unspecified</pose>
        <truncated>0</truncated>
        <difficult>0</difficult>
        <bndbox>
            <xmin>530</xmin>
            <ymin>589</ymin>
            <xmax>536</xmax>
            <ymax>597</ymax>
        </bndbox>
    </object>
    <object>
        <name>ex</name>
        <pose>Unspecified</pose>
        <truncated>0</truncated>
        <difficult>0</difficult>
        <bndbox>
            <xmin>532</xmin>
            <ymin>583</ymin>
            <xmax>533</xmax>
            <ymax>584</ymax>
        </bndbox>
    </object>
    <object>
        <name>ex</name>
        <pose>Unspecified</pose>
        <truncated>0</truncated>
        <difficult>0</difficult>
        <bndbox>
            <xmin>533</xmin>
            <ymin>768</ymin>
            <xmax>654</xmax>
            <ymax>828</ymax>
        </bndbox>
    </object>
    <object>
        <name>ex</name>
        <pose>Unspecified</pose>
        <truncated>0</truncated>
        <difficult>0</difficult>
        <bndbox>
            <xmin>536</xmin>
            <ymin>507</ymin>
            <xmax>545</xmax>
            <ymax>514</ymax>
        </bndbox>
    </object>
    <object>
        <name>ex</name>
        <pose>Unspecified</pose>
        <truncated>0</truncated>
        <difficult>0</difficult>
        <bndbox>
            <xmin>538</xmin>
            <ymin>524</ymin>
            <xmax>542</xmax>
            <ymax>527</ymax>
        </bndbox>
    </object>
    <object>
        <name>ex</name>
        <pose>Unspecified</pose>
        <truncated>0</truncated>
        <difficult>0</difficult>
        <bndbox>
            <xmin>539</xmin>
            <ymin>644</ymin>
            <xmax>542</xmax>
            <ymax>646</ymax>
        </bndbox>
    </object>
    <object>
        <name>ex</name>
        <pose>Unspecified</pose>
        <truncated>0</truncated>
        <difficult>0</difficult>
        <bndbox>
            <xmin>540</xmin>
            <ymin>554</ymin>
            <xmax>542</xmax>
            <ymax>556</ymax>
        </bndbox>
    </object>
    <object>
        <name>ex</name>
        <pose>Unspecified</pose>
        <truncated>0</truncated>
        <difficult>0</difficult>
        <bndbox>
            <xmin>543</xmin>
            <ymin>551</ymin>
            <xmax>546</xmax>
            <ymax>553</ymax>
        </bndbox>
    </object>
    <object>
        <name>ex</name>
        <pose>Unspecified</pose>
        <truncated>0</truncated>
        <difficult>0</difficult>
        <bndbox>
            <xmin>546</xmin>
            <ymin>665</ymin>
            <xmax>568</xmax>
            <ymax>688</ymax>
        </bndbox>
    </object>
    <object>
        <name>ex</name>
        <pose>Unspecified</pose>
        <truncated>0</truncated>
        <difficult>0</difficult>
        <bndbox>
            <xmin>549</xmin>
            <ymin>592</ymin>
            <xmax>566</xmax>
            <ymax>616</ymax>
        </bndbox>
    </object>
    <object>
        <name>ex</name>
        <pose>Unspecified</pose>
        <truncated>0</truncated>
        <difficult>0</difficult>
        <bndbox>
            <xmin>549</xmin>
            <ymin>619</ymin>
            <xmax>572</xmax>
            <ymax>637</ymax>
        </bndbox>
    </object>
    <object>
        <name>ex</name>
        <pose>Unspecified</pose>
        <truncated>0</truncated>
        <difficult>0</difficult>
        <bndbox>
            <xmin>555</xmin>
            <ymin>821</ymin>
            <xmax>572</xmax>
            <ymax>833</ymax>
        </bndbox>
    </object>
    <object>
        <name>ex</name>
        <pose>Unspecified</pose>
        <truncated>0</truncated>
        <difficult>0</difficult>
        <bndbox>
            <xmin>556</xmin>
            <ymin>536</ymin>
            <xmax>558</xmax>
            <ymax>537</ymax>
        </bndbox>
    </object>
    <object>
        <name>ex</name>
        <pose>Unspecified</pose>
        <truncated>0</truncated>
        <difficult>0</difficult>
        <bndbox>
            <xmin>558</xmin>
            <ymin>642</ymin>
            <xmax>596</xmax>
            <ymax>670</ymax>
        </bndbox>
    </object>
    <object>
        <name>ex</name>
        <pose>Unspecified</pose>
        <truncated>0</truncated>
        <difficult>0</difficult>
        <bndbox>
            <xmin>562</xmin>
            <ymin>526</ymin>
            <xmax>566</xmax>
            <ymax>530</ymax>
        </bndbox>
    </object>
    <object>
        <name>ex</name>
        <pose>Unspecified</pose>
        <truncated>0</truncated>
        <difficult>0</difficult>
        <bndbox>
            <xmin>572</xmin>
            <ymin>669</ymin>
            <xmax>573</xmax>
            <ymax>672</ymax>
        </bndbox>
    </object>
    <object>
        <name>ex</name>
        <pose>Unspecified</pose>
        <truncated>0</truncated>
        <difficult>0</difficult>
        <bndbox>
            <xmin>573</xmin>
            <ymin>725</ymin>
            <xmax>595</xmax>
            <ymax>744</ymax>
        </bndbox>
    </object>
    <object>
        <name>ex</name>
        <pose>Unspecified</pose>
        <truncated>0</truncated>
        <difficult>0</difficult>
        <bndbox>
            <xmin>576</xmin>
            <ymin>916</ymin>
            <xmax>601</xmax>
            <ymax>935</ymax>
        </bndbox>
    </object>
    <object>
        <name>ex</name>
        <pose>Unspecified</pose>
        <truncated>0</truncated>
        <difficult>0</difficult>
        <bndbox>
            <xmin>578</xmin>
            <ymin>739</ymin>
            <xmax>606</xmax>
            <ymax>767</ymax>
        </bndbox>
    </object>
    <object>
        <name>ex</name>
        <pose>Unspecified</pose>
        <truncated>0</truncated>
        <difficult>0</difficult>
        <bndbox>
            <xmin>578</xmin>
            <ymin>764</ymin>
            <xmax>581</xmax>
            <ymax>767</ymax>
        </bndbox>
    </object>
    <object>
        <name>ex</name>
        <pose>Unspecified</pose>
        <truncated>0</truncated>
        <difficult>0</difficult>
        <bndbox>
            <xmin>585</xmin>
            <ymin>676</ymin>
            <xmax>596</xmax>
            <ymax>692</ymax>
        </bndbox>
    </object>
    <object>
        <name>ex</name>
        <pose>Unspecified</pose>
        <truncated>0</truncated>
        <difficult>0</difficult>
        <bndbox>
            <xmin>591</xmin>
            <ymin>620</ymin>
            <xmax>599</xmax>
            <ymax>635</ymax>
        </bndbox>
    </object>
    <object>
        <name>ex</name>
        <pose>Unspecified</pose>
        <truncated>0</truncated>
        <difficult>0</difficult>
        <bndbox>
            <xmin>596</xmin>
            <ymin>656</ymin>
            <xmax>641</xmax>
            <ymax>683</ymax>
        </bndbox>
    </object>
    <object>
        <name>ex</name>
        <pose>Unspecified</pose>
        <truncated>0</truncated>
        <difficult>0</difficult>
        <bndbox>
            <xmin>596</xmin>
            <ymin>899</ymin>
            <xmax>605</xmax>
            <ymax>907</ymax>
        </bndbox>
    </object>
    <object>
        <name>ex</name>
        <pose>Unspecified</pose>
        <truncated>0</truncated>
        <difficult>0</difficult>
        <bndbox>
            <xmin>598</xmin>
            <ymin>701</ymin>
            <xmax>619</xmax>
            <ymax>716</ymax>
        </bndbox>
    </object>
    <object>
        <name>ex</name>
        <pose>Unspecified</pose>
        <truncated>0</truncated>
        <difficult>0</difficult>
        <bndbox>
            <xmin>599</xmin>
            <ymin>909</ymin>
            <xmax>604</xmax>
            <ymax>913</ymax>
        </bndbox>
    </object>
    <object>
        <name>ex</name>
        <pose>Unspecified</pose>
        <truncated>0</truncated>
        <difficult>0</difficult>
        <bndbox>
            <xmin>601</xmin>
            <ymin>729</ymin>
            <xmax>612</xmax>
            <ymax>741</ymax>
        </bndbox>
    </object>
    <object>
        <name>ex</name>
        <pose>Unspecified</pose>
        <truncated>0</truncated>
        <difficult>0</difficult>
        <bndbox>
            <xmin>604</xmin>
            <ymin>686</ymin>
            <xmax>608</xmax>
            <ymax>689</ymax>
        </bndbox>
    </object>
    <object>
        <name>ex</name>
        <pose>Unspecified</pose>
        <truncated>0</truncated>
        <difficult>0</difficult>
        <bndbox>
            <xmin>606</xmin>
            <ymin>624</ymin>
            <xmax>624</xmax>
            <ymax>632</ymax>
        </bndbox>
    </object>
    <object>
        <name>ex</name>
        <pose>Unspecified</pose>
        <truncated>0</truncated>
        <difficult>0</difficult>
        <bndbox>
            <xmin>606</xmin>
            <ymin>758</ymin>
            <xmax>628</xmax>
            <ymax>775</ymax>
        </bndbox>
    </object>
    <object>
        <name>ex</name>
        <pose>Unspecified</pose>
        <truncated>0</truncated>
        <difficult>0</difficult>
        <bndbox>
            <xmin>609</xmin>
            <ymin>639</ymin>
            <xmax>625</xmax>
            <ymax>646</ymax>
        </bndbox>
    </object>
    <object>
        <name>ex</name>
        <pose>Unspecified</pose>
        <truncated>0</truncated>
        <difficult>0</difficult>
        <bndbox>
            <xmin>614</xmin>
            <ymin>577</ymin>
            <xmax>644</xmax>
            <ymax>600</ymax>
        </bndbox>
    </object>
    <object>
        <name>ex</name>
        <pose>Unspecified</pose>
        <truncated>0</truncated>
        <difficult>0</difficult>
        <bndbox>
            <xmin>618</xmin>
            <ymin>716</ymin>
            <xmax>635</xmax>
            <ymax>726</ymax>
        </bndbox>
    </object>
    <object>
        <name>ex</name>
        <pose>Unspecified</pose>
        <truncated>0</truncated>
        <difficult>0</difficult>
        <bndbox>
            <xmin>624</xmin>
            <ymin>646</ymin>
            <xmax>631</xmax>
            <ymax>653</ymax>
        </bndbox>
    </object>
    <object>
        <name>ex</name>
        <pose>Unspecified</pose>
        <truncated>0</truncated>
        <difficult>0</difficult>
        <bndbox>
            <xmin>625</xmin>
            <ymin>606</ymin>
            <xmax>627</xmax>
            <ymax>607</ymax>
        </bndbox>
    </object>
    <object>
        <name>ex</name>
        <pose>Unspecified</pose>
        <truncated>0</truncated>
        <difficult>0</difficult>
        <bndbox>
            <xmin>627</xmin>
            <ymin>633</ymin>
            <xmax>644</xmax>
            <ymax>670</ymax>
        </bndbox>
    </object>
    <object>
        <name>ex</name>
        <pose>Unspecified</pose>
        <truncated>0</truncated>
        <difficult>0</difficult>
        <bndbox>
            <xmin>628</xmin>
            <ymin>613</ymin>
            <xmax>638</xmax>
            <ymax>627</ymax>
        </bndbox>
    </object>
    <object>
        <name>ex</name>
        <pose>Unspecified</pose>
        <truncated>0</truncated>
        <difficult>0</difficult>
        <bndbox>
            <xmin>632</xmin>
            <ymin>688</ymin>
            <xmax>660</xmax>
            <ymax>705</ymax>
        </bndbox>
    </object>
    <object>
        <name>ex</name>
        <pose>Unspecified</pose>
        <truncated>0</truncated>
        <difficult>0</difficult>
        <bndbox>
            <xmin>635</xmin>
            <ymin>709</ymin>
            <xmax>640</xmax>
            <ymax>712</ymax>
        </bndbox>
    </object>
    <object>
        <name>ex</name>
        <pose>Unspecified</pose>
        <truncated>0</truncated>
        <difficult>0</difficult>
        <bndbox>
            <xmin>641</xmin>
            <ymin>600</ymin>
            <xmax>664</xmax>
            <ymax>616</ymax>
        </bndbox>
    </object>
    <object>
        <name>ex</name>
        <pose>Unspecified</pose>
        <truncated>0</truncated>
        <difficult>0</difficult>
        <bndbox>
            <xmin>654</xmin>
            <ymin>881</ymin>
            <xmax>655</xmax>
            <ymax>883</ymax>
        </bndbox>
    </object>
    <object>
        <name>ex</name>
        <pose>Unspecified</pose>
        <truncated>0</truncated>
        <difficult>0</difficult>
        <bndbox>
            <xmin>655</xmin>
            <ymin>679</ymin>
            <xmax>668</xmax>
            <ymax>688</ymax>
        </bndbox>
    </object>
    <object>
        <name>ex</name>
        <pose>Unspecified</pose>
        <truncated>0</truncated>
        <difficult>0</difficult>
        <bndbox>
            <xmin>664</xmin>
            <ymin>640</ymin>
            <xmax>665</xmax>
            <ymax>643</ymax>
        </bndbox>
    </object>
    <object>
        <name>ex</name>
        <pose>Unspecified</pose>
        <truncated>0</truncated>
        <difficult>0</difficult>
        <bndbox>
            <xmin>667</xmin>
            <ymin>645</ymin>
            <xmax>680</xmax>
            <ymax>652</ymax>
        </bndbox>
    </object>
    <object>
        <name>ex</name>
        <pose>Unspecified</pose>
        <truncated>0</truncated>
        <difficult>0</difficult>
        <bndbox>
            <xmin>915</xmin>
            <ymin>1210</ymin>
            <xmax>924</xmax>
            <ymax>1219</ymax>
        </bndbox>
    </object>
    <object>
        <name>ex</name>
        <pose>Unspecified</pose>
        <truncated>0</truncated>
        <difficult>0</difficult>
        <bndbox>
            <xmin>1149</xmin>
            <ymin>210</ymin>
            <xmax>1174</xmax>
            <ymax>234</ymax>
        </bndbox>
    </object>
    <object>
        <name>ex</name>
        <pose>Unspecified</pose>
        <truncated>0</truncated>
        <difficult>0</difficult>
        <bndbox>
            <xmin>1149</xmin>
            <ymin>228</ymin>
            <xmax>1159</xmax>
            <ymax>238</ymax>
        </bndbox>
    </object>
    <object>
        <name>ex</name>
        <pose>Unspecified</pose>
        <truncated>0</truncated>
        <difficult>0</difficult>
        <bndbox>
            <xmin>1152</xmin>
            <ymin>261</ymin>
            <xmax>1172</xmax>
            <ymax>274</ymax>
        </bndbox>
    </object>
    <object>
        <name>ex</name>
        <pose>Unspecified</pose>
        <truncated>0</truncated>
        <difficult>0</difficult>
        <bndbox>
            <xmin>1167</xmin>
            <ymin>278</ymin>
            <xmax>1197</xmax>
            <ymax>302</ymax>
        </bndbox>
    </object>
    <object>
        <name>ex</name>
        <pose>Unspecified</pose>
        <truncated>0</truncated>
        <difficult>0</difficult>
        <bndbox>
            <xmin>1194</xmin>
            <ymin>184</ymin>
            <xmax>1227</xmax>
            <ymax>218</ymax>
        </bndbox>
    </object>
    <object>
        <name>ex</name>
        <pose>Unspecified</pose>
        <truncated>0</truncated>
        <difficult>0</difficult>
        <bndbox>
            <xmin>1273</xmin>
            <ymin>1329</ymin>
            <xmax>1302</xmax>
            <ymax>1364</ymax>
        </bndbox>
    </object>
    <object>
        <name>ex</name>
        <pose>Unspecified</pose>
        <truncated>0</truncated>
        <difficult>0</difficult>
        <bndbox>
            <xmin>1282</xmin>
            <ymin>1378</ymin>
            <xmax>1289</xmax>
            <ymax>1391</ymax>
        </bndbox>
    </object>
    <object>
        <name>ex</name>
        <pose>Unspecified</pose>
        <truncated>0</truncated>
        <difficult>0</difficult>
        <bndbox>
            <xmin>1341</xmin>
            <ymin>1335</ymin>
            <xmax>1366</xmax>
            <ymax>1357</ymax>
        </bndbox>
    </object>
    <object>
        <name>ex</name>
        <pose>Unspecified</pose>
        <truncated>0</truncated>
        <difficult>0</difficult>
        <bndbox>
            <xmin>1348</xmin>
            <ymin>1282</ymin>
            <xmax>1361</xmax>
            <ymax>1304</ymax>
        </bndbox>
    </object>
    <object>
        <name>ex</name>
        <pose>Unspecified</pose>
        <truncated>0</truncated>
        <difficult>0</difficult>
        <bndbox>
            <xmin>1368</xmin>
            <ymin>1318</ymin>
            <xmax>1376</xmax>
            <ymax>1329</ymax>
        </bndbox>
    </object>
    <object>
        <name>he</name>
        <pose>Unspecified</pose>
        <truncated>0</truncated>
        <difficult>0</difficult>
        <bndbox>
            <xmin>897</xmin>
            <ymin>1166</ymin>
            <xmax>918</xmax>
            <ymax>1205</ymax>
        </bndbox>
    </object>
    <object>
        <name>he</name>
        <pose>Unspecified</pose>
        <truncated>0</truncated>
        <difficult>0</difficult>
        <bndbox>
            <xmin>1289</xmin>
            <ymin>422</ymin>
            <xmax>1336</xmax>
            <ymax>464</ymax>
        </bndbox>
    </object>
    <object>
        <name>ex</name>
        <pose>Unspecified</pose>
        <truncated>0</truncated>
        <difficult>0</difficult>
        <bndbox>
            <xmin>332</xmin>
            <ymin>708</ymin>
            <xmax>342</xmax>
            <ymax>726</ymax>
        </bndbox>
    </object>
    <object>
        <name>ex</name>
        <pose>Unspecified</pose>
        <truncated>0</truncated>
        <difficult>0</difficult>
        <bndbox>
            <xmin>345</xmin>
            <ymin>701</ymin>
            <xmax>352</xmax>
            <ymax>710</ymax>
        </bndbox>
    </object>
    <object>
        <name>ex</name>
        <pose>Unspecified</pose>
        <truncated>0</truncated>
        <difficult>0</difficult>
        <bndbox>
            <xmin>349</xmin>
            <ymin>722</ymin>
            <xmax>364</xmax>
            <ymax>734</ymax>
        </bndbox>
    </object>
    <object>
        <name>ex</name>
        <pose>Unspecified</pose>
        <truncated>0</truncated>
        <difficult>0</difficult>
        <bndbox>
            <xmin>351</xmin>
            <ymin>685</ymin>
            <xmax>359</xmax>
            <ymax>692</ymax>
        </bndbox>
    </object>
    <object>
        <name>ex</name>
        <pose>Unspecified</pose>
        <truncated>0</truncated>
        <difficult>0</difficult>
        <bndbox>
            <xmin>365</xmin>
            <ymin>725</ymin>
            <xmax>374</xmax>
            <ymax>734</ymax>
        </bndbox>
    </object>
    <object>
        <name>ex</name>
        <pose>Unspecified</pose>
        <truncated>0</truncated>
        <difficult>0</difficult>
        <bndbox>
            <xmin>371</xmin>
            <ymin>735</ymin>
            <xmax>387</xmax>
            <ymax>749</ymax>
        </bndbox>
    </object>
    <object>
        <name>ex</name>
        <pose>Unspecified</pose>
        <truncated>0</truncated>
        <difficult>0</difficult>
        <bndbox>
            <xmin>387</xmin>
            <ymin>645</ymin>
            <xmax>417</xmax>
            <ymax>668</ymax>
        </bndbox>
    </object>
    <object>
        <name>ex</name>
        <pose>Unspecified</pose>
        <truncated>0</truncated>
        <difficult>0</difficult>
        <bndbox>
            <xmin>410</xmin>
            <ymin>703</ymin>
            <xmax>496</xmax>
            <ymax>762</ymax>
        </bndbox>
    </object>
    <object>
        <name>ex</name>
        <pose>Unspecified</pose>
        <truncated>0</truncated>
        <difficult>0</difficult>
        <bndbox>
            <xmin>411</xmin>
            <ymin>601</ymin>
            <xmax>417</xmax>
            <ymax>606</ymax>
        </bndbox>
    </object>
    <object>
        <name>ex</name>
        <pose>Unspecified</pose>
        <truncated>0</truncated>
        <difficult>0</difficult>
        <bndbox>
            <xmin>418</xmin>
            <ymin>669</ymin>
            <xmax>428</xmax>
            <ymax>679</ymax>
        </bndbox>
    </object>
    <object>
        <name>ex</name>
        <pose>Unspecified</pose>
        <truncated>0</truncated>
        <difficult>0</difficult>
        <bndbox>
            <xmin>428</xmin>
            <ymin>768</ymin>
            <xmax>448</xmax>
            <ymax>784</ymax>
        </bndbox>
    </object>
    <object>
        <name>ex</name>
        <pose>Unspecified</pose>
        <truncated>0</truncated>
        <difficult>0</difficult>
        <bndbox>
            <xmin>447</xmin>
            <ymin>673</ymin>
            <xmax>461</xmax>
            <ymax>689</ymax>
        </bndbox>
    </object>
    <object>
        <name>ex</name>
        <pose>Unspecified</pose>
        <truncated>0</truncated>
        <difficult>0</difficult>
        <bndbox>
            <xmin>448</xmin>
            <ymin>782</ymin>
            <xmax>474</xmax>
            <ymax>800</ymax>
        </bndbox>
    </object>
    <object>
        <name>ex</name>
        <pose>Unspecified</pose>
        <truncated>0</truncated>
        <difficult>0</difficult>
        <bndbox>
            <xmin>456</xmin>
            <ymin>767</ymin>
            <xmax>463</xmax>
            <ymax>772</ymax>
        </bndbox>
    </object>
    <object>
        <name>ex</name>
        <pose>Unspecified</pose>
        <truncated>0</truncated>
        <difficult>0</difficult>
        <bndbox>
            <xmin>464</xmin>
            <ymin>711</ymin>
            <xmax>483</xmax>
            <ymax>734</ymax>
        </bndbox>
    </object>
    <object>
        <name>ex</name>
        <pose>Unspecified</pose>
        <truncated>0</truncated>
        <difficult>0</difficult>
        <bndbox>
            <xmin>469</xmin>
            <ymin>794</ymin>
            <xmax>504</xmax>
            <ymax>827</ymax>
        </bndbox>
    </object>
    <object>
        <name>ex</name>
        <pose>Unspecified</pose>
        <truncated>0</truncated>
        <difficult>0</difficult>
        <bndbox>
            <xmin>476</xmin>
            <ymin>785</ymin>
            <xmax>477</xmax>
            <ymax>788</ymax>
        </bndbox>
    </object>
    <object>
        <name>ex</name>
        <pose>Unspecified</pose>
        <truncated>0</truncated>
        <difficult>0</difficult>
        <bndbox>
            <xmin>489</xmin>
            <ymin>543</ymin>
            <xmax>492</xmax>
            <ymax>544</ymax>
        </bndbox>
    </object>
    <object>
        <name>ex</name>
        <pose>Unspecified</pose>
        <truncated>0</truncated>
        <difficult>0</difficult>
        <bndbox>
            <xmin>489</xmin>
            <ymin>673</ymin>
            <xmax>501</xmax>
            <ymax>682</ymax>
        </bndbox>
    </object>
    <object>
        <name>ex</name>
        <pose>Unspecified</pose>
        <truncated>0</truncated>
        <difficult>0</difficult>
        <bndbox>
            <xmin>489</xmin>
            <ymin>932</ymin>
            <xmax>517</xmax>
            <ymax>950</ymax>
        </bndbox>
    </object>
    <object>
        <name>ex</name>
        <pose>Unspecified</pose>
        <truncated>0</truncated>
        <difficult>0</difficult>
        <bndbox>
            <xmin>492</xmin>
            <ymin>566</ymin>
            <xmax>529</xmax>
            <ymax>583</ymax>
        </bndbox>
    </object>
    <object>
        <name>ex</name>
        <pose>Unspecified</pose>
        <truncated>0</truncated>
        <difficult>0</difficult>
        <bndbox>
            <xmin>496</xmin>
            <ymin>633</ymin>
            <xmax>504</xmax>
            <ymax>637</ymax>
        </bndbox>
    </object>
    <object>
        <name>ex</name>
        <pose>Unspecified</pose>
        <truncated>0</truncated>
        <difficult>0</difficult>
        <bndbox>
            <xmin>510</xmin>
            <ymin>675</ymin>
            <xmax>516</xmax>
            <ymax>681</ymax>
        </bndbox>
    </object>
    <object>
        <name>ex</name>
        <pose>Unspecified</pose>
        <truncated>0</truncated>
        <difficult>0</difficult>
        <bndbox>
            <xmin>515</xmin>
            <ymin>702</ymin>
            <xmax>522</xmax>
            <ymax>708</ymax>
        </bndbox>
    </object>
    <object>
        <name>ex</name>
        <pose>Unspecified</pose>
        <truncated>0</truncated>
        <difficult>0</difficult>
        <bndbox>
            <xmin>522</xmin>
            <ymin>695</ymin>
            <xmax>576</xmax>
            <ymax>754</ymax>
        </bndbox>
    </object>
    <object>
        <name>ex</name>
        <pose>Unspecified</pose>
        <truncated>0</truncated>
        <difficult>0</difficult>
        <bndbox>
            <xmin>530</xmin>
            <ymin>589</ymin>
            <xmax>536</xmax>
            <ymax>597</ymax>
        </bndbox>
    </object>
    <object>
        <name>ex</name>
        <pose>Unspecified</pose>
        <truncated>0</truncated>
        <difficult>0</difficult>
        <bndbox>
            <xmin>532</xmin>
            <ymin>583</ymin>
            <xmax>533</xmax>
            <ymax>584</ymax>
        </bndbox>
    </object>
    <object>
        <name>ex</name>
        <pose>Unspecified</pose>
        <truncated>0</truncated>
        <difficult>0</difficult>
        <bndbox>
            <xmin>533</xmin>
            <ymin>768</ymin>
            <xmax>654</xmax>
            <ymax>828</ymax>
        </bndbox>
    </object>
    <object>
        <name>ex</name>
        <pose>Unspecified</pose>
        <truncated>0</truncated>
        <difficult>0</difficult>
        <bndbox>
            <xmin>536</xmin>
            <ymin>507</ymin>
            <xmax>545</xmax>
            <ymax>514</ymax>
        </bndbox>
    </object>
    <object>
        <name>ex</name>
        <pose>Unspecified</pose>
        <truncated>0</truncated>
        <difficult>0</difficult>
        <bndbox>
            <xmin>538</xmin>
            <ymin>524</ymin>
            <xmax>542</xmax>
            <ymax>527</ymax>
        </bndbox>
    </object>
    <object>
        <name>ex</name>
        <pose>Unspecified</pose>
        <truncated>0</truncated>
        <difficult>0</difficult>
        <bndbox>
            <xmin>539</xmin>
            <ymin>644</ymin>
            <xmax>542</xmax>
            <ymax>646</ymax>
        </bndbox>
    </object>
    <object>
        <name>ex</name>
        <pose>Unspecified</pose>
        <truncated>0</truncated>
        <difficult>0</difficult>
        <bndbox>
            <xmin>540</xmin>
            <ymin>554</ymin>
            <xmax>542</xmax>
            <ymax>556</ymax>
        </bndbox>
    </object>
    <object>
        <name>ex</name>
        <pose>Unspecified</pose>
        <truncated>0</truncated>
        <difficult>0</difficult>
        <bndbox>
            <xmin>543</xmin>
            <ymin>551</ymin>
            <xmax>546</xmax>
            <ymax>553</ymax>
        </bndbox>
    </object>
    <object>
        <name>ex</name>
        <pose>Unspecified</pose>
        <truncated>0</truncated>
        <difficult>0</difficult>
        <bndbox>
            <xmin>546</xmin>
            <ymin>665</ymin>
            <xmax>568</xmax>
            <ymax>688</ymax>
        </bndbox>
    </object>
    <object>
        <name>ex</name>
        <pose>Unspecified</pose>
        <truncated>0</truncated>
        <difficult>0</difficult>
        <bndbox>
            <xmin>549</xmin>
            <ymin>592</ymin>
            <xmax>566</xmax>
            <ymax>616</ymax>
        </bndbox>
    </object>
    <object>
        <name>ex</name>
        <pose>Unspecified</pose>
        <truncated>0</truncated>
        <difficult>0</difficult>
        <bndbox>
            <xmin>549</xmin>
            <ymin>619</ymin>
            <xmax>572</xmax>
            <ymax>637</ymax>
        </bndbox>
    </object>
    <object>
        <name>ex</name>
        <pose>Unspecified</pose>
        <truncated>0</truncated>
        <difficult>0</difficult>
        <bndbox>
            <xmin>555</xmin>
            <ymin>821</ymin>
            <xmax>572</xmax>
            <ymax>833</ymax>
        </bndbox>
    </object>
    <object>
        <name>ex</name>
        <pose>Unspecified</pose>
        <truncated>0</truncated>
        <difficult>0</difficult>
        <bndbox>
            <xmin>556</xmin>
            <ymin>536</ymin>
            <xmax>558</xmax>
            <ymax>537</ymax>
        </bndbox>
    </object>
    <object>
        <name>ex</name>
        <pose>Unspecified</pose>
        <truncated>0</truncated>
        <difficult>0</difficult>
        <bndbox>
            <xmin>558</xmin>
            <ymin>642</ymin>
            <xmax>596</xmax>
            <ymax>670</ymax>
        </bndbox>
    </object>
    <object>
        <name>ex</name>
        <pose>Unspecified</pose>
        <truncated>0</truncated>
        <difficult>0</difficult>
        <bndbox>
            <xmin>562</xmin>
            <ymin>526</ymin>
            <xmax>566</xmax>
            <ymax>530</ymax>
        </bndbox>
    </object>
    <object>
        <name>ex</name>
        <pose>Unspecified</pose>
        <truncated>0</truncated>
        <difficult>0</difficult>
        <bndbox>
            <xmin>572</xmin>
            <ymin>669</ymin>
            <xmax>573</xmax>
            <ymax>672</ymax>
        </bndbox>
    </object>
    <object>
        <name>ex</name>
        <pose>Unspecified</pose>
        <truncated>0</truncated>
        <difficult>0</difficult>
        <bndbox>
            <xmin>573</xmin>
            <ymin>725</ymin>
            <xmax>595</xmax>
            <ymax>744</ymax>
        </bndbox>
    </object>
    <object>
        <name>ex</name>
        <pose>Unspecified</pose>
        <truncated>0</truncated>
        <difficult>0</difficult>
        <bndbox>
            <xmin>576</xmin>
            <ymin>916</ymin>
            <xmax>601</xmax>
            <ymax>935</ymax>
        </bndbox>
    </object>
    <object>
        <name>ex</name>
        <pose>Unspecified</pose>
        <truncated>0</truncated>
        <difficult>0</difficult>
        <bndbox>
            <xmin>578</xmin>
            <ymin>739</ymin>
            <xmax>606</xmax>
            <ymax>767</ymax>
        </bndbox>
    </object>
    <object>
        <name>ex</name>
        <pose>Unspecified</pose>
        <truncated>0</truncated>
        <difficult>0</difficult>
        <bndbox>
            <xmin>578</xmin>
            <ymin>764</ymin>
            <xmax>581</xmax>
            <ymax>767</ymax>
        </bndbox>
    </object>
    <object>
        <name>ex</name>
        <pose>Unspecified</pose>
        <truncated>0</truncated>
        <difficult>0</difficult>
        <bndbox>
            <xmin>585</xmin>
            <ymin>676</ymin>
            <xmax>596</xmax>
            <ymax>692</ymax>
        </bndbox>
    </object>
    <object>
        <name>ex</name>
        <pose>Unspecified</pose>
        <truncated>0</truncated>
        <difficult>0</difficult>
        <bndbox>
            <xmin>591</xmin>
            <ymin>620</ymin>
            <xmax>599</xmax>
            <ymax>635</ymax>
        </bndbox>
    </object>
    <object>
        <name>ex</name>
        <pose>Unspecified</pose>
        <truncated>0</truncated>
        <difficult>0</difficult>
        <bndbox>
            <xmin>596</xmin>
            <ymin>656</ymin>
            <xmax>641</xmax>
            <ymax>683</ymax>
        </bndbox>
    </object>
    <object>
        <name>ex</name>
        <pose>Unspecified</pose>
        <truncated>0</truncated>
        <difficult>0</difficult>
        <bndbox>
            <xmin>596</xmin>
            <ymin>899</ymin>
            <xmax>605</xmax>
            <ymax>907</ymax>
        </bndbox>
    </object>
    <object>
        <name>ex</name>
        <pose>Unspecified</pose>
        <truncated>0</truncated>
        <difficult>0</difficult>
        <bndbox>
            <xmin>598</xmin>
            <ymin>701</ymin>
            <xmax>619</xmax>
            <ymax>716</ymax>
        </bndbox>
    </object>
    <object>
        <name>ex</name>
        <pose>Unspecified</pose>
        <truncated>0</truncated>
        <difficult>0</difficult>
        <bndbox>
            <xmin>599</xmin>
            <ymin>909</ymin>
            <xmax>604</xmax>
            <ymax>913</ymax>
        </bndbox>
    </object>
    <object>
        <name>ex</name>
        <pose>Unspecified</pose>
        <truncated>0</truncated>
        <difficult>0</difficult>
        <bndbox>
            <xmin>601</xmin>
            <ymin>729</ymin>
            <xmax>612</xmax>
            <ymax>741</ymax>
        </bndbox>
    </object>
    <object>
        <name>ex</name>
        <pose>Unspecified</pose>
        <truncated>0</truncated>
        <difficult>0</difficult>
        <bndbox>
            <xmin>604</xmin>
            <ymin>686</ymin>
            <xmax>608</xmax>
            <ymax>689</ymax>
        </bndbox>
    </object>
    <object>
        <name>ex</name>
        <pose>Unspecified</pose>
        <truncated>0</truncated>
        <difficult>0</difficult>
        <bndbox>
            <xmin>606</xmin>
            <ymin>624</ymin>
            <xmax>624</xmax>
            <ymax>632</ymax>
        </bndbox>
    </object>
    <object>
        <name>ex</name>
        <pose>Unspecified</pose>
        <truncated>0</truncated>
        <difficult>0</difficult>
        <bndbox>
            <xmin>606</xmin>
            <ymin>758</ymin>
            <xmax>628</xmax>
            <ymax>775</ymax>
        </bndbox>
    </object>
    <object>
        <name>ex</name>
        <pose>Unspecified</pose>
        <truncated>0</truncated>
        <difficult>0</difficult>
        <bndbox>
            <xmin>609</xmin>
            <ymin>639</ymin>
            <xmax>625</xmax>
            <ymax>646</ymax>
        </bndbox>
    </object>
    <object>
        <name>ex</name>
        <pose>Unspecified</pose>
        <truncated>0</truncated>
        <difficult>0</difficult>
        <bndbox>
            <xmin>614</xmin>
            <ymin>577</ymin>
            <xmax>644</xmax>
            <ymax>600</ymax>
        </bndbox>
    </object>
    <object>
        <name>ex</name>
        <pose>Unspecified</pose>
        <truncated>0</truncated>
        <difficult>0</difficult>
        <bndbox>
            <xmin>618</xmin>
            <ymin>716</ymin>
            <xmax>635</xmax>
            <ymax>726</ymax>
        </bndbox>
    </object>
    <object>
        <name>ex</name>
        <pose>Unspecified</pose>
        <truncated>0</truncated>
        <difficult>0</difficult>
        <bndbox>
            <xmin>624</xmin>
            <ymin>646</ymin>
            <xmax>631</xmax>
            <ymax>653</ymax>
        </bndbox>
    </object>
    <object>
        <name>ex</name>
        <pose>Unspecified</pose>
        <truncated>0</truncated>
        <difficult>0</difficult>
        <bndbox>
            <xmin>625</xmin>
            <ymin>606</ymin>
            <xmax>627</xmax>
            <ymax>607</ymax>
        </bndbox>
    </object>
    <object>
        <name>ex</name>
        <pose>Unspecified</pose>
        <truncated>0</truncated>
        <difficult>0</difficult>
        <bndbox>
            <xmin>627</xmin>
            <ymin>633</ymin>
            <xmax>644</xmax>
            <ymax>670</ymax>
        </bndbox>
    </object>
    <object>
        <name>ex</name>
        <pose>Unspecified</pose>
        <truncated>0</truncated>
        <difficult>0</difficult>
        <bndbox>
            <xmin>628</xmin>
            <ymin>613</ymin>
            <xmax>638</xmax>
            <ymax>627</ymax>
        </bndbox>
    </object>
    <object>
        <name>ex</name>
        <pose>Unspecified</pose>
        <truncated>0</truncated>
        <difficult>0</difficult>
        <bndbox>
            <xmin>632</xmin>
            <ymin>688</ymin>
            <xmax>660</xmax>
            <ymax>705</ymax>
        </bndbox>
    </object>
    <object>
        <name>ex</name>
        <pose>Unspecified</pose>
        <truncated>0</truncated>
        <difficult>0</difficult>
        <bndbox>
            <xmin>635</xmin>
            <ymin>709</ymin>
            <xmax>640</xmax>
            <ymax>712</ymax>
        </bndbox>
    </object>
    <object>
        <name>ex</name>
        <pose>Unspecified</pose>
        <truncated>0</truncated>
        <difficult>0</difficult>
        <bndbox>
            <xmin>641</xmin>
            <ymin>600</ymin>
            <xmax>664</xmax>
            <ymax>616</ymax>
        </bndbox>
    </object>
    <object>
        <name>ex</name>
        <pose>Unspecified</pose>
        <truncated>0</truncated>
        <difficult>0</difficult>
        <bndbox>
            <xmin>654</xmin>
            <ymin>881</ymin>
            <xmax>655</xmax>
            <ymax>883</ymax>
        </bndbox>
    </object>
    <object>
        <name>ex</name>
        <pose>Unspecified</pose>
        <truncated>0</truncated>
        <difficult>0</difficult>
        <bndbox>
            <xmin>655</xmin>
            <ymin>679</ymin>
            <xmax>668</xmax>
            <ymax>688</ymax>
        </bndbox>
    </object>
    <object>
        <name>ex</name>
        <pose>Unspecified</pose>
        <truncated>0</truncated>
        <difficult>0</difficult>
        <bndbox>
            <xmin>664</xmin>
            <ymin>640</ymin>
            <xmax>665</xmax>
            <ymax>643</ymax>
        </bndbox>
    </object>
    <object>
        <name>ex</name>
        <pose>Unspecified</pose>
        <truncated>0</truncated>
        <difficult>0</difficult>
        <bndbox>
            <xmin>667</xmin>
            <ymin>645</ymin>
            <xmax>680</xmax>
            <ymax>652</ymax>
        </bndbox>
    </object>
    <object>
        <name>ex</name>
        <pose>Unspecified</pose>
        <truncated>0</truncated>
        <difficult>0</difficult>
        <bndbox>
            <xmin>915</xmin>
            <ymin>1210</ymin>
            <xmax>924</xmax>
            <ymax>1219</ymax>
        </bndbox>
    </object>
    <object>
        <name>ex</name>
        <pose>Unspecified</pose>
        <truncated>0</truncated>
        <difficult>0</difficult>
        <bndbox>
            <xmin>1149</xmin>
            <ymin>210</ymin>
            <xmax>1174</xmax>
            <ymax>234</ymax>
        </bndbox>
    </object>
    <object>
        <name>ex</name>
        <pose>Unspecified</pose>
        <truncated>0</truncated>
        <difficult>0</difficult>
        <bndbox>
            <xmin>1149</xmin>
            <ymin>228</ymin>
            <xmax>1159</xmax>
            <ymax>238</ymax>
        </bndbox>
    </object>
    <object>
        <name>ex</name>
        <pose>Unspecified</pose>
        <truncated>0</truncated>
        <difficult>0</difficult>
        <bndbox>
            <xmin>1152</xmin>
            <ymin>261</ymin>
            <xmax>1172</xmax>
            <ymax>274</ymax>
        </bndbox>
    </object>
    <object>
        <name>ex</name>
        <pose>Unspecified</pose>
        <truncated>0</truncated>
        <difficult>0</difficult>
        <bndbox>
            <xmin>1167</xmin>
            <ymin>278</ymin>
            <xmax>1197</xmax>
            <ymax>302</ymax>
        </bndbox>
    </object>
    <object>
        <name>ex</name>
        <pose>Unspecified</pose>
        <truncated>0</truncated>
        <difficult>0</difficult>
        <bndbox>
            <xmin>1194</xmin>
            <ymin>184</ymin>
            <xmax>1227</xmax>
            <ymax>218</ymax>
        </bndbox>
    </object>
    <object>
        <name>ex</name>
        <pose>Unspecified</pose>
        <truncated>0</truncated>
        <difficult>0</difficult>
        <bndbox>
            <xmin>1273</xmin>
            <ymin>1329</ymin>
            <xmax>1302</xmax>
            <ymax>1364</ymax>
        </bndbox>
    </object>
    <object>
        <name>ex</name>
        <pose>Unspecified</pose>
        <truncated>0</truncated>
        <difficult>0</difficult>
        <bndbox>
            <xmin>1282</xmin>
            <ymin>1378</ymin>
            <xmax>1289</xmax>
            <ymax>1391</ymax>
        </bndbox>
    </object>
    <object>
        <name>ex</name>
        <pose>Unspecified</pose>
        <truncated>0</truncated>
        <difficult>0</difficult>
        <bndbox>
            <xmin>1341</xmin>
            <ymin>1335</ymin>
            <xmax>1366</xmax>
            <ymax>1357</ymax>
        </bndbox>
    </object>
    <object>
        <name>ex</name>
        <pose>Unspecified</pose>
        <truncated>0</truncated>
        <difficult>0</difficult>
        <bndbox>
            <xmin>1348</xmin>
            <ymin>1282</ymin>
            <xmax>1361</xmax>
            <ymax>1304</ymax>
        </bndbox>
    </object>
    <object>
        <name>ex</name>
        <pose>Unspecified</pose>
        <truncated>0</truncated>
        <difficult>0</difficult>
        <bndbox>
            <xmin>1368</xmin>
            <ymin>1318</ymin>
            <xmax>1376</xmax>
            <ymax>1329</ymax>
        </bndbox>
    </object>
    <object>
        <name>he</name>
        <pose>Unspecified</pose>
        <truncated>0</truncated>
        <difficult>0</difficult>
        <bndbox>
            <xmin>897</xmin>
            <ymin>1166</ymin>
            <xmax>918</xmax>
            <ymax>1205</ymax>
        </bndbox>
    </object>
    <object>
        <name>he</name>
        <pose>Unspecified</pose>
        <truncated>0</truncated>
        <difficult>0</difficult>
        <bndbox>
            <xmin>1289</xmin>
            <ymin>422</ymin>
            <xmax>1336</xmax>
            <ymax>464</ymax>
        </bndbox>
    </object>
    <object>
        <name>ex</name>
        <pose>Unspecified</pose>
        <truncated>0</truncated>
        <difficult>0</difficult>
        <bndbox>
            <xmin>332</xmin>
            <ymin>708</ymin>
            <xmax>342</xmax>
            <ymax>726</ymax>
        </bndbox>
    </object>
    <object>
        <name>ex</name>
        <pose>Unspecified</pose>
        <truncated>0</truncated>
        <difficult>0</difficult>
        <bndbox>
            <xmin>345</xmin>
            <ymin>701</ymin>
            <xmax>352</xmax>
            <ymax>710</ymax>
        </bndbox>
    </object>
    <object>
        <name>ex</name>
        <pose>Unspecified</pose>
        <truncated>0</truncated>
        <difficult>0</difficult>
        <bndbox>
            <xmin>349</xmin>
            <ymin>722</ymin>
            <xmax>364</xmax>
            <ymax>734</ymax>
        </bndbox>
    </object>
    <object>
        <name>ex</name>
        <pose>Unspecified</pose>
        <truncated>0</truncated>
        <difficult>0</difficult>
        <bndbox>
            <xmin>351</xmin>
            <ymin>685</ymin>
            <xmax>359</xmax>
            <ymax>692</ymax>
        </bndbox>
    </object>
    <object>
        <name>ex</name>
        <pose>Unspecified</pose>
        <truncated>0</truncated>
        <difficult>0</difficult>
        <bndbox>
            <xmin>365</xmin>
            <ymin>725</ymin>
            <xmax>374</xmax>
            <ymax>734</ymax>
        </bndbox>
    </object>
    <object>
        <name>ex</name>
        <pose>Unspecified</pose>
        <truncated>0</truncated>
        <difficult>0</difficult>
        <bndbox>
            <xmin>371</xmin>
            <ymin>735</ymin>
            <xmax>387</xmax>
            <ymax>749</ymax>
        </bndbox>
    </object>
    <object>
        <name>ex</name>
        <pose>Unspecified</pose>
        <truncated>0</truncated>
        <difficult>0</difficult>
        <bndbox>
            <xmin>387</xmin>
            <ymin>645</ymin>
            <xmax>417</xmax>
            <ymax>668</ymax>
        </bndbox>
    </object>
    <object>
        <name>ex</name>
        <pose>Unspecified</pose>
        <truncated>0</truncated>
        <difficult>0</difficult>
        <bndbox>
            <xmin>410</xmin>
            <ymin>703</ymin>
            <xmax>496</xmax>
            <ymax>762</ymax>
        </bndbox>
    </object>
    <object>
        <name>ex</name>
        <pose>Unspecified</pose>
        <truncated>0</truncated>
        <difficult>0</difficult>
        <bndbox>
            <xmin>411</xmin>
            <ymin>601</ymin>
            <xmax>417</xmax>
            <ymax>606</ymax>
        </bndbox>
    </object>
    <object>
        <name>ex</name>
        <pose>Unspecified</pose>
        <truncated>0</truncated>
        <difficult>0</difficult>
        <bndbox>
            <xmin>418</xmin>
            <ymin>669</ymin>
            <xmax>428</xmax>
            <ymax>679</ymax>
        </bndbox>
    </object>
    <object>
        <name>ex</name>
        <pose>Unspecified</pose>
        <truncated>0</truncated>
        <difficult>0</difficult>
        <bndbox>
            <xmin>428</xmin>
            <ymin>768</ymin>
            <xmax>448</xmax>
            <ymax>784</ymax>
        </bndbox>
    </object>
    <object>
        <name>ex</name>
        <pose>Unspecified</pose>
        <truncated>0</truncated>
        <difficult>0</difficult>
        <bndbox>
            <xmin>447</xmin>
            <ymin>673</ymin>
            <xmax>461</xmax>
            <ymax>689</ymax>
        </bndbox>
    </object>
    <object>
        <name>ex</name>
        <pose>Unspecified</pose>
        <truncated>0</truncated>
        <difficult>0</difficult>
        <bndbox>
            <xmin>448</xmin>
            <ymin>782</ymin>
            <xmax>474</xmax>
            <ymax>800</ymax>
        </bndbox>
    </object>
    <object>
        <name>ex</name>
        <pose>Unspecified</pose>
        <truncated>0</truncated>
        <difficult>0</difficult>
        <bndbox>
            <xmin>456</xmin>
            <ymin>767</ymin>
            <xmax>463</xmax>
            <ymax>772</ymax>
        </bndbox>
    </object>
    <object>
        <name>ex</name>
        <pose>Unspecified</pose>
        <truncated>0</truncated>
        <difficult>0</difficult>
        <bndbox>
            <xmin>464</xmin>
            <ymin>711</ymin>
            <xmax>483</xmax>
            <ymax>734</ymax>
        </bndbox>
    </object>
    <object>
        <name>ex</name>
        <pose>Unspecified</pose>
        <truncated>0</truncated>
        <difficult>0</difficult>
        <bndbox>
            <xmin>469</xmin>
            <ymin>794</ymin>
            <xmax>504</xmax>
            <ymax>827</ymax>
        </bndbox>
    </object>
    <object>
        <name>ex</name>
        <pose>Unspecified</pose>
        <truncated>0</truncated>
        <difficult>0</difficult>
        <bndbox>
            <xmin>476</xmin>
            <ymin>785</ymin>
            <xmax>477</xmax>
            <ymax>788</ymax>
        </bndbox>
    </object>
    <object>
        <name>ex</name>
        <pose>Unspecified</pose>
        <truncated>0</truncated>
        <difficult>0</difficult>
        <bndbox>
            <xmin>489</xmin>
            <ymin>543</ymin>
            <xmax>492</xmax>
            <ymax>544</ymax>
        </bndbox>
    </object>
    <object>
        <name>ex</name>
        <pose>Unspecified</pose>
        <truncated>0</truncated>
        <difficult>0</difficult>
        <bndbox>
            <xmin>489</xmin>
            <ymin>673</ymin>
            <xmax>501</xmax>
            <ymax>682</ymax>
        </bndbox>
    </object>
    <object>
        <name>ex</name>
        <pose>Unspecified</pose>
        <truncated>0</truncated>
        <difficult>0</difficult>
        <bndbox>
            <xmin>489</xmin>
            <ymin>932</ymin>
            <xmax>517</xmax>
            <ymax>950</ymax>
        </bndbox>
    </object>
    <object>
        <name>ex</name>
        <pose>Unspecified</pose>
        <truncated>0</truncated>
        <difficult>0</difficult>
        <bndbox>
            <xmin>492</xmin>
            <ymin>566</ymin>
            <xmax>529</xmax>
            <ymax>583</ymax>
        </bndbox>
    </object>
    <object>
        <name>ex</name>
        <pose>Unspecified</pose>
        <truncated>0</truncated>
        <difficult>0</difficult>
        <bndbox>
            <xmin>496</xmin>
            <ymin>633</ymin>
            <xmax>504</xmax>
            <ymax>637</ymax>
        </bndbox>
    </object>
    <object>
        <name>ex</name>
        <pose>Unspecified</pose>
        <truncated>0</truncated>
        <difficult>0</difficult>
        <bndbox>
            <xmin>510</xmin>
            <ymin>675</ymin>
            <xmax>516</xmax>
            <ymax>681</ymax>
        </bndbox>
    </object>
    <object>
        <name>ex</name>
        <pose>Unspecified</pose>
        <truncated>0</truncated>
        <difficult>0</difficult>
        <bndbox>
            <xmin>515</xmin>
            <ymin>702</ymin>
            <xmax>522</xmax>
            <ymax>708</ymax>
        </bndbox>
    </object>
    <object>
        <name>ex</name>
        <pose>Unspecified</pose>
        <truncated>0</truncated>
        <difficult>0</difficult>
        <bndbox>
            <xmin>522</xmin>
            <ymin>695</ymin>
            <xmax>576</xmax>
            <ymax>754</ymax>
        </bndbox>
    </object>
    <object>
        <name>ex</name>
        <pose>Unspecified</pose>
        <truncated>0</truncated>
        <difficult>0</difficult>
        <bndbox>
            <xmin>530</xmin>
            <ymin>589</ymin>
            <xmax>536</xmax>
            <ymax>597</ymax>
        </bndbox>
    </object>
    <object>
        <name>ex</name>
        <pose>Unspecified</pose>
        <truncated>0</truncated>
        <difficult>0</difficult>
        <bndbox>
            <xmin>532</xmin>
            <ymin>583</ymin>
            <xmax>533</xmax>
            <ymax>584</ymax>
        </bndbox>
    </object>
    <object>
        <name>ex</name>
        <pose>Unspecified</pose>
        <truncated>0</truncated>
        <difficult>0</difficult>
        <bndbox>
            <xmin>533</xmin>
            <ymin>768</ymin>
            <xmax>654</xmax>
            <ymax>828</ymax>
        </bndbox>
    </object>
    <object>
        <name>ex</name>
        <pose>Unspecified</pose>
        <truncated>0</truncated>
        <difficult>0</difficult>
        <bndbox>
            <xmin>536</xmin>
            <ymin>507</ymin>
            <xmax>545</xmax>
            <ymax>514</ymax>
        </bndbox>
    </object>
    <object>
        <name>ex</name>
        <pose>Unspecified</pose>
        <truncated>0</truncated>
        <difficult>0</difficult>
        <bndbox>
            <xmin>538</xmin>
            <ymin>524</ymin>
            <xmax>542</xmax>
            <ymax>527</ymax>
        </bndbox>
    </object>
    <object>
        <name>ex</name>
        <pose>Unspecified</pose>
        <truncated>0</truncated>
        <difficult>0</difficult>
        <bndbox>
            <xmin>539</xmin>
            <ymin>644</ymin>
            <xmax>542</xmax>
            <ymax>646</ymax>
        </bndbox>
    </object>
    <object>
        <name>ex</name>
        <pose>Unspecified</pose>
        <truncated>0</truncated>
        <difficult>0</difficult>
        <bndbox>
            <xmin>540</xmin>
            <ymin>554</ymin>
            <xmax>542</xmax>
            <ymax>556</ymax>
        </bndbox>
    </object>
    <object>
        <name>ex</name>
        <pose>Unspecified</pose>
        <truncated>0</truncated>
        <difficult>0</difficult>
        <bndbox>
            <xmin>543</xmin>
            <ymin>551</ymin>
            <xmax>546</xmax>
            <ymax>553</ymax>
        </bndbox>
    </object>
    <object>
        <name>ex</name>
        <pose>Unspecified</pose>
        <truncated>0</truncated>
        <difficult>0</difficult>
        <bndbox>
            <xmin>546</xmin>
            <ymin>665</ymin>
            <xmax>568</xmax>
            <ymax>688</ymax>
        </bndbox>
    </object>
    <object>
        <name>ex</name>
        <pose>Unspecified</pose>
        <truncated>0</truncated>
        <difficult>0</difficult>
        <bndbox>
            <xmin>549</xmin>
            <ymin>592</ymin>
            <xmax>566</xmax>
            <ymax>616</ymax>
        </bndbox>
    </object>
    <object>
        <name>ex</name>
        <pose>Unspecified</pose>
        <truncated>0</truncated>
        <difficult>0</difficult>
        <bndbox>
            <xmin>549</xmin>
            <ymin>619</ymin>
            <xmax>572</xmax>
            <ymax>637</ymax>
        </bndbox>
    </object>
    <object>
        <name>ex</name>
        <pose>Unspecified</pose>
        <truncated>0</truncated>
        <difficult>0</difficult>
        <bndbox>
            <xmin>555</xmin>
            <ymin>821</ymin>
            <xmax>572</xmax>
            <ymax>833</ymax>
        </bndbox>
    </object>
    <object>
        <name>ex</name>
        <pose>Unspecified</pose>
        <truncated>0</truncated>
        <difficult>0</difficult>
        <bndbox>
            <xmin>556</xmin>
            <ymin>536</ymin>
            <xmax>558</xmax>
            <ymax>537</ymax>
        </bndbox>
    </object>
    <object>
        <name>ex</name>
        <pose>Unspecified</pose>
        <truncated>0</truncated>
        <difficult>0</difficult>
        <bndbox>
            <xmin>558</xmin>
            <ymin>642</ymin>
            <xmax>596</xmax>
            <ymax>670</ymax>
        </bndbox>
    </object>
    <object>
        <name>ex</name>
        <pose>Unspecified</pose>
        <truncated>0</truncated>
        <difficult>0</difficult>
        <bndbox>
            <xmin>562</xmin>
            <ymin>526</ymin>
            <xmax>566</xmax>
            <ymax>530</ymax>
        </bndbox>
    </object>
    <object>
        <name>ex</name>
        <pose>Unspecified</pose>
        <truncated>0</truncated>
        <difficult>0</difficult>
        <bndbox>
            <xmin>572</xmin>
            <ymin>669</ymin>
            <xmax>573</xmax>
            <ymax>672</ymax>
        </bndbox>
    </object>
    <object>
        <name>ex</name>
        <pose>Unspecified</pose>
        <truncated>0</truncated>
        <difficult>0</difficult>
        <bndbox>
            <xmin>573</xmin>
            <ymin>725</ymin>
            <xmax>595</xmax>
            <ymax>744</ymax>
        </bndbox>
    </object>
    <object>
        <name>ex</name>
        <pose>Unspecified</pose>
        <truncated>0</truncated>
        <difficult>0</difficult>
        <bndbox>
            <xmin>576</xmin>
            <ymin>916</ymin>
            <xmax>601</xmax>
            <ymax>935</ymax>
        </bndbox>
    </object>
    <object>
        <name>ex</name>
        <pose>Unspecified</pose>
        <truncated>0</truncated>
        <difficult>0</difficult>
        <bndbox>
            <xmin>578</xmin>
            <ymin>739</ymin>
            <xmax>606</xmax>
            <ymax>767</ymax>
        </bndbox>
    </object>
    <object>
        <name>ex</name>
        <pose>Unspecified</pose>
        <truncated>0</truncated>
        <difficult>0</difficult>
        <bndbox>
            <xmin>578</xmin>
            <ymin>764</ymin>
            <xmax>581</xmax>
            <ymax>767</ymax>
        </bndbox>
    </object>
    <object>
        <name>ex</name>
        <pose>Unspecified</pose>
        <truncated>0</truncated>
        <difficult>0</difficult>
        <bndbox>
            <xmin>585</xmin>
            <ymin>676</ymin>
            <xmax>596</xmax>
            <ymax>692</ymax>
        </bndbox>
    </object>
    <object>
        <name>ex</name>
        <pose>Unspecified</pose>
        <truncated>0</truncated>
        <difficult>0</difficult>
        <bndbox>
            <xmin>591</xmin>
            <ymin>620</ymin>
            <xmax>599</xmax>
            <ymax>635</ymax>
        </bndbox>
    </object>
    <object>
        <name>ex</name>
        <pose>Unspecified</pose>
        <truncated>0</truncated>
        <difficult>0</difficult>
        <bndbox>
            <xmin>596</xmin>
            <ymin>656</ymin>
            <xmax>641</xmax>
            <ymax>683</ymax>
        </bndbox>
    </object>
    <object>
        <name>ex</name>
        <pose>Unspecified</pose>
        <truncated>0</truncated>
        <difficult>0</difficult>
        <bndbox>
            <xmin>596</xmin>
            <ymin>899</ymin>
            <xmax>605</xmax>
            <ymax>907</ymax>
        </bndbox>
    </object>
    <object>
        <name>ex</name>
        <pose>Unspecified</pose>
        <truncated>0</truncated>
        <difficult>0</difficult>
        <bndbox>
            <xmin>598</xmin>
            <ymin>701</ymin>
            <xmax>619</xmax>
            <ymax>716</ymax>
        </bndbox>
    </object>
    <object>
        <name>ex</name>
        <pose>Unspecified</pose>
        <truncated>0</truncated>
        <difficult>0</difficult>
        <bndbox>
            <xmin>599</xmin>
            <ymin>909</ymin>
            <xmax>604</xmax>
            <ymax>913</ymax>
        </bndbox>
    </object>
    <object>
        <name>ex</name>
        <pose>Unspecified</pose>
        <truncated>0</truncated>
        <difficult>0</difficult>
        <bndbox>
            <xmin>601</xmin>
            <ymin>729</ymin>
            <xmax>612</xmax>
            <ymax>741</ymax>
        </bndbox>
    </object>
    <object>
        <name>ex</name>
        <pose>Unspecified</pose>
        <truncated>0</truncated>
        <difficult>0</difficult>
        <bndbox>
            <xmin>604</xmin>
            <ymin>686</ymin>
            <xmax>608</xmax>
            <ymax>689</ymax>
        </bndbox>
    </object>
    <object>
        <name>ex</name>
        <pose>Unspecified</pose>
        <truncated>0</truncated>
        <difficult>0</difficult>
        <bndbox>
            <xmin>606</xmin>
            <ymin>624</ymin>
            <xmax>624</xmax>
            <ymax>632</ymax>
        </bndbox>
    </object>
    <object>
        <name>ex</name>
        <pose>Unspecified</pose>
        <truncated>0</truncated>
        <difficult>0</difficult>
        <bndbox>
            <xmin>606</xmin>
            <ymin>758</ymin>
            <xmax>628</xmax>
            <ymax>775</ymax>
        </bndbox>
    </object>
    <object>
        <name>ex</name>
        <pose>Unspecified</pose>
        <truncated>0</truncated>
        <difficult>0</difficult>
        <bndbox>
            <xmin>609</xmin>
            <ymin>639</ymin>
            <xmax>625</xmax>
            <ymax>646</ymax>
        </bndbox>
    </object>
    <object>
        <name>ex</name>
        <pose>Unspecified</pose>
        <truncated>0</truncated>
        <difficult>0</difficult>
        <bndbox>
            <xmin>614</xmin>
            <ymin>577</ymin>
            <xmax>644</xmax>
            <ymax>600</ymax>
        </bndbox>
    </object>
    <object>
        <name>ex</name>
        <pose>Unspecified</pose>
        <truncated>0</truncated>
        <difficult>0</difficult>
        <bndbox>
            <xmin>618</xmin>
            <ymin>716</ymin>
            <xmax>635</xmax>
            <ymax>726</ymax>
        </bndbox>
    </object>
    <object>
        <name>ex</name>
        <pose>Unspecified</pose>
        <truncated>0</truncated>
        <difficult>0</difficult>
        <bndbox>
            <xmin>624</xmin>
            <ymin>646</ymin>
            <xmax>631</xmax>
            <ymax>653</ymax>
        </bndbox>
    </object>
    <object>
        <name>ex</name>
        <pose>Unspecified</pose>
        <truncated>0</truncated>
        <difficult>0</difficult>
        <bndbox>
            <xmin>625</xmin>
            <ymin>606</ymin>
            <xmax>627</xmax>
            <ymax>607</ymax>
        </bndbox>
    </object>
    <object>
        <name>ex</name>
        <pose>Unspecified</pose>
        <truncated>0</truncated>
        <difficult>0</difficult>
        <bndbox>
            <xmin>627</xmin>
            <ymin>633</ymin>
            <xmax>644</xmax>
            <ymax>670</ymax>
        </bndbox>
    </object>
    <object>
        <name>ex</name>
        <pose>Unspecified</pose>
        <truncated>0</truncated>
        <difficult>0</difficult>
        <bndbox>
            <xmin>628</xmin>
            <ymin>613</ymin>
            <xmax>638</xmax>
            <ymax>627</ymax>
        </bndbox>
    </object>
    <object>
        <name>ex</name>
        <pose>Unspecified</pose>
        <truncated>0</truncated>
        <difficult>0</difficult>
        <bndbox>
            <xmin>632</xmin>
            <ymin>688</ymin>
            <xmax>660</xmax>
            <ymax>705</ymax>
        </bndbox>
    </object>
    <object>
        <name>ex</name>
        <pose>Unspecified</pose>
        <truncated>0</truncated>
        <difficult>0</difficult>
        <bndbox>
            <xmin>635</xmin>
            <ymin>709</ymin>
            <xmax>640</xmax>
            <ymax>712</ymax>
        </bndbox>
    </object>
    <object>
        <name>ex</name>
        <pose>Unspecified</pose>
        <truncated>0</truncated>
        <difficult>0</difficult>
        <bndbox>
            <xmin>641</xmin>
            <ymin>600</ymin>
            <xmax>664</xmax>
            <ymax>616</ymax>
        </bndbox>
    </object>
    <object>
        <name>ex</name>
        <pose>Unspecified</pose>
        <truncated>0</truncated>
        <difficult>0</difficult>
        <bndbox>
            <xmin>654</xmin>
            <ymin>881</ymin>
            <xmax>655</xmax>
            <ymax>883</ymax>
        </bndbox>
    </object>
    <object>
        <name>ex</name>
        <pose>Unspecified</pose>
        <truncated>0</truncated>
        <difficult>0</difficult>
        <bndbox>
            <xmin>655</xmin>
            <ymin>679</ymin>
            <xmax>668</xmax>
            <ymax>688</ymax>
        </bndbox>
    </object>
    <object>
        <name>ex</name>
        <pose>Unspecified</pose>
        <truncated>0</truncated>
        <difficult>0</difficult>
        <bndbox>
            <xmin>664</xmin>
            <ymin>640</ymin>
            <xmax>665</xmax>
            <ymax>643</ymax>
        </bndbox>
    </object>
    <object>
        <name>ex</name>
        <pose>Unspecified</pose>
        <truncated>0</truncated>
        <difficult>0</difficult>
        <bndbox>
            <xmin>667</xmin>
            <ymin>645</ymin>
            <xmax>680</xmax>
            <ymax>652</ymax>
        </bndbox>
    </object>
    <object>
        <name>ex</name>
        <pose>Unspecified</pose>
        <truncated>0</truncated>
        <difficult>0</difficult>
        <bndbox>
            <xmin>915</xmin>
            <ymin>1210</ymin>
            <xmax>924</xmax>
            <ymax>1219</ymax>
        </bndbox>
    </object>
    <object>
        <name>ex</name>
        <pose>Unspecified</pose>
        <truncated>0</truncated>
        <difficult>0</difficult>
        <bndbox>
            <xmin>1149</xmin>
            <ymin>210</ymin>
            <xmax>1174</xmax>
            <ymax>234</ymax>
        </bndbox>
    </object>
    <object>
        <name>ex</name>
        <pose>Unspecified</pose>
        <truncated>0</truncated>
        <difficult>0</difficult>
        <bndbox>
            <xmin>1149</xmin>
            <ymin>228</ymin>
            <xmax>1159</xmax>
            <ymax>238</ymax>
        </bndbox>
    </object>
    <object>
        <name>ex</name>
        <pose>Unspecified</pose>
        <truncated>0</truncated>
        <difficult>0</difficult>
        <bndbox>
            <xmin>1152</xmin>
            <ymin>261</ymin>
            <xmax>1172</xmax>
            <ymax>274</ymax>
        </bndbox>
    </object>
    <object>
        <name>ex</name>
        <pose>Unspecified</pose>
        <truncated>0</truncated>
        <difficult>0</difficult>
        <bndbox>
            <xmin>1167</xmin>
            <ymin>278</ymin>
            <xmax>1197</xmax>
            <ymax>302</ymax>
        </bndbox>
    </object>
    <object>
        <name>ex</name>
        <pose>Unspecified</pose>
        <truncated>0</truncated>
        <difficult>0</difficult>
        <bndbox>
            <xmin>1194</xmin>
            <ymin>184</ymin>
            <xmax>1227</xmax>
            <ymax>218</ymax>
        </bndbox>
    </object>
    <object>
        <name>ex</name>
        <pose>Unspecified</pose>
        <truncated>0</truncated>
        <difficult>0</difficult>
        <bndbox>
            <xmin>1273</xmin>
            <ymin>1329</ymin>
            <xmax>1302</xmax>
            <ymax>1364</ymax>
        </bndbox>
    </object>
    <object>
        <name>ex</name>
        <pose>Unspecified</pose>
        <truncated>0</truncated>
        <difficult>0</difficult>
        <bndbox>
            <xmin>1282</xmin>
            <ymin>1378</ymin>
            <xmax>1289</xmax>
            <ymax>1391</ymax>
        </bndbox>
    </object>
    <object>
        <name>ex</name>
        <pose>Unspecified</pose>
        <truncated>0</truncated>
        <difficult>0</difficult>
        <bndbox>
            <xmin>1341</xmin>
            <ymin>1335</ymin>
            <xmax>1366</xmax>
            <ymax>1357</ymax>
        </bndbox>
    </object>
    <object>
        <name>ex</name>
        <pose>Unspecified</pose>
        <truncated>0</truncated>
        <difficult>0</difficult>
        <bndbox>
            <xmin>1348</xmin>
            <ymin>1282</ymin>
            <xmax>1361</xmax>
            <ymax>1304</ymax>
        </bndbox>
    </object>
    <object>
        <name>ex</name>
        <pose>Unspecified</pose>
        <truncated>0</truncated>
        <difficult>0</difficult>
        <bndbox>
            <xmin>1368</xmin>
            <ymin>1318</ymin>
            <xmax>1376</xmax>
            <ymax>1329</ymax>
        </bndbox>
    </object>
</annotation>