<annotation>
    <folder>OurDataset</folder>
    <filename>007-5133-300.jpg</filename>
    <size>
        <width>2592</width>
        <height>1728</height>
        <depth>3</depth>
    </size>
    <object>
        <name>ex</name>
        <pose>Unspecified</pose>
        <truncated>0</truncated>
        <difficult>0</difficult>
        <bndbox>
            <xmin>1271</xmin>
            <ymin>549</ymin>
            <xmax>1291</xmax>
            <ymax>589</ymax>
        </bndbox>
    </object>
    <object>
        <name>ex</name>
        <pose>Unspecified</pose>
        <truncated>0</truncated>
        <difficult>0</difficult>
        <bndbox>
            <xmin>1279</xmin>
            <ymin>713</ymin>
            <xmax>1301</xmax>
            <ymax>737</ymax>
        </bndbox>
    </object>
    <object>
        <name>ex</name>
        <pose>Unspecified</pose>
        <truncated>0</truncated>
        <difficult>0</difficult>
        <bndbox>
            <xmin>1311</xmin>
            <ymin>541</ymin>
            <xmax>1335</xmax>
            <ymax>565</ymax>
        </bndbox>
    </object>
    <object>
        <name>ex</name>
        <pose>Unspecified</pose>
        <truncated>0</truncated>
        <difficult>0</difficult>
        <bndbox>
            <xmin>1313</xmin>
            <ymin>1195</ymin>
            <xmax>1323</xmax>
            <ymax>1203</ymax>
        </bndbox>
    </object>
    <object>
        <name>ex</name>
        <pose>Unspecified</pose>
        <truncated>0</truncated>
        <difficult>0</difficult>
        <bndbox>
            <xmin>1331</xmin>
            <ymin>529</ymin>
            <xmax>1351</xmax>
            <ymax>545</ymax>
        </bndbox>
    </object>
    <object>
        <name>ex</name>
        <pose>Unspecified</pose>
        <truncated>0</truncated>
        <difficult>0</difficult>
        <bndbox>
            <xmin>1371</xmin>
            <ymin>659</ymin>
            <xmax>1385</xmax>
            <ymax>671</ymax>
        </bndbox>
    </object>
    <object>
        <name>ex</name>
        <pose>Unspecified</pose>
        <truncated>0</truncated>
        <difficult>0</difficult>
        <bndbox>
            <xmin>1465</xmin>
            <ymin>949</ymin>
            <xmax>1489</xmax>
            <ymax>969</ymax>
        </bndbox>
    </object>
    <object>
        <name>ex</name>
        <pose>Unspecified</pose>
        <truncated>0</truncated>
        <difficult>0</difficult>
        <bndbox>
            <xmin>1501</xmin>
            <ymin>983</ymin>
            <xmax>1509</xmax>
            <ymax>995</ymax>
        </bndbox>
    </object>
    <object>
        <name>ex</name>
        <pose>Unspecified</pose>
        <truncated>0</truncated>
        <difficult>0</difficult>
        <bndbox>
            <xmin>1523</xmin>
            <ymin>749</ymin>
            <xmax>1533</xmax>
            <ymax>767</ymax>
        </bndbox>
    </object>
    <object>
        <name>ex</name>
        <pose>Unspecified</pose>
        <truncated>0</truncated>
        <difficult>0</difficult>
        <bndbox>
            <xmin>1535</xmin>
            <ymin>685</ymin>
            <xmax>1559</xmax>
            <ymax>713</ymax>
        </bndbox>
    </object>
    <object>
        <name>ex</name>
        <pose>Unspecified</pose>
        <truncated>0</truncated>
        <difficult>0</difficult>
        <bndbox>
            <xmin>1545</xmin>
            <ymin>591</ymin>
            <xmax>1553</xmax>
            <ymax>601</ymax>
        </bndbox>
    </object>
    <object>
        <name>ex</name>
        <pose>Unspecified</pose>
        <truncated>0</truncated>
        <difficult>0</difficult>
        <bndbox>
            <xmin>1557</xmin>
            <ymin>709</ymin>
            <xmax>1573</xmax>
            <ymax>719</ymax>
        </bndbox>
    </object>
    <object>
        <name>ex</name>
        <pose>Unspecified</pose>
        <truncated>0</truncated>
        <difficult>0</difficult>
        <bndbox>
            <xmin>1583</xmin>
            <ymin>663</ymin>
            <xmax>1589</xmax>
            <ymax>669</ymax>
        </bndbox>
    </object>
    <object>
        <name>ex</name>
        <pose>Unspecified</pose>
        <truncated>0</truncated>
        <difficult>0</difficult>
        <bndbox>
            <xmin>1679</xmin>
            <ymin>957</ymin>
            <xmax>1685</xmax>
            <ymax>963</ymax>
        </bndbox>
    </object>
    <object>
        <name>ex</name>
        <pose>Unspecified</pose>
        <truncated>0</truncated>
        <difficult>0</difficult>
        <bndbox>
            <xmin>1689</xmin>
            <ymin>887</ymin>
            <xmax>1695</xmax>
            <ymax>895</ymax>
        </bndbox>
    </object>
    <object>
        <name>ex</name>
        <pose>Unspecified</pose>
        <truncated>0</truncated>
        <difficult>0</difficult>
        <bndbox>
            <xmin>1699</xmin>
            <ymin>925</ymin>
            <xmax>1713</xmax>
            <ymax>939</ymax>
        </bndbox>
    </object>
    <object>
        <name>ex</name>
        <pose>Unspecified</pose>
        <truncated>0</truncated>
        <difficult>0</difficult>
        <bndbox>
            <xmin>1717</xmin>
            <ymin>887</ymin>
            <xmax>1731</xmax>
            <ymax>899</ymax>
        </bndbox>
    </object>
    <object>
        <name>ex</name>
        <pose>Unspecified</pose>
        <truncated>0</truncated>
        <difficult>0</difficult>
        <bndbox>
            <xmin>1767</xmin>
            <ymin>921</ymin>
            <xmax>1785</xmax>
            <ymax>947</ymax>
        </bndbox>
    </object>
    <object>
        <name>se</name>
        <pose>Unspecified</pose>
        <truncated>0</truncated>
        <difficult>0</difficult>
        <bndbox>
            <xmin>1541</xmin>
            <ymin>1135</ymin>
            <xmax>1569</xmax>
            <ymax>1189</ymax>
        </bndbox>
    </object>
    <object>
        <name>ma</name>
        <pose>Unspecified</pose>
        <truncated>0</truncated>
        <difficult>0</difficult>
        <bndbox>
            <xmin>961</xmin>
            <ymin>463</ymin>
            <xmax>969</xmax>
            <ymax>473</ymax>
        </bndbox>
    </object>
    <object>
        <name>ma</name>
        <pose>Unspecified</pose>
        <truncated>0</truncated>
        <difficult>0</difficult>
        <bndbox>
            <xmin>1015</xmin>
            <ymin>489</ymin>
            <xmax>1021</xmax>
            <ymax>499</ymax>
        </bndbox>
    </object>
    <object>
        <name>ma</name>
        <pose>Unspecified</pose>
        <truncated>0</truncated>
        <difficult>0</difficult>
        <bndbox>
            <xmin>1047</xmin>
            <ymin>1287</ymin>
            <xmax>1055</xmax>
            <ymax>1295</ymax>
        </bndbox>
    </object>
    <object>
        <name>ma</name>
        <pose>Unspecified</pose>
        <truncated>0</truncated>
        <difficult>0</difficult>
        <bndbox>
            <xmin>1049</xmin>
            <ymin>1059</ymin>
            <xmax>1057</xmax>
            <ymax>1069</ymax>
        </bndbox>
    </object>
    <object>
        <name>ma</name>
        <pose>Unspecified</pose>
        <truncated>0</truncated>
        <difficult>0</difficult>
        <bndbox>
            <xmin>1063</xmin>
            <ymin>1295</ymin>
            <xmax>1065</xmax>
            <ymax>1299</ymax>
        </bndbox>
    </object>
    <object>
        <name>ma</name>
        <pose>Unspecified</pose>
        <truncated>0</truncated>
        <difficult>0</difficult>
        <bndbox>
            <xmin>1221</xmin>
            <ymin>813</ymin>
            <xmax>1229</xmax>
            <ymax>821</ymax>
        </bndbox>
    </object>
    <object>
        <name>ma</name>
        <pose>Unspecified</pose>
        <truncated>0</truncated>
        <difficult>0</difficult>
        <bndbox>
            <xmin>1255</xmin>
            <ymin>1215</ymin>
            <xmax>1265</xmax>
            <ymax>1229</ymax>
        </bndbox>
    </object>
    <object>
        <name>ma</name>
        <pose>Unspecified</pose>
        <truncated>0</truncated>
        <difficult>0</difficult>
        <bndbox>
            <xmin>1299</xmin>
            <ymin>1129</ymin>
            <xmax>1307</xmax>
            <ymax>1137</ymax>
        </bndbox>
    </object>
    <object>
        <name>ma</name>
        <pose>Unspecified</pose>
        <truncated>0</truncated>
        <difficult>0</difficult>
        <bndbox>
            <xmin>1383</xmin>
            <ymin>211</ymin>
            <xmax>1389</xmax>
            <ymax>219</ymax>
        </bndbox>
    </object>
    <object>
        <name>ma</name>
        <pose>Unspecified</pose>
        <truncated>0</truncated>
        <difficult>0</difficult>
        <bndbox>
            <xmin>1425</xmin>
            <ymin>1005</ymin>
            <xmax>1429</xmax>
            <ymax>1011</ymax>
        </bndbox>
    </object>
    <object>
        <name>ma</name>
        <pose>Unspecified</pose>
        <truncated>0</truncated>
        <difficult>0</difficult>
        <bndbox>
            <xmin>1501</xmin>
            <ymin>249</ymin>
            <xmax>1505</xmax>
            <ymax>255</ymax>
        </bndbox>
    </object>
    <object>
        <name>ma</name>
        <pose>Unspecified</pose>
        <truncated>0</truncated>
        <difficult>0</difficult>
        <bndbox>
            <xmin>1511</xmin>
            <ymin>523</ymin>
            <xmax>1521</xmax>
            <ymax>533</ymax>
        </bndbox>
    </object>
    <object>
        <name>ma</name>
        <pose>Unspecified</pose>
        <truncated>0</truncated>
        <difficult>0</difficult>
        <bndbox>
            <xmin>1553</xmin>
            <ymin>743</ymin>
            <xmax>1561</xmax>
            <ymax>749</ymax>
        </bndbox>
    </object>
    <object>
        <name>ma</name>
        <pose>Unspecified</pose>
        <truncated>0</truncated>
        <difficult>0</difficult>
        <bndbox>
            <xmin>1607</xmin>
            <ymin>495</ymin>
            <xmax>1615</xmax>
            <ymax>505</ymax>
        </bndbox>
    </object>
    <object>
        <name>ma</name>
        <pose>Unspecified</pose>
        <truncated>0</truncated>
        <difficult>0</difficult>
        <bndbox>
            <xmin>1607</xmin>
            <ymin>743</ymin>
            <xmax>1613</xmax>
            <ymax>749</ymax>
        </bndbox>
    </object>
    <object>
        <name>ma</name>
        <pose>Unspecified</pose>
        <truncated>0</truncated>
        <difficult>0</difficult>
        <bndbox>
            <xmin>1627</xmin>
            <ymin>669</ymin>
            <xmax>1635</xmax>
            <ymax>673</ymax>
        </bndbox>
    </object>
    <object>
        <name>ma</name>
        <pose>Unspecified</pose>
        <truncated>0</truncated>
        <difficult>0</difficult>
        <bndbox>
            <xmin>1645</xmin>
            <ymin>827</ymin>
            <xmax>1647</xmax>
            <ymax>829</ymax>
        </bndbox>
    </object>
    <object>
        <name>ma</name>
        <pose>Unspecified</pose>
        <truncated>0</truncated>
        <difficult>0</difficult>
        <bndbox>
            <xmin>1649</xmin>
            <ymin>663</ymin>
            <xmax>1651</xmax>
            <ymax>665</ymax>
        </bndbox>
    </object>
    <object>
        <name>ma</name>
        <pose>Unspecified</pose>
        <truncated>0</truncated>
        <difficult>0</difficult>
        <bndbox>
            <xmin>1655</xmin>
            <ymin>923</ymin>
            <xmax>1661</xmax>
            <ymax>931</ymax>
        </bndbox>
    </object>
    <object>
        <name>ma</name>
        <pose>Unspecified</pose>
        <truncated>0</truncated>
        <difficult>0</difficult>
        <bndbox>
            <xmin>1691</xmin>
            <ymin>1239</ymin>
            <xmax>1697</xmax>
            <ymax>1245</ymax>
        </bndbox>
    </object>
    <object>
        <name>ma</name>
        <pose>Unspecified</pose>
        <truncated>0</truncated>
        <difficult>0</difficult>
        <bndbox>
            <xmin>1699</xmin>
            <ymin>591</ymin>
            <xmax>1709</xmax>
            <ymax>601</ymax>
        </bndbox>
    </object>
    <object>
        <name>ma</name>
        <pose>Unspecified</pose>
        <truncated>0</truncated>
        <difficult>0</difficult>
        <bndbox>
            <xmin>1745</xmin>
            <ymin>1005</ymin>
            <xmax>1749</xmax>
            <ymax>1009</ymax>
        </bndbox>
    </object>
    <object>
        <name>ma</name>
        <pose>Unspecified</pose>
        <truncated>0</truncated>
        <difficult>0</difficult>
        <bndbox>
            <xmin>1757</xmin>
            <ymin>657</ymin>
            <xmax>1765</xmax>
            <ymax>663</ymax>
        </bndbox>
    </object>
    <object>
        <name>ma</name>
        <pose>Unspecified</pose>
        <truncated>0</truncated>
        <difficult>0</difficult>
        <bndbox>
            <xmin>1757</xmin>
            <ymin>833</ymin>
            <xmax>1765</xmax>
            <ymax>837</ymax>
        </bndbox>
    </object>
    <object>
        <name>ma</name>
        <pose>Unspecified</pose>
        <truncated>0</truncated>
        <difficult>0</difficult>
        <bndbox>
            <xmin>1759</xmin>
            <ymin>577</ymin>
            <xmax>1767</xmax>
            <ymax>583</ymax>
        </bndbox>
    </object>
    <object>
        <name>ma</name>
        <pose>Unspecified</pose>
        <truncated>0</truncated>
        <difficult>0</difficult>
        <bndbox>
            <xmin>1825</xmin>
            <ymin>803</ymin>
            <xmax>1829</xmax>
            <ymax>807</ymax>
        </bndbox>
    </object>
    <object>
        <name>ma</name>
        <pose>Unspecified</pose>
        <truncated>0</truncated>
        <difficult>0</difficult>
        <bndbox>
            <xmin>1827</xmin>
            <ymin>677</ymin>
            <xmax>1831</xmax>
            <ymax>681</ymax>
        </bndbox>
    </object>
    <object>
        <name>ma</name>
        <pose>Unspecified</pose>
        <truncated>0</truncated>
        <difficult>0</difficult>
        <bndbox>
            <xmin>1837</xmin>
            <ymin>1055</ymin>
            <xmax>1845</xmax>
            <ymax>1061</ymax>
        </bndbox>
    </object>
    <object>
        <name>ma</name>
        <pose>Unspecified</pose>
        <truncated>0</truncated>
        <difficult>0</difficult>
        <bndbox>
            <xmin>1843</xmin>
            <ymin>721</ymin>
            <xmax>1849</xmax>
            <ymax>727</ymax>
        </bndbox>
    </object>
    <object>
        <name>ma</name>
        <pose>Unspecified</pose>
        <truncated>0</truncated>
        <difficult>0</difficult>
        <bndbox>
            <xmin>1849</xmin>
            <ymin>535</ymin>
            <xmax>1863</xmax>
            <ymax>545</ymax>
        </bndbox>
    </object>
    <object>
        <name>ma</name>
        <pose>Unspecified</pose>
        <truncated>0</truncated>
        <difficult>0</difficult>
        <bndbox>
            <xmin>1873</xmin>
            <ymin>827</ymin>
            <xmax>1883</xmax>
            <ymax>839</ymax>
        </bndbox>
    </object>
    <object>
        <name>ma</name>
        <pose>Unspecified</pose>
        <truncated>0</truncated>
        <difficult>0</difficult>
        <bndbox>
            <xmin>1877</xmin>
            <ymin>625</ymin>
            <xmax>1883</xmax>
            <ymax>629</ymax>
        </bndbox>
    </object>
    <object>
        <name>ma</name>
        <pose>Unspecified</pose>
        <truncated>0</truncated>
        <difficult>0</difficult>
        <bndbox>
            <xmin>1877</xmin>
            <ymin>1227</ymin>
            <xmax>1883</xmax>
            <ymax>1233</ymax>
        </bndbox>
    </object>
    <object>
        <name>ma</name>
        <pose>Unspecified</pose>
        <truncated>0</truncated>
        <difficult>0</difficult>
        <bndbox>
            <xmin>1903</xmin>
            <ymin>815</ymin>
            <xmax>1909</xmax>
            <ymax>819</ymax>
        </bndbox>
    </object>
    <object>
        <name>ma</name>
        <pose>Unspecified</pose>
        <truncated>0</truncated>
        <difficult>0</difficult>
        <bndbox>
            <xmin>1915</xmin>
            <ymin>785</ymin>
            <xmax>1923</xmax>
            <ymax>789</ymax>
        </bndbox>
    </object>
    <object>
        <name>ma</name>
        <pose>Unspecified</pose>
        <truncated>0</truncated>
        <difficult>0</difficult>
        <bndbox>
            <xmin>1931</xmin>
            <ymin>843</ymin>
            <xmax>1933</xmax>
            <ymax>847</ymax>
        </bndbox>
    </object>
    <object>
        <name>ma</name>
        <pose>Unspecified</pose>
        <truncated>0</truncated>
        <difficult>0</difficult>
        <bndbox>
            <xmin>1941</xmin>
            <ymin>763</ymin>
            <xmax>1947</xmax>
            <ymax>771</ymax>
        </bndbox>
    </object>
    <object>
        <name>ma</name>
        <pose>Unspecified</pose>
        <truncated>0</truncated>
        <difficult>0</difficult>
        <bndbox>
            <xmin>1957</xmin>
            <ymin>871</ymin>
            <xmax>1961</xmax>
            <ymax>877</ymax>
        </bndbox>
    </object>
    <object>
        <name>ma</name>
        <pose>Unspecified</pose>
        <truncated>0</truncated>
        <difficult>0</difficult>
        <bndbox>
            <xmin>1963</xmin>
            <ymin>1037</ymin>
            <xmax>1973</xmax>
            <ymax>1047</ymax>
        </bndbox>
    </object>
    <object>
        <name>ma</name>
        <pose>Unspecified</pose>
        <truncated>0</truncated>
        <difficult>0</difficult>
        <bndbox>
            <xmin>1975</xmin>
            <ymin>807</ymin>
            <xmax>1979</xmax>
            <ymax>811</ymax>
        </bndbox>
    </object>
    <object>
        <name>ma</name>
        <pose>Unspecified</pose>
        <truncated>0</truncated>
        <difficult>0</difficult>
        <bndbox>
            <xmin>1989</xmin>
            <ymin>727</ymin>
            <xmax>1993</xmax>
            <ymax>729</ymax>
        </bndbox>
    </object>
    <object>
        <name>ma</name>
        <pose>Unspecified</pose>
        <truncated>0</truncated>
        <difficult>0</difficult>
        <bndbox>
            <xmin>2003</xmin>
            <ymin>727</ymin>
            <xmax>2009</xmax>
            <ymax>731</ymax>
        </bndbox>
    </object>
    <object>
        <name>he</name>
        <pose>Unspecified</pose>
        <truncated>0</truncated>
        <difficult>0</difficult>
        <bndbox>
            <xmin>1053</xmin>
            <ymin>1291</ymin>
            <xmax>1069</xmax>
            <ymax>1299</ymax>
        </bndbox>
    </object>
    <object>
        <name>he</name>
        <pose>Unspecified</pose>
        <truncated>0</truncated>
        <difficult>0</difficult>
        <bndbox>
            <xmin>1099</xmin>
            <ymin>585</ymin>
            <xmax>1109</xmax>
            <ymax>597</ymax>
        </bndbox>
    </object>
    <object>
        <name>he</name>
        <pose>Unspecified</pose>
        <truncated>0</truncated>
        <difficult>0</difficult>
        <bndbox>
            <xmin>1165</xmin>
            <ymin>401</ymin>
            <xmax>1179</xmax>
            <ymax>411</ymax>
        </bndbox>
    </object>
    <object>
        <name>he</name>
        <pose>Unspecified</pose>
        <truncated>0</truncated>
        <difficult>0</difficult>
        <bndbox>
            <xmin>1201</xmin>
            <ymin>575</ymin>
            <xmax>1237</xmax>
            <ymax>601</ymax>
        </bndbox>
    </object>
    <object>
        <name>he</name>
        <pose>Unspecified</pose>
        <truncated>0</truncated>
        <difficult>0</difficult>
        <bndbox>
            <xmin>1273</xmin>
            <ymin>601</ymin>
            <xmax>1337</xmax>
            <ymax>623</ymax>
        </bndbox>
    </object>
    <object>
        <name>he</name>
        <pose>Unspecified</pose>
        <truncated>0</truncated>
        <difficult>0</difficult>
        <bndbox>
            <xmin>1281</xmin>
            <ymin>177</ymin>
            <xmax>1309</xmax>
            <ymax>207</ymax>
        </bndbox>
    </object>
    <object>
        <name>he</name>
        <pose>Unspecified</pose>
        <truncated>0</truncated>
        <difficult>0</difficult>
        <bndbox>
            <xmin>1355</xmin>
            <ymin>207</ymin>
            <xmax>1375</xmax>
            <ymax>217</ymax>
        </bndbox>
    </object>
    <object>
        <name>he</name>
        <pose>Unspecified</pose>
        <truncated>0</truncated>
        <difficult>0</difficult>
        <bndbox>
            <xmin>1389</xmin>
            <ymin>177</ymin>
            <xmax>1397</xmax>
            <ymax>187</ymax>
        </bndbox>
    </object>
    <object>
        <name>he</name>
        <pose>Unspecified</pose>
        <truncated>0</truncated>
        <difficult>0</difficult>
        <bndbox>
            <xmin>1403</xmin>
            <ymin>1307</ymin>
            <xmax>1415</xmax>
            <ymax>1323</ymax>
        </bndbox>
    </object>
    <object>
        <name>he</name>
        <pose>Unspecified</pose>
        <truncated>0</truncated>
        <difficult>0</difficult>
        <bndbox>
            <xmin>1431</xmin>
            <ymin>1023</ymin>
            <xmax>1445</xmax>
            <ymax>1045</ymax>
        </bndbox>
    </object>
    <object>
        <name>he</name>
        <pose>Unspecified</pose>
        <truncated>0</truncated>
        <difficult>0</difficult>
        <bndbox>
            <xmin>1475</xmin>
            <ymin>489</ymin>
            <xmax>1489</xmax>
            <ymax>507</ymax>
        </bndbox>
    </object>
    <object>
        <name>he</name>
        <pose>Unspecified</pose>
        <truncated>0</truncated>
        <difficult>0</difficult>
        <bndbox>
            <xmin>1507</xmin>
            <ymin>523</ymin>
            <xmax>1521</xmax>
            <ymax>539</ymax>
        </bndbox>
    </object>
    <object>
        <name>he</name>
        <pose>Unspecified</pose>
        <truncated>0</truncated>
        <difficult>0</difficult>
        <bndbox>
            <xmin>1563</xmin>
            <ymin>1133</ymin>
            <xmax>1615</xmax>
            <ymax>1193</ymax>
        </bndbox>
    </object>
    <object>
        <name>he</name>
        <pose>Unspecified</pose>
        <truncated>0</truncated>
        <difficult>0</difficult>
        <bndbox>
            <xmin>1575</xmin>
            <ymin>1039</ymin>
            <xmax>1587</xmax>
            <ymax>1059</ymax>
        </bndbox>
    </object>
    <object>
        <name>he</name>
        <pose>Unspecified</pose>
        <truncated>0</truncated>
        <difficult>0</difficult>
        <bndbox>
            <xmin>1625</xmin>
            <ymin>1255</ymin>
            <xmax>1639</xmax>
            <ymax>1273</ymax>
        </bndbox>
    </object>
    <object>
        <name>he</name>
        <pose>Unspecified</pose>
        <truncated>0</truncated>
        <difficult>0</difficult>
        <bndbox>
            <xmin>1699</xmin>
            <ymin>593</ymin>
            <xmax>1705</xmax>
            <ymax>599</ymax>
        </bndbox>
    </object>
    <object>
        <name>he</name>
        <pose>Unspecified</pose>
        <truncated>0</truncated>
        <difficult>0</difficult>
        <bndbox>
            <xmin>1733</xmin>
            <ymin>1301</ymin>
            <xmax>1769</xmax>
            <ymax>1327</ymax>
        </bndbox>
    </object>
    <object>
        <name>he</name>
        <pose>Unspecified</pose>
        <truncated>0</truncated>
        <difficult>0</difficult>
        <bndbox>
            <xmin>1755</xmin>
            <ymin>651</ymin>
            <xmax>1767</xmax>
            <ymax>661</ymax>
        </bndbox>
    </object>
    <object>
        <name>he</name>
        <pose>Unspecified</pose>
        <truncated>0</truncated>
        <difficult>0</difficult>
        <bndbox>
            <xmin>1797</xmin>
            <ymin>529</ymin>
            <xmax>1869</xmax>
            <ymax>591</ymax>
        </bndbox>
    </object>
    <object>
        <name>he</name>
        <pose>Unspecified</pose>
        <truncated>0</truncated>
        <difficult>0</difficult>
        <bndbox>
            <xmin>1797</xmin>
            <ymin>775</ymin>
            <xmax>1807</xmax>
            <ymax>789</ymax>
        </bndbox>
    </object>
    <object>
        <name>he</name>
        <pose>Unspecified</pose>
        <truncated>0</truncated>
        <difficult>0</difficult>
        <bndbox>
            <xmin>1813</xmin>
            <ymin>847</ymin>
            <xmax>1823</xmax>
            <ymax>861</ymax>
        </bndbox>
    </object>
    <object>
        <name>he</name>
        <pose>Unspecified</pose>
        <truncated>0</truncated>
        <difficult>0</difficult>
        <bndbox>
            <xmin>1817</xmin>
            <ymin>807</ymin>
            <xmax>1827</xmax>
            <ymax>819</ymax>
        </bndbox>
    </object>
    <object>
        <name>he</name>
        <pose>Unspecified</pose>
        <truncated>0</truncated>
        <difficult>0</difficult>
        <bndbox>
            <xmin>1819</xmin>
            <ymin>739</ymin>
            <xmax>1849</xmax>
            <ymax>767</ymax>
        </bndbox>
    </object>
    <object>
        <name>he</name>
        <pose>Unspecified</pose>
        <truncated>0</truncated>
        <difficult>0</difficult>
        <bndbox>
            <xmin>1821</xmin>
            <ymin>667</ymin>
            <xmax>1837</xmax>
            <ymax>677</ymax>
        </bndbox>
    </object>
    <object>
        <name>he</name>
        <pose>Unspecified</pose>
        <truncated>0</truncated>
        <difficult>0</difficult>
        <bndbox>
            <xmin>1841</xmin>
            <ymin>1207</ymin>
            <xmax>1857</xmax>
            <ymax>1221</ymax>
        </bndbox>
    </object>
    <object>
        <name>he</name>
        <pose>Unspecified</pose>
        <truncated>0</truncated>
        <difficult>0</difficult>
        <bndbox>
            <xmin>1857</xmin>
            <ymin>1025</ymin>
            <xmax>1863</xmax>
            <ymax>1045</ymax>
        </bndbox>
    </object>
    <object>
        <name>he</name>
        <pose>Unspecified</pose>
        <truncated>0</truncated>
        <difficult>0</difficult>
        <bndbox>
            <xmin>1865</xmin>
            <ymin>827</ymin>
            <xmax>1879</xmax>
            <ymax>835</ymax>
        </bndbox>
    </object>
    <object>
        <name>he</name>
        <pose>Unspecified</pose>
        <truncated>0</truncated>
        <difficult>0</difficult>
        <bndbox>
            <xmin>1865</xmin>
            <ymin>857</ymin>
            <xmax>1883</xmax>
            <ymax>873</ymax>
        </bndbox>
    </object>
    <object>
        <name>he</name>
        <pose>Unspecified</pose>
        <truncated>0</truncated>
        <difficult>0</difficult>
        <bndbox>
            <xmin>1865</xmin>
            <ymin>1229</ymin>
            <xmax>1877</xmax>
            <ymax>1245</ymax>
        </bndbox>
    </object>
    <object>
        <name>he</name>
        <pose>Unspecified</pose>
        <truncated>0</truncated>
        <difficult>0</difficult>
        <bndbox>
            <xmin>1873</xmin>
            <ymin>615</ymin>
            <xmax>1889</xmax>
            <ymax>631</ymax>
        </bndbox>
    </object>
    <object>
        <name>he</name>
        <pose>Unspecified</pose>
        <truncated>0</truncated>
        <difficult>0</difficult>
        <bndbox>
            <xmin>1877</xmin>
            <ymin>761</ymin>
            <xmax>1891</xmax>
            <ymax>773</ymax>
        </bndbox>
    </object>
    <object>
        <name>he</name>
        <pose>Unspecified</pose>
        <truncated>0</truncated>
        <difficult>0</difficult>
        <bndbox>
            <xmin>1897</xmin>
            <ymin>895</ymin>
            <xmax>1915</xmax>
            <ymax>921</ymax>
        </bndbox>
    </object>
    <object>
        <name>he</name>
        <pose>Unspecified</pose>
        <truncated>0</truncated>
        <difficult>0</difficult>
        <bndbox>
            <xmin>1909</xmin>
            <ymin>781</ymin>
            <xmax>1929</xmax>
            <ymax>791</ymax>
        </bndbox>
    </object>
    <object>
        <name>he</name>
        <pose>Unspecified</pose>
        <truncated>0</truncated>
        <difficult>0</difficult>
        <bndbox>
            <xmin>1961</xmin>
            <ymin>1035</ymin>
            <xmax>1975</xmax>
            <ymax>1047</ymax>
        </bndbox>
    </object>
    <object>
        <name>he</name>
        <pose>Unspecified</pose>
        <truncated>0</truncated>
        <difficult>0</difficult>
        <bndbox>
            <xmin>1981</xmin>
            <ymin>721</ymin>
            <xmax>1991</xmax>
            <ymax>731</ymax>
        </bndbox>
    </object>
    <object>
        <name>he</name>
        <pose>Unspecified</pose>
        <truncated>0</truncated>
        <difficult>0</difficult>
        <bndbox>
            <xmin>1981</xmin>
            <ymin>933</ymin>
            <xmax>2011</xmax>
            <ymax>953</ymax>
        </bndbox>
    </object>
    <object>
        <name>he</name>
        <pose>Unspecified</pose>
        <truncated>0</truncated>
        <difficult>0</difficult>
        <bndbox>
            <xmin>2023</xmin>
            <ymin>877</ymin>
            <xmax>2033</xmax>
            <ymax>893</ymax>
        </bndbox>
    </object>
    <object>
        <name>he</name>
        <pose>Unspecified</pose>
        <truncated>0</truncated>
        <difficult>0</difficult>
        <bndbox>
            <xmin>2027</xmin>
            <ymin>943</ymin>
            <xmax>2055</xmax>
            <ymax>957</ymax>
        </bndbox>
    </object>
    <object>
        <name>ex</name>
        <pose>Unspecified</pose>
        <truncated>0</truncated>
        <difficult>0</difficult>
        <bndbox>
            <xmin>1271</xmin>
            <ymin>549</ymin>
            <xmax>1291</xmax>
            <ymax>589</ymax>
        </bndbox>
    </object>
    <object>
        <name>ex</name>
        <pose>Unspecified</pose>
        <truncated>0</truncated>
        <difficult>0</difficult>
        <bndbox>
            <xmin>1279</xmin>
            <ymin>713</ymin>
            <xmax>1301</xmax>
            <ymax>737</ymax>
        </bndbox>
    </object>
    <object>
        <name>ex</name>
        <pose>Unspecified</pose>
        <truncated>0</truncated>
        <difficult>0</difficult>
        <bndbox>
            <xmin>1311</xmin>
            <ymin>541</ymin>
            <xmax>1335</xmax>
            <ymax>565</ymax>
        </bndbox>
    </object>
    <object>
        <name>ex</name>
        <pose>Unspecified</pose>
        <truncated>0</truncated>
        <difficult>0</difficult>
        <bndbox>
            <xmin>1313</xmin>
            <ymin>1195</ymin>
            <xmax>1323</xmax>
            <ymax>1203</ymax>
        </bndbox>
    </object>
    <object>
        <name>ex</name>
        <pose>Unspecified</pose>
        <truncated>0</truncated>
        <difficult>0</difficult>
        <bndbox>
            <xmin>1331</xmin>
            <ymin>529</ymin>
            <xmax>1351</xmax>
            <ymax>545</ymax>
        </bndbox>
    </object>
    <object>
        <name>ex</name>
        <pose>Unspecified</pose>
        <truncated>0</truncated>
        <difficult>0</difficult>
        <bndbox>
            <xmin>1371</xmin>
            <ymin>659</ymin>
            <xmax>1385</xmax>
            <ymax>671</ymax>
        </bndbox>
    </object>
    <object>
        <name>ex</name>
        <pose>Unspecified</pose>
        <truncated>0</truncated>
        <difficult>0</difficult>
        <bndbox>
            <xmin>1465</xmin>
            <ymin>949</ymin>
            <xmax>1489</xmax>
            <ymax>969</ymax>
        </bndbox>
    </object>
    <object>
        <name>ex</name>
        <pose>Unspecified</pose>
        <truncated>0</truncated>
        <difficult>0</difficult>
        <bndbox>
            <xmin>1501</xmin>
            <ymin>983</ymin>
            <xmax>1509</xmax>
            <ymax>995</ymax>
        </bndbox>
    </object>
    <object>
        <name>ex</name>
        <pose>Unspecified</pose>
        <truncated>0</truncated>
        <difficult>0</difficult>
        <bndbox>
            <xmin>1523</xmin>
            <ymin>749</ymin>
            <xmax>1533</xmax>
            <ymax>767</ymax>
        </bndbox>
    </object>
    <object>
        <name>ex</name>
        <pose>Unspecified</pose>
        <truncated>0</truncated>
        <difficult>0</difficult>
        <bndbox>
            <xmin>1535</xmin>
            <ymin>685</ymin>
            <xmax>1559</xmax>
            <ymax>713</ymax>
        </bndbox>
    </object>
    <object>
        <name>ex</name>
        <pose>Unspecified</pose>
        <truncated>0</truncated>
        <difficult>0</difficult>
        <bndbox>
            <xmin>1545</xmin>
            <ymin>591</ymin>
            <xmax>1553</xmax>
            <ymax>601</ymax>
        </bndbox>
    </object>
    <object>
        <name>ex</name>
        <pose>Unspecified</pose>
        <truncated>0</truncated>
        <difficult>0</difficult>
        <bndbox>
            <xmin>1557</xmin>
            <ymin>709</ymin>
            <xmax>1573</xmax>
            <ymax>719</ymax>
        </bndbox>
    </object>
    <object>
        <name>ex</name>
        <pose>Unspecified</pose>
        <truncated>0</truncated>
        <difficult>0</difficult>
        <bndbox>
            <xmin>1583</xmin>
            <ymin>663</ymin>
            <xmax>1589</xmax>
            <ymax>669</ymax>
        </bndbox>
    </object>
    <object>
        <name>ex</name>
        <pose>Unspecified</pose>
        <truncated>0</truncated>
        <difficult>0</difficult>
        <bndbox>
            <xmin>1679</xmin>
            <ymin>957</ymin>
            <xmax>1685</xmax>
            <ymax>963</ymax>
        </bndbox>
    </object>
    <object>
        <name>ex</name>
        <pose>Unspecified</pose>
        <truncated>0</truncated>
        <difficult>0</difficult>
        <bndbox>
            <xmin>1689</xmin>
            <ymin>887</ymin>
            <xmax>1695</xmax>
            <ymax>895</ymax>
        </bndbox>
    </object>
    <object>
        <name>ex</name>
        <pose>Unspecified</pose>
        <truncated>0</truncated>
        <difficult>0</difficult>
        <bndbox>
            <xmin>1699</xmin>
            <ymin>925</ymin>
            <xmax>1713</xmax>
            <ymax>939</ymax>
        </bndbox>
    </object>
    <object>
        <name>ex</name>
        <pose>Unspecified</pose>
        <truncated>0</truncated>
        <difficult>0</difficult>
        <bndbox>
            <xmin>1717</xmin>
            <ymin>887</ymin>
            <xmax>1731</xmax>
            <ymax>899</ymax>
        </bndbox>
    </object>
    <object>
        <name>ex</name>
        <pose>Unspecified</pose>
        <truncated>0</truncated>
        <difficult>0</difficult>
        <bndbox>
            <xmin>1767</xmin>
            <ymin>921</ymin>
            <xmax>1785</xmax>
            <ymax>947</ymax>
        </bndbox>
    </object>
    <object>
        <name>se</name>
        <pose>Unspecified</pose>
        <truncated>0</truncated>
        <difficult>0</difficult>
        <bndbox>
            <xmin>1541</xmin>
            <ymin>1135</ymin>
            <xmax>1569</xmax>
            <ymax>1189</ymax>
        </bndbox>
    </object>
    <object>
        <name>ma</name>
        <pose>Unspecified</pose>
        <truncated>0</truncated>
        <difficult>0</difficult>
        <bndbox>
            <xmin>961</xmin>
            <ymin>463</ymin>
            <xmax>969</xmax>
            <ymax>473</ymax>
        </bndbox>
    </object>
    <object>
        <name>ma</name>
        <pose>Unspecified</pose>
        <truncated>0</truncated>
        <difficult>0</difficult>
        <bndbox>
            <xmin>1015</xmin>
            <ymin>489</ymin>
            <xmax>1021</xmax>
            <ymax>499</ymax>
        </bndbox>
    </object>
    <object>
        <name>ma</name>
        <pose>Unspecified</pose>
        <truncated>0</truncated>
        <difficult>0</difficult>
        <bndbox>
            <xmin>1047</xmin>
            <ymin>1287</ymin>
            <xmax>1055</xmax>
            <ymax>1295</ymax>
        </bndbox>
    </object>
    <object>
        <name>ma</name>
        <pose>Unspecified</pose>
        <truncated>0</truncated>
        <difficult>0</difficult>
        <bndbox>
            <xmin>1049</xmin>
            <ymin>1059</ymin>
            <xmax>1057</xmax>
            <ymax>1069</ymax>
        </bndbox>
    </object>
    <object>
        <name>ma</name>
        <pose>Unspecified</pose>
        <truncated>0</truncated>
        <difficult>0</difficult>
        <bndbox>
            <xmin>1063</xmin>
            <ymin>1295</ymin>
            <xmax>1065</xmax>
            <ymax>1299</ymax>
        </bndbox>
    </object>
    <object>
        <name>ma</name>
        <pose>Unspecified</pose>
        <truncated>0</truncated>
        <difficult>0</difficult>
        <bndbox>
            <xmin>1221</xmin>
            <ymin>813</ymin>
            <xmax>1229</xmax>
            <ymax>821</ymax>
        </bndbox>
    </object>
    <object>
        <name>ma</name>
        <pose>Unspecified</pose>
        <truncated>0</truncated>
        <difficult>0</difficult>
        <bndbox>
            <xmin>1255</xmin>
            <ymin>1215</ymin>
            <xmax>1265</xmax>
            <ymax>1229</ymax>
        </bndbox>
    </object>
    <object>
        <name>ma</name>
        <pose>Unspecified</pose>
        <truncated>0</truncated>
        <difficult>0</difficult>
        <bndbox>
            <xmin>1299</xmin>
            <ymin>1129</ymin>
            <xmax>1307</xmax>
            <ymax>1137</ymax>
        </bndbox>
    </object>
    <object>
        <name>ma</name>
        <pose>Unspecified</pose>
        <truncated>0</truncated>
        <difficult>0</difficult>
        <bndbox>
            <xmin>1383</xmin>
            <ymin>211</ymin>
            <xmax>1389</xmax>
            <ymax>219</ymax>
        </bndbox>
    </object>
    <object>
        <name>ma</name>
        <pose>Unspecified</pose>
        <truncated>0</truncated>
        <difficult>0</difficult>
        <bndbox>
            <xmin>1425</xmin>
            <ymin>1005</ymin>
            <xmax>1429</xmax>
            <ymax>1011</ymax>
        </bndbox>
    </object>
    <object>
        <name>ma</name>
        <pose>Unspecified</pose>
        <truncated>0</truncated>
        <difficult>0</difficult>
        <bndbox>
            <xmin>1501</xmin>
            <ymin>249</ymin>
            <xmax>1505</xmax>
            <ymax>255</ymax>
        </bndbox>
    </object>
    <object>
        <name>ma</name>
        <pose>Unspecified</pose>
        <truncated>0</truncated>
        <difficult>0</difficult>
        <bndbox>
            <xmin>1511</xmin>
            <ymin>523</ymin>
            <xmax>1521</xmax>
            <ymax>533</ymax>
        </bndbox>
    </object>
    <object>
        <name>ma</name>
        <pose>Unspecified</pose>
        <truncated>0</truncated>
        <difficult>0</difficult>
        <bndbox>
            <xmin>1553</xmin>
            <ymin>743</ymin>
            <xmax>1561</xmax>
            <ymax>749</ymax>
        </bndbox>
    </object>
    <object>
        <name>ma</name>
        <pose>Unspecified</pose>
        <truncated>0</truncated>
        <difficult>0</difficult>
        <bndbox>
            <xmin>1607</xmin>
            <ymin>495</ymin>
            <xmax>1615</xmax>
            <ymax>505</ymax>
        </bndbox>
    </object>
    <object>
        <name>ma</name>
        <pose>Unspecified</pose>
        <truncated>0</truncated>
        <difficult>0</difficult>
        <bndbox>
            <xmin>1607</xmin>
            <ymin>743</ymin>
            <xmax>1613</xmax>
            <ymax>749</ymax>
        </bndbox>
    </object>
    <object>
        <name>ma</name>
        <pose>Unspecified</pose>
        <truncated>0</truncated>
        <difficult>0</difficult>
        <bndbox>
            <xmin>1627</xmin>
            <ymin>669</ymin>
            <xmax>1635</xmax>
            <ymax>673</ymax>
        </bndbox>
    </object>
    <object>
        <name>ma</name>
        <pose>Unspecified</pose>
        <truncated>0</truncated>
        <difficult>0</difficult>
        <bndbox>
            <xmin>1645</xmin>
            <ymin>827</ymin>
            <xmax>1647</xmax>
            <ymax>829</ymax>
        </bndbox>
    </object>
    <object>
        <name>ma</name>
        <pose>Unspecified</pose>
        <truncated>0</truncated>
        <difficult>0</difficult>
        <bndbox>
            <xmin>1649</xmin>
            <ymin>663</ymin>
            <xmax>1651</xmax>
            <ymax>665</ymax>
        </bndbox>
    </object>
    <object>
        <name>ma</name>
        <pose>Unspecified</pose>
        <truncated>0</truncated>
        <difficult>0</difficult>
        <bndbox>
            <xmin>1655</xmin>
            <ymin>923</ymin>
            <xmax>1661</xmax>
            <ymax>931</ymax>
        </bndbox>
    </object>
    <object>
        <name>ma</name>
        <pose>Unspecified</pose>
        <truncated>0</truncated>
        <difficult>0</difficult>
        <bndbox>
            <xmin>1691</xmin>
            <ymin>1239</ymin>
            <xmax>1697</xmax>
            <ymax>1245</ymax>
        </bndbox>
    </object>
    <object>
        <name>ma</name>
        <pose>Unspecified</pose>
        <truncated>0</truncated>
        <difficult>0</difficult>
        <bndbox>
            <xmin>1699</xmin>
            <ymin>591</ymin>
            <xmax>1709</xmax>
            <ymax>601</ymax>
        </bndbox>
    </object>
    <object>
        <name>ma</name>
        <pose>Unspecified</pose>
        <truncated>0</truncated>
        <difficult>0</difficult>
        <bndbox>
            <xmin>1745</xmin>
            <ymin>1005</ymin>
            <xmax>1749</xmax>
            <ymax>1009</ymax>
        </bndbox>
    </object>
    <object>
        <name>ma</name>
        <pose>Unspecified</pose>
        <truncated>0</truncated>
        <difficult>0</difficult>
        <bndbox>
            <xmin>1757</xmin>
            <ymin>657</ymin>
            <xmax>1765</xmax>
            <ymax>663</ymax>
        </bndbox>
    </object>
    <object>
        <name>ma</name>
        <pose>Unspecified</pose>
        <truncated>0</truncated>
        <difficult>0</difficult>
        <bndbox>
            <xmin>1757</xmin>
            <ymin>833</ymin>
            <xmax>1765</xmax>
            <ymax>837</ymax>
        </bndbox>
    </object>
    <object>
        <name>ma</name>
        <pose>Unspecified</pose>
        <truncated>0</truncated>
        <difficult>0</difficult>
        <bndbox>
            <xmin>1759</xmin>
            <ymin>577</ymin>
            <xmax>1767</xmax>
            <ymax>583</ymax>
        </bndbox>
    </object>
    <object>
        <name>ma</name>
        <pose>Unspecified</pose>
        <truncated>0</truncated>
        <difficult>0</difficult>
        <bndbox>
            <xmin>1825</xmin>
            <ymin>803</ymin>
            <xmax>1829</xmax>
            <ymax>807</ymax>
        </bndbox>
    </object>
    <object>
        <name>ma</name>
        <pose>Unspecified</pose>
        <truncated>0</truncated>
        <difficult>0</difficult>
        <bndbox>
            <xmin>1827</xmin>
            <ymin>677</ymin>
            <xmax>1831</xmax>
            <ymax>681</ymax>
        </bndbox>
    </object>
    <object>
        <name>ma</name>
        <pose>Unspecified</pose>
        <truncated>0</truncated>
        <difficult>0</difficult>
        <bndbox>
            <xmin>1837</xmin>
            <ymin>1055</ymin>
            <xmax>1845</xmax>
            <ymax>1061</ymax>
        </bndbox>
    </object>
    <object>
        <name>ma</name>
        <pose>Unspecified</pose>
        <truncated>0</truncated>
        <difficult>0</difficult>
        <bndbox>
            <xmin>1843</xmin>
            <ymin>721</ymin>
            <xmax>1849</xmax>
            <ymax>727</ymax>
        </bndbox>
    </object>
    <object>
        <name>ma</name>
        <pose>Unspecified</pose>
        <truncated>0</truncated>
        <difficult>0</difficult>
        <bndbox>
            <xmin>1849</xmin>
            <ymin>535</ymin>
            <xmax>1863</xmax>
            <ymax>545</ymax>
        </bndbox>
    </object>
    <object>
        <name>ma</name>
        <pose>Unspecified</pose>
        <truncated>0</truncated>
        <difficult>0</difficult>
        <bndbox>
            <xmin>1873</xmin>
            <ymin>827</ymin>
            <xmax>1883</xmax>
            <ymax>839</ymax>
        </bndbox>
    </object>
    <object>
        <name>ma</name>
        <pose>Unspecified</pose>
        <truncated>0</truncated>
        <difficult>0</difficult>
        <bndbox>
            <xmin>1877</xmin>
            <ymin>625</ymin>
            <xmax>1883</xmax>
            <ymax>629</ymax>
        </bndbox>
    </object>
    <object>
        <name>ma</name>
        <pose>Unspecified</pose>
        <truncated>0</truncated>
        <difficult>0</difficult>
        <bndbox>
            <xmin>1877</xmin>
            <ymin>1227</ymin>
            <xmax>1883</xmax>
            <ymax>1233</ymax>
        </bndbox>
    </object>
    <object>
        <name>ma</name>
        <pose>Unspecified</pose>
        <truncated>0</truncated>
        <difficult>0</difficult>
        <bndbox>
            <xmin>1903</xmin>
            <ymin>815</ymin>
            <xmax>1909</xmax>
            <ymax>819</ymax>
        </bndbox>
    </object>
    <object>
        <name>ma</name>
        <pose>Unspecified</pose>
        <truncated>0</truncated>
        <difficult>0</difficult>
        <bndbox>
            <xmin>1915</xmin>
            <ymin>785</ymin>
            <xmax>1923</xmax>
            <ymax>789</ymax>
        </bndbox>
    </object>
    <object>
        <name>ma</name>
        <pose>Unspecified</pose>
        <truncated>0</truncated>
        <difficult>0</difficult>
        <bndbox>
            <xmin>1931</xmin>
            <ymin>843</ymin>
            <xmax>1933</xmax>
            <ymax>847</ymax>
        </bndbox>
    </object>
    <object>
        <name>ma</name>
        <pose>Unspecified</pose>
        <truncated>0</truncated>
        <difficult>0</difficult>
        <bndbox>
            <xmin>1941</xmin>
            <ymin>763</ymin>
            <xmax>1947</xmax>
            <ymax>771</ymax>
        </bndbox>
    </object>
    <object>
        <name>ma</name>
        <pose>Unspecified</pose>
        <truncated>0</truncated>
        <difficult>0</difficult>
        <bndbox>
            <xmin>1957</xmin>
            <ymin>871</ymin>
            <xmax>1961</xmax>
            <ymax>877</ymax>
        </bndbox>
    </object>
    <object>
        <name>ma</name>
        <pose>Unspecified</pose>
        <truncated>0</truncated>
        <difficult>0</difficult>
        <bndbox>
            <xmin>1963</xmin>
            <ymin>1037</ymin>
            <xmax>1973</xmax>
            <ymax>1047</ymax>
        </bndbox>
    </object>
    <object>
        <name>ma</name>
        <pose>Unspecified</pose>
        <truncated>0</truncated>
        <difficult>0</difficult>
        <bndbox>
            <xmin>1975</xmin>
            <ymin>807</ymin>
            <xmax>1979</xmax>
            <ymax>811</ymax>
        </bndbox>
    </object>
    <object>
        <name>ma</name>
        <pose>Unspecified</pose>
        <truncated>0</truncated>
        <difficult>0</difficult>
        <bndbox>
            <xmin>1989</xmin>
            <ymin>727</ymin>
            <xmax>1993</xmax>
            <ymax>729</ymax>
        </bndbox>
    </object>
    <object>
        <name>ma</name>
        <pose>Unspecified</pose>
        <truncated>0</truncated>
        <difficult>0</difficult>
        <bndbox>
            <xmin>2003</xmin>
            <ymin>727</ymin>
            <xmax>2009</xmax>
            <ymax>731</ymax>
        </bndbox>
    </object>
    <object>
        <name>he</name>
        <pose>Unspecified</pose>
        <truncated>0</truncated>
        <difficult>0</difficult>
        <bndbox>
            <xmin>1053</xmin>
            <ymin>1291</ymin>
            <xmax>1069</xmax>
            <ymax>1299</ymax>
        </bndbox>
    </object>
    <object>
        <name>he</name>
        <pose>Unspecified</pose>
        <truncated>0</truncated>
        <difficult>0</difficult>
        <bndbox>
            <xmin>1099</xmin>
            <ymin>585</ymin>
            <xmax>1109</xmax>
            <ymax>597</ymax>
        </bndbox>
    </object>
    <object>
        <name>he</name>
        <pose>Unspecified</pose>
        <truncated>0</truncated>
        <difficult>0</difficult>
        <bndbox>
            <xmin>1165</xmin>
            <ymin>401</ymin>
            <xmax>1179</xmax>
            <ymax>411</ymax>
        </bndbox>
    </object>
    <object>
        <name>he</name>
        <pose>Unspecified</pose>
        <truncated>0</truncated>
        <difficult>0</difficult>
        <bndbox>
            <xmin>1201</xmin>
            <ymin>575</ymin>
            <xmax>1237</xmax>
            <ymax>601</ymax>
        </bndbox>
    </object>
    <object>
        <name>he</name>
        <pose>Unspecified</pose>
        <truncated>0</truncated>
        <difficult>0</difficult>
        <bndbox>
            <xmin>1273</xmin>
            <ymin>601</ymin>
            <xmax>1337</xmax>
            <ymax>623</ymax>
        </bndbox>
    </object>
    <object>
        <name>he</name>
        <pose>Unspecified</pose>
        <truncated>0</truncated>
        <difficult>0</difficult>
        <bndbox>
            <xmin>1281</xmin>
            <ymin>177</ymin>
            <xmax>1309</xmax>
            <ymax>207</ymax>
        </bndbox>
    </object>
    <object>
        <name>he</name>
        <pose>Unspecified</pose>
        <truncated>0</truncated>
        <difficult>0</difficult>
        <bndbox>
            <xmin>1355</xmin>
            <ymin>207</ymin>
            <xmax>1375</xmax>
            <ymax>217</ymax>
        </bndbox>
    </object>
    <object>
        <name>he</name>
        <pose>Unspecified</pose>
        <truncated>0</truncated>
        <difficult>0</difficult>
        <bndbox>
            <xmin>1389</xmin>
            <ymin>177</ymin>
            <xmax>1397</xmax>
            <ymax>187</ymax>
        </bndbox>
    </object>
    <object>
        <name>he</name>
        <pose>Unspecified</pose>
        <truncated>0</truncated>
        <difficult>0</difficult>
        <bndbox>
            <xmin>1403</xmin>
            <ymin>1307</ymin>
            <xmax>1415</xmax>
            <ymax>1323</ymax>
        </bndbox>
    </object>
    <object>
        <name>he</name>
        <pose>Unspecified</pose>
        <truncated>0</truncated>
        <difficult>0</difficult>
        <bndbox>
            <xmin>1431</xmin>
            <ymin>1023</ymin>
            <xmax>1445</xmax>
            <ymax>1045</ymax>
        </bndbox>
    </object>
    <object>
        <name>he</name>
        <pose>Unspecified</pose>
        <truncated>0</truncated>
        <difficult>0</difficult>
        <bndbox>
            <xmin>1475</xmin>
            <ymin>489</ymin>
            <xmax>1489</xmax>
            <ymax>507</ymax>
        </bndbox>
    </object>
    <object>
        <name>he</name>
        <pose>Unspecified</pose>
        <truncated>0</truncated>
        <difficult>0</difficult>
        <bndbox>
            <xmin>1507</xmin>
            <ymin>523</ymin>
            <xmax>1521</xmax>
            <ymax>539</ymax>
        </bndbox>
    </object>
    <object>
        <name>he</name>
        <pose>Unspecified</pose>
        <truncated>0</truncated>
        <difficult>0</difficult>
        <bndbox>
            <xmin>1563</xmin>
            <ymin>1133</ymin>
            <xmax>1615</xmax>
            <ymax>1193</ymax>
        </bndbox>
    </object>
    <object>
        <name>he</name>
        <pose>Unspecified</pose>
        <truncated>0</truncated>
        <difficult>0</difficult>
        <bndbox>
            <xmin>1575</xmin>
            <ymin>1039</ymin>
            <xmax>1587</xmax>
            <ymax>1059</ymax>
        </bndbox>
    </object>
    <object>
        <name>he</name>
        <pose>Unspecified</pose>
        <truncated>0</truncated>
        <difficult>0</difficult>
        <bndbox>
            <xmin>1625</xmin>
            <ymin>1255</ymin>
            <xmax>1639</xmax>
            <ymax>1273</ymax>
        </bndbox>
    </object>
    <object>
        <name>he</name>
        <pose>Unspecified</pose>
        <truncated>0</truncated>
        <difficult>0</difficult>
        <bndbox>
            <xmin>1699</xmin>
            <ymin>593</ymin>
            <xmax>1705</xmax>
            <ymax>599</ymax>
        </bndbox>
    </object>
    <object>
        <name>he</name>
        <pose>Unspecified</pose>
        <truncated>0</truncated>
        <difficult>0</difficult>
        <bndbox>
            <xmin>1733</xmin>
            <ymin>1301</ymin>
            <xmax>1769</xmax>
            <ymax>1327</ymax>
        </bndbox>
    </object>
    <object>
        <name>he</name>
        <pose>Unspecified</pose>
        <truncated>0</truncated>
        <difficult>0</difficult>
        <bndbox>
            <xmin>1755</xmin>
            <ymin>651</ymin>
            <xmax>1767</xmax>
            <ymax>661</ymax>
        </bndbox>
    </object>
    <object>
        <name>he</name>
        <pose>Unspecified</pose>
        <truncated>0</truncated>
        <difficult>0</difficult>
        <bndbox>
            <xmin>1797</xmin>
            <ymin>529</ymin>
            <xmax>1869</xmax>
            <ymax>591</ymax>
        </bndbox>
    </object>
    <object>
        <name>he</name>
        <pose>Unspecified</pose>
        <truncated>0</truncated>
        <difficult>0</difficult>
        <bndbox>
            <xmin>1797</xmin>
            <ymin>775</ymin>
            <xmax>1807</xmax>
            <ymax>789</ymax>
        </bndbox>
    </object>
    <object>
        <name>he</name>
        <pose>Unspecified</pose>
        <truncated>0</truncated>
        <difficult>0</difficult>
        <bndbox>
            <xmin>1813</xmin>
            <ymin>847</ymin>
            <xmax>1823</xmax>
            <ymax>861</ymax>
        </bndbox>
    </object>
    <object>
        <name>he</name>
        <pose>Unspecified</pose>
        <truncated>0</truncated>
        <difficult>0</difficult>
        <bndbox>
            <xmin>1817</xmin>
            <ymin>807</ymin>
            <xmax>1827</xmax>
            <ymax>819</ymax>
        </bndbox>
    </object>
    <object>
        <name>he</name>
        <pose>Unspecified</pose>
        <truncated>0</truncated>
        <difficult>0</difficult>
        <bndbox>
            <xmin>1819</xmin>
            <ymin>739</ymin>
            <xmax>1849</xmax>
            <ymax>767</ymax>
        </bndbox>
    </object>
    <object>
        <name>he</name>
        <pose>Unspecified</pose>
        <truncated>0</truncated>
        <difficult>0</difficult>
        <bndbox>
            <xmin>1821</xmin>
            <ymin>667</ymin>
            <xmax>1837</xmax>
            <ymax>677</ymax>
        </bndbox>
    </object>
    <object>
        <name>he</name>
        <pose>Unspecified</pose>
        <truncated>0</truncated>
        <difficult>0</difficult>
        <bndbox>
            <xmin>1841</xmin>
            <ymin>1207</ymin>
            <xmax>1857</xmax>
            <ymax>1221</ymax>
        </bndbox>
    </object>
    <object>
        <name>he</name>
        <pose>Unspecified</pose>
        <truncated>0</truncated>
        <difficult>0</difficult>
        <bndbox>
            <xmin>1857</xmin>
            <ymin>1025</ymin>
            <xmax>1863</xmax>
            <ymax>1045</ymax>
        </bndbox>
    </object>
    <object>
        <name>he</name>
        <pose>Unspecified</pose>
        <truncated>0</truncated>
        <difficult>0</difficult>
        <bndbox>
            <xmin>1865</xmin>
            <ymin>827</ymin>
            <xmax>1879</xmax>
            <ymax>835</ymax>
        </bndbox>
    </object>
    <object>
        <name>he</name>
        <pose>Unspecified</pose>
        <truncated>0</truncated>
        <difficult>0</difficult>
        <bndbox>
            <xmin>1865</xmin>
            <ymin>857</ymin>
            <xmax>1883</xmax>
            <ymax>873</ymax>
        </bndbox>
    </object>
    <object>
        <name>he</name>
        <pose>Unspecified</pose>
        <truncated>0</truncated>
        <difficult>0</difficult>
        <bndbox>
            <xmin>1865</xmin>
            <ymin>1229</ymin>
            <xmax>1877</xmax>
            <ymax>1245</ymax>
        </bndbox>
    </object>
    <object>
        <name>he</name>
        <pose>Unspecified</pose>
        <truncated>0</truncated>
        <difficult>0</difficult>
        <bndbox>
            <xmin>1873</xmin>
            <ymin>615</ymin>
            <xmax>1889</xmax>
            <ymax>631</ymax>
        </bndbox>
    </object>
    <object>
        <name>he</name>
        <pose>Unspecified</pose>
        <truncated>0</truncated>
        <difficult>0</difficult>
        <bndbox>
            <xmin>1877</xmin>
            <ymin>761</ymin>
            <xmax>1891</xmax>
            <ymax>773</ymax>
        </bndbox>
    </object>
    <object>
        <name>he</name>
        <pose>Unspecified</pose>
        <truncated>0</truncated>
        <difficult>0</difficult>
        <bndbox>
            <xmin>1897</xmin>
            <ymin>895</ymin>
            <xmax>1915</xmax>
            <ymax>921</ymax>
        </bndbox>
    </object>
    <object>
        <name>he</name>
        <pose>Unspecified</pose>
        <truncated>0</truncated>
        <difficult>0</difficult>
        <bndbox>
            <xmin>1909</xmin>
            <ymin>781</ymin>
            <xmax>1929</xmax>
            <ymax>791</ymax>
        </bndbox>
    </object>
    <object>
        <name>he</name>
        <pose>Unspecified</pose>
        <truncated>0</truncated>
        <difficult>0</difficult>
        <bndbox>
            <xmin>1961</xmin>
            <ymin>1035</ymin>
            <xmax>1975</xmax>
            <ymax>1047</ymax>
        </bndbox>
    </object>
    <object>
        <name>he</name>
        <pose>Unspecified</pose>
        <truncated>0</truncated>
        <difficult>0</difficult>
        <bndbox>
            <xmin>1981</xmin>
            <ymin>721</ymin>
            <xmax>1991</xmax>
            <ymax>731</ymax>
        </bndbox>
    </object>
    <object>
        <name>he</name>
        <pose>Unspecified</pose>
        <truncated>0</truncated>
        <difficult>0</difficult>
        <bndbox>
            <xmin>1981</xmin>
            <ymin>933</ymin>
            <xmax>2011</xmax>
            <ymax>953</ymax>
        </bndbox>
    </object>
    <object>
        <name>he</name>
        <pose>Unspecified</pose>
        <truncated>0</truncated>
        <difficult>0</difficult>
        <bndbox>
            <xmin>2023</xmin>
            <ymin>877</ymin>
            <xmax>2033</xmax>
            <ymax>893</ymax>
        </bndbox>
    </object>
    <object>
        <name>he</name>
        <pose>Unspecified</pose>
        <truncated>0</truncated>
        <difficult>0</difficult>
        <bndbox>
            <xmin>2027</xmin>
            <ymin>943</ymin>
            <xmax>2055</xmax>
            <ymax>957</ymax>
        </bndbox>
    </object>
    <object>
        <name>ex</name>
        <pose>Unspecified</pose>
        <truncated>0</truncated>
        <difficult>0</difficult>
        <bndbox>
            <xmin>1271</xmin>
            <ymin>549</ymin>
            <xmax>1291</xmax>
            <ymax>589</ymax>
        </bndbox>
    </object>
    <object>
        <name>ex</name>
        <pose>Unspecified</pose>
        <truncated>0</truncated>
        <difficult>0</difficult>
        <bndbox>
            <xmin>1279</xmin>
            <ymin>713</ymin>
            <xmax>1301</xmax>
            <ymax>737</ymax>
        </bndbox>
    </object>
    <object>
        <name>ex</name>
        <pose>Unspecified</pose>
        <truncated>0</truncated>
        <difficult>0</difficult>
        <bndbox>
            <xmin>1311</xmin>
            <ymin>541</ymin>
            <xmax>1335</xmax>
            <ymax>565</ymax>
        </bndbox>
    </object>
    <object>
        <name>ex</name>
        <pose>Unspecified</pose>
        <truncated>0</truncated>
        <difficult>0</difficult>
        <bndbox>
            <xmin>1313</xmin>
            <ymin>1195</ymin>
            <xmax>1323</xmax>
            <ymax>1203</ymax>
        </bndbox>
    </object>
    <object>
        <name>ex</name>
        <pose>Unspecified</pose>
        <truncated>0</truncated>
        <difficult>0</difficult>
        <bndbox>
            <xmin>1331</xmin>
            <ymin>529</ymin>
            <xmax>1351</xmax>
            <ymax>545</ymax>
        </bndbox>
    </object>
    <object>
        <name>ex</name>
        <pose>Unspecified</pose>
        <truncated>0</truncated>
        <difficult>0</difficult>
        <bndbox>
            <xmin>1371</xmin>
            <ymin>659</ymin>
            <xmax>1385</xmax>
            <ymax>671</ymax>
        </bndbox>
    </object>
    <object>
        <name>ex</name>
        <pose>Unspecified</pose>
        <truncated>0</truncated>
        <difficult>0</difficult>
        <bndbox>
            <xmin>1465</xmin>
            <ymin>949</ymin>
            <xmax>1489</xmax>
            <ymax>969</ymax>
        </bndbox>
    </object>
    <object>
        <name>ex</name>
        <pose>Unspecified</pose>
        <truncated>0</truncated>
        <difficult>0</difficult>
        <bndbox>
            <xmin>1501</xmin>
            <ymin>983</ymin>
            <xmax>1509</xmax>
            <ymax>995</ymax>
        </bndbox>
    </object>
    <object>
        <name>ex</name>
        <pose>Unspecified</pose>
        <truncated>0</truncated>
        <difficult>0</difficult>
        <bndbox>
            <xmin>1523</xmin>
            <ymin>749</ymin>
            <xmax>1533</xmax>
            <ymax>767</ymax>
        </bndbox>
    </object>
    <object>
        <name>ex</name>
        <pose>Unspecified</pose>
        <truncated>0</truncated>
        <difficult>0</difficult>
        <bndbox>
            <xmin>1535</xmin>
            <ymin>685</ymin>
            <xmax>1559</xmax>
            <ymax>713</ymax>
        </bndbox>
    </object>
    <object>
        <name>ex</name>
        <pose>Unspecified</pose>
        <truncated>0</truncated>
        <difficult>0</difficult>
        <bndbox>
            <xmin>1545</xmin>
            <ymin>591</ymin>
            <xmax>1553</xmax>
            <ymax>601</ymax>
        </bndbox>
    </object>
    <object>
        <name>ex</name>
        <pose>Unspecified</pose>
        <truncated>0</truncated>
        <difficult>0</difficult>
        <bndbox>
            <xmin>1557</xmin>
            <ymin>709</ymin>
            <xmax>1573</xmax>
            <ymax>719</ymax>
        </bndbox>
    </object>
    <object>
        <name>ex</name>
        <pose>Unspecified</pose>
        <truncated>0</truncated>
        <difficult>0</difficult>
        <bndbox>
            <xmin>1583</xmin>
            <ymin>663</ymin>
            <xmax>1589</xmax>
            <ymax>669</ymax>
        </bndbox>
    </object>
    <object>
        <name>ex</name>
        <pose>Unspecified</pose>
        <truncated>0</truncated>
        <difficult>0</difficult>
        <bndbox>
            <xmin>1679</xmin>
            <ymin>957</ymin>
            <xmax>1685</xmax>
            <ymax>963</ymax>
        </bndbox>
    </object>
    <object>
        <name>ex</name>
        <pose>Unspecified</pose>
        <truncated>0</truncated>
        <difficult>0</difficult>
        <bndbox>
            <xmin>1689</xmin>
            <ymin>887</ymin>
            <xmax>1695</xmax>
            <ymax>895</ymax>
        </bndbox>
    </object>
    <object>
        <name>ex</name>
        <pose>Unspecified</pose>
        <truncated>0</truncated>
        <difficult>0</difficult>
        <bndbox>
            <xmin>1699</xmin>
            <ymin>925</ymin>
            <xmax>1713</xmax>
            <ymax>939</ymax>
        </bndbox>
    </object>
    <object>
        <name>ex</name>
        <pose>Unspecified</pose>
        <truncated>0</truncated>
        <difficult>0</difficult>
        <bndbox>
            <xmin>1717</xmin>
            <ymin>887</ymin>
            <xmax>1731</xmax>
            <ymax>899</ymax>
        </bndbox>
    </object>
    <object>
        <name>ex</name>
        <pose>Unspecified</pose>
        <truncated>0</truncated>
        <difficult>0</difficult>
        <bndbox>
            <xmin>1767</xmin>
            <ymin>921</ymin>
            <xmax>1785</xmax>
            <ymax>947</ymax>
        </bndbox>
    </object>
</annotation>