<annotation>
    <folder>OurDataset</folder>
    <filename>007-5470-300.jpg</filename>
    <size>
        <width>2592</width>
        <height>1728</height>
        <depth>3</depth>
    </size>
    <object>
        <name>ex</name>
        <pose>Unspecified</pose>
        <truncated>0</truncated>
        <difficult>0</difficult>
        <bndbox>
            <xmin>937</xmin>
            <ymin>1097</ymin>
            <xmax>943</xmax>
            <ymax>1105</ymax>
        </bndbox>
    </object>
    <object>
        <name>ex</name>
        <pose>Unspecified</pose>
        <truncated>0</truncated>
        <difficult>0</difficult>
        <bndbox>
            <xmin>949</xmin>
            <ymin>1135</ymin>
            <xmax>969</xmax>
            <ymax>1147</ymax>
        </bndbox>
    </object>
    <object>
        <name>ex</name>
        <pose>Unspecified</pose>
        <truncated>0</truncated>
        <difficult>0</difficult>
        <bndbox>
            <xmin>955</xmin>
            <ymin>1125</ymin>
            <xmax>961</xmax>
            <ymax>1131</ymax>
        </bndbox>
    </object>
    <object>
        <name>ex</name>
        <pose>Unspecified</pose>
        <truncated>0</truncated>
        <difficult>0</difficult>
        <bndbox>
            <xmin>973</xmin>
            <ymin>1137</ymin>
            <xmax>983</xmax>
            <ymax>1147</ymax>
        </bndbox>
    </object>
    <object>
        <name>ex</name>
        <pose>Unspecified</pose>
        <truncated>0</truncated>
        <difficult>0</difficult>
        <bndbox>
            <xmin>979</xmin>
            <ymin>1127</ymin>
            <xmax>989</xmax>
            <ymax>1133</ymax>
        </bndbox>
    </object>
    <object>
        <name>ex</name>
        <pose>Unspecified</pose>
        <truncated>0</truncated>
        <difficult>0</difficult>
        <bndbox>
            <xmin>979</xmin>
            <ymin>1163</ymin>
            <xmax>989</xmax>
            <ymax>1169</ymax>
        </bndbox>
    </object>
    <object>
        <name>ex</name>
        <pose>Unspecified</pose>
        <truncated>0</truncated>
        <difficult>0</difficult>
        <bndbox>
            <xmin>983</xmin>
            <ymin>1147</ymin>
            <xmax>989</xmax>
            <ymax>1153</ymax>
        </bndbox>
    </object>
    <object>
        <name>ex</name>
        <pose>Unspecified</pose>
        <truncated>0</truncated>
        <difficult>0</difficult>
        <bndbox>
            <xmin>1011</xmin>
            <ymin>1153</ymin>
            <xmax>1013</xmax>
            <ymax>1155</ymax>
        </bndbox>
    </object>
    <object>
        <name>ex</name>
        <pose>Unspecified</pose>
        <truncated>0</truncated>
        <difficult>0</difficult>
        <bndbox>
            <xmin>1017</xmin>
            <ymin>1091</ymin>
            <xmax>1019</xmax>
            <ymax>1095</ymax>
        </bndbox>
    </object>
    <object>
        <name>ex</name>
        <pose>Unspecified</pose>
        <truncated>0</truncated>
        <difficult>0</difficult>
        <bndbox>
            <xmin>1027</xmin>
            <ymin>1117</ymin>
            <xmax>1029</xmax>
            <ymax>1121</ymax>
        </bndbox>
    </object>
    <object>
        <name>ex</name>
        <pose>Unspecified</pose>
        <truncated>0</truncated>
        <difficult>0</difficult>
        <bndbox>
            <xmin>1039</xmin>
            <ymin>1063</ymin>
            <xmax>1043</xmax>
            <ymax>1067</ymax>
        </bndbox>
    </object>
    <object>
        <name>ex</name>
        <pose>Unspecified</pose>
        <truncated>0</truncated>
        <difficult>0</difficult>
        <bndbox>
            <xmin>1047</xmin>
            <ymin>1063</ymin>
            <xmax>1055</xmax>
            <ymax>1071</ymax>
        </bndbox>
    </object>
    <object>
        <name>ex</name>
        <pose>Unspecified</pose>
        <truncated>0</truncated>
        <difficult>0</difficult>
        <bndbox>
            <xmin>1063</xmin>
            <ymin>1093</ymin>
            <xmax>1075</xmax>
            <ymax>1105</ymax>
        </bndbox>
    </object>
    <object>
        <name>ex</name>
        <pose>Unspecified</pose>
        <truncated>0</truncated>
        <difficult>0</difficult>
        <bndbox>
            <xmin>1063</xmin>
            <ymin>1115</ymin>
            <xmax>1067</xmax>
            <ymax>1117</ymax>
        </bndbox>
    </object>
    <object>
        <name>ex</name>
        <pose>Unspecified</pose>
        <truncated>0</truncated>
        <difficult>0</difficult>
        <bndbox>
            <xmin>1065</xmin>
            <ymin>1261</ymin>
            <xmax>1073</xmax>
            <ymax>1271</ymax>
        </bndbox>
    </object>
    <object>
        <name>ex</name>
        <pose>Unspecified</pose>
        <truncated>0</truncated>
        <difficult>0</difficult>
        <bndbox>
            <xmin>1077</xmin>
            <ymin>1059</ymin>
            <xmax>1089</xmax>
            <ymax>1067</ymax>
        </bndbox>
    </object>
    <object>
        <name>ex</name>
        <pose>Unspecified</pose>
        <truncated>0</truncated>
        <difficult>0</difficult>
        <bndbox>
            <xmin>1079</xmin>
            <ymin>1095</ymin>
            <xmax>1083</xmax>
            <ymax>1097</ymax>
        </bndbox>
    </object>
    <object>
        <name>ex</name>
        <pose>Unspecified</pose>
        <truncated>0</truncated>
        <difficult>0</difficult>
        <bndbox>
            <xmin>1085</xmin>
            <ymin>1087</ymin>
            <xmax>1089</xmax>
            <ymax>1091</ymax>
        </bndbox>
    </object>
    <object>
        <name>ex</name>
        <pose>Unspecified</pose>
        <truncated>0</truncated>
        <difficult>0</difficult>
        <bndbox>
            <xmin>1085</xmin>
            <ymin>1127</ymin>
            <xmax>1091</xmax>
            <ymax>1133</ymax>
        </bndbox>
    </object>
    <object>
        <name>ex</name>
        <pose>Unspecified</pose>
        <truncated>0</truncated>
        <difficult>0</difficult>
        <bndbox>
            <xmin>1095</xmin>
            <ymin>1099</ymin>
            <xmax>1099</xmax>
            <ymax>1101</ymax>
        </bndbox>
    </object>
    <object>
        <name>ex</name>
        <pose>Unspecified</pose>
        <truncated>0</truncated>
        <difficult>0</difficult>
        <bndbox>
            <xmin>1097</xmin>
            <ymin>1075</ymin>
            <xmax>1111</xmax>
            <ymax>1087</ymax>
        </bndbox>
    </object>
    <object>
        <name>ex</name>
        <pose>Unspecified</pose>
        <truncated>0</truncated>
        <difficult>0</difficult>
        <bndbox>
            <xmin>1097</xmin>
            <ymin>1259</ymin>
            <xmax>1153</xmax>
            <ymax>1289</ymax>
        </bndbox>
    </object>
    <object>
        <name>ex</name>
        <pose>Unspecified</pose>
        <truncated>0</truncated>
        <difficult>0</difficult>
        <bndbox>
            <xmin>1103</xmin>
            <ymin>1089</ymin>
            <xmax>1117</xmax>
            <ymax>1099</ymax>
        </bndbox>
    </object>
    <object>
        <name>ex</name>
        <pose>Unspecified</pose>
        <truncated>0</truncated>
        <difficult>0</difficult>
        <bndbox>
            <xmin>1105</xmin>
            <ymin>1055</ymin>
            <xmax>1109</xmax>
            <ymax>1061</ymax>
        </bndbox>
    </object>
    <object>
        <name>ex</name>
        <pose>Unspecified</pose>
        <truncated>0</truncated>
        <difficult>0</difficult>
        <bndbox>
            <xmin>1119</xmin>
            <ymin>1093</ymin>
            <xmax>1135</xmax>
            <ymax>1115</ymax>
        </bndbox>
    </object>
    <object>
        <name>ex</name>
        <pose>Unspecified</pose>
        <truncated>0</truncated>
        <difficult>0</difficult>
        <bndbox>
            <xmin>1125</xmin>
            <ymin>1291</ymin>
            <xmax>1135</xmax>
            <ymax>1301</ymax>
        </bndbox>
    </object>
    <object>
        <name>ex</name>
        <pose>Unspecified</pose>
        <truncated>0</truncated>
        <difficult>0</difficult>
        <bndbox>
            <xmin>1135</xmin>
            <ymin>1411</ymin>
            <xmax>1167</xmax>
            <ymax>1431</ymax>
        </bndbox>
    </object>
    <object>
        <name>ex</name>
        <pose>Unspecified</pose>
        <truncated>0</truncated>
        <difficult>0</difficult>
        <bndbox>
            <xmin>1143</xmin>
            <ymin>187</ymin>
            <xmax>1167</xmax>
            <ymax>207</ymax>
        </bndbox>
    </object>
    <object>
        <name>ex</name>
        <pose>Unspecified</pose>
        <truncated>0</truncated>
        <difficult>0</difficult>
        <bndbox>
            <xmin>1143</xmin>
            <ymin>1051</ymin>
            <xmax>1147</xmax>
            <ymax>1055</ymax>
        </bndbox>
    </object>
    <object>
        <name>ex</name>
        <pose>Unspecified</pose>
        <truncated>0</truncated>
        <difficult>0</difficult>
        <bndbox>
            <xmin>1143</xmin>
            <ymin>1283</ymin>
            <xmax>1157</xmax>
            <ymax>1301</ymax>
        </bndbox>
    </object>
    <object>
        <name>ex</name>
        <pose>Unspecified</pose>
        <truncated>0</truncated>
        <difficult>0</difficult>
        <bndbox>
            <xmin>1147</xmin>
            <ymin>229</ymin>
            <xmax>1151</xmax>
            <ymax>231</ymax>
        </bndbox>
    </object>
    <object>
        <name>ex</name>
        <pose>Unspecified</pose>
        <truncated>0</truncated>
        <difficult>0</difficult>
        <bndbox>
            <xmin>1165</xmin>
            <ymin>1271</ymin>
            <xmax>1171</xmax>
            <ymax>1279</ymax>
        </bndbox>
    </object>
    <object>
        <name>ex</name>
        <pose>Unspecified</pose>
        <truncated>0</truncated>
        <difficult>0</difficult>
        <bndbox>
            <xmin>1171</xmin>
            <ymin>1285</ymin>
            <xmax>1185</xmax>
            <ymax>1313</ymax>
        </bndbox>
    </object>
    <object>
        <name>ex</name>
        <pose>Unspecified</pose>
        <truncated>0</truncated>
        <difficult>0</difficult>
        <bndbox>
            <xmin>1171</xmin>
            <ymin>1425</ymin>
            <xmax>1183</xmax>
            <ymax>1439</ymax>
        </bndbox>
    </object>
    <object>
        <name>ex</name>
        <pose>Unspecified</pose>
        <truncated>0</truncated>
        <difficult>0</difficult>
        <bndbox>
            <xmin>1173</xmin>
            <ymin>179</ymin>
            <xmax>1199</xmax>
            <ymax>211</ymax>
        </bndbox>
    </object>
    <object>
        <name>ex</name>
        <pose>Unspecified</pose>
        <truncated>0</truncated>
        <difficult>0</difficult>
        <bndbox>
            <xmin>1177</xmin>
            <ymin>171</ymin>
            <xmax>1179</xmax>
            <ymax>175</ymax>
        </bndbox>
    </object>
    <object>
        <name>ex</name>
        <pose>Unspecified</pose>
        <truncated>0</truncated>
        <difficult>0</difficult>
        <bndbox>
            <xmin>1187</xmin>
            <ymin>213</ymin>
            <xmax>1191</xmax>
            <ymax>217</ymax>
        </bndbox>
    </object>
    <object>
        <name>ex</name>
        <pose>Unspecified</pose>
        <truncated>0</truncated>
        <difficult>0</difficult>
        <bndbox>
            <xmin>1329</xmin>
            <ymin>261</ymin>
            <xmax>1339</xmax>
            <ymax>283</ymax>
        </bndbox>
    </object>
    <object>
        <name>ex</name>
        <pose>Unspecified</pose>
        <truncated>0</truncated>
        <difficult>0</difficult>
        <bndbox>
            <xmin>1329</xmin>
            <ymin>289</ymin>
            <xmax>1341</xmax>
            <ymax>299</ymax>
        </bndbox>
    </object>
    <object>
        <name>ex</name>
        <pose>Unspecified</pose>
        <truncated>0</truncated>
        <difficult>0</difficult>
        <bndbox>
            <xmin>1331</xmin>
            <ymin>185</ymin>
            <xmax>1367</xmax>
            <ymax>225</ymax>
        </bndbox>
    </object>
    <object>
        <name>ex</name>
        <pose>Unspecified</pose>
        <truncated>0</truncated>
        <difficult>0</difficult>
        <bndbox>
            <xmin>1337</xmin>
            <ymin>229</ymin>
            <xmax>1357</xmax>
            <ymax>247</ymax>
        </bndbox>
    </object>
    <object>
        <name>ex</name>
        <pose>Unspecified</pose>
        <truncated>0</truncated>
        <difficult>0</difficult>
        <bndbox>
            <xmin>1343</xmin>
            <ymin>333</ymin>
            <xmax>1361</xmax>
            <ymax>353</ymax>
        </bndbox>
    </object>
    <object>
        <name>ex</name>
        <pose>Unspecified</pose>
        <truncated>0</truncated>
        <difficult>0</difficult>
        <bndbox>
            <xmin>1345</xmin>
            <ymin>255</ymin>
            <xmax>1353</xmax>
            <ymax>265</ymax>
        </bndbox>
    </object>
    <object>
        <name>ex</name>
        <pose>Unspecified</pose>
        <truncated>0</truncated>
        <difficult>0</difficult>
        <bndbox>
            <xmin>1361</xmin>
            <ymin>173</ymin>
            <xmax>1369</xmax>
            <ymax>185</ymax>
        </bndbox>
    </object>
    <object>
        <name>ex</name>
        <pose>Unspecified</pose>
        <truncated>0</truncated>
        <difficult>0</difficult>
        <bndbox>
            <xmin>1361</xmin>
            <ymin>203</ymin>
            <xmax>1381</xmax>
            <ymax>227</ymax>
        </bndbox>
    </object>
    <object>
        <name>ex</name>
        <pose>Unspecified</pose>
        <truncated>0</truncated>
        <difficult>0</difficult>
        <bndbox>
            <xmin>1367</xmin>
            <ymin>185</ymin>
            <xmax>1381</xmax>
            <ymax>195</ymax>
        </bndbox>
    </object>
    <object>
        <name>ex</name>
        <pose>Unspecified</pose>
        <truncated>0</truncated>
        <difficult>0</difficult>
        <bndbox>
            <xmin>1371</xmin>
            <ymin>393</ymin>
            <xmax>1387</xmax>
            <ymax>403</ymax>
        </bndbox>
    </object>
    <object>
        <name>ex</name>
        <pose>Unspecified</pose>
        <truncated>0</truncated>
        <difficult>0</difficult>
        <bndbox>
            <xmin>1381</xmin>
            <ymin>355</ymin>
            <xmax>1409</xmax>
            <ymax>393</ymax>
        </bndbox>
    </object>
    <object>
        <name>ex</name>
        <pose>Unspecified</pose>
        <truncated>0</truncated>
        <difficult>0</difficult>
        <bndbox>
            <xmin>1389</xmin>
            <ymin>167</ymin>
            <xmax>1401</xmax>
            <ymax>177</ymax>
        </bndbox>
    </object>
    <object>
        <name>ex</name>
        <pose>Unspecified</pose>
        <truncated>0</truncated>
        <difficult>0</difficult>
        <bndbox>
            <xmin>1389</xmin>
            <ymin>187</ymin>
            <xmax>1401</xmax>
            <ymax>193</ymax>
        </bndbox>
    </object>
    <object>
        <name>ex</name>
        <pose>Unspecified</pose>
        <truncated>0</truncated>
        <difficult>0</difficult>
        <bndbox>
            <xmin>1393</xmin>
            <ymin>193</ymin>
            <xmax>1407</xmax>
            <ymax>211</ymax>
        </bndbox>
    </object>
    <object>
        <name>ex</name>
        <pose>Unspecified</pose>
        <truncated>0</truncated>
        <difficult>0</difficult>
        <bndbox>
            <xmin>1403</xmin>
            <ymin>181</ymin>
            <xmax>1413</xmax>
            <ymax>191</ymax>
        </bndbox>
    </object>
    <object>
        <name>ex</name>
        <pose>Unspecified</pose>
        <truncated>0</truncated>
        <difficult>0</difficult>
        <bndbox>
            <xmin>1407</xmin>
            <ymin>213</ymin>
            <xmax>1411</xmax>
            <ymax>217</ymax>
        </bndbox>
    </object>
    <object>
        <name>ex</name>
        <pose>Unspecified</pose>
        <truncated>0</truncated>
        <difficult>0</difficult>
        <bndbox>
            <xmin>1409</xmin>
            <ymin>171</ymin>
            <xmax>1411</xmax>
            <ymax>173</ymax>
        </bndbox>
    </object>
    <object>
        <name>ex</name>
        <pose>Unspecified</pose>
        <truncated>0</truncated>
        <difficult>0</difficult>
        <bndbox>
            <xmin>1411</xmin>
            <ymin>189</ymin>
            <xmax>1447</xmax>
            <ymax>237</ymax>
        </bndbox>
    </object>
    <object>
        <name>ex</name>
        <pose>Unspecified</pose>
        <truncated>0</truncated>
        <difficult>0</difficult>
        <bndbox>
            <xmin>1415</xmin>
            <ymin>223</ymin>
            <xmax>1419</xmax>
            <ymax>227</ymax>
        </bndbox>
    </object>
    <object>
        <name>ex</name>
        <pose>Unspecified</pose>
        <truncated>0</truncated>
        <difficult>0</difficult>
        <bndbox>
            <xmin>1435</xmin>
            <ymin>265</ymin>
            <xmax>1441</xmax>
            <ymax>281</ymax>
        </bndbox>
    </object>
    <object>
        <name>ex</name>
        <pose>Unspecified</pose>
        <truncated>0</truncated>
        <difficult>0</difficult>
        <bndbox>
            <xmin>1457</xmin>
            <ymin>157</ymin>
            <xmax>1461</xmax>
            <ymax>161</ymax>
        </bndbox>
    </object>
    <object>
        <name>ex</name>
        <pose>Unspecified</pose>
        <truncated>0</truncated>
        <difficult>0</difficult>
        <bndbox>
            <xmin>1461</xmin>
            <ymin>329</ymin>
            <xmax>1473</xmax>
            <ymax>343</ymax>
        </bndbox>
    </object>
    <object>
        <name>ex</name>
        <pose>Unspecified</pose>
        <truncated>0</truncated>
        <difficult>0</difficult>
        <bndbox>
            <xmin>1461</xmin>
            <ymin>497</ymin>
            <xmax>1475</xmax>
            <ymax>509</ymax>
        </bndbox>
    </object>
    <object>
        <name>ex</name>
        <pose>Unspecified</pose>
        <truncated>0</truncated>
        <difficult>0</difficult>
        <bndbox>
            <xmin>1469</xmin>
            <ymin>279</ymin>
            <xmax>1503</xmax>
            <ymax>307</ymax>
        </bndbox>
    </object>
    <object>
        <name>ex</name>
        <pose>Unspecified</pose>
        <truncated>0</truncated>
        <difficult>0</difficult>
        <bndbox>
            <xmin>1475</xmin>
            <ymin>275</ymin>
            <xmax>1481</xmax>
            <ymax>281</ymax>
        </bndbox>
    </object>
    <object>
        <name>ex</name>
        <pose>Unspecified</pose>
        <truncated>0</truncated>
        <difficult>0</difficult>
        <bndbox>
            <xmin>1481</xmin>
            <ymin>503</ymin>
            <xmax>1493</xmax>
            <ymax>513</ymax>
        </bndbox>
    </object>
    <object>
        <name>ex</name>
        <pose>Unspecified</pose>
        <truncated>0</truncated>
        <difficult>0</difficult>
        <bndbox>
            <xmin>1485</xmin>
            <ymin>369</ymin>
            <xmax>1497</xmax>
            <ymax>395</ymax>
        </bndbox>
    </object>
    <object>
        <name>se</name>
        <pose>Unspecified</pose>
        <truncated>0</truncated>
        <difficult>0</difficult>
        <bndbox>
            <xmin>1495</xmin>
            <ymin>561</ymin>
            <xmax>1567</xmax>
            <ymax>601</ymax>
        </bndbox>
    </object>
    <object>
        <name>se</name>
        <pose>Unspecified</pose>
        <truncated>0</truncated>
        <difficult>0</difficult>
        <bndbox>
            <xmin>1499</xmin>
            <ymin>1285</ymin>
            <xmax>1553</xmax>
            <ymax>1331</ymax>
        </bndbox>
    </object>
    <object>
        <name>ma</name>
        <pose>Unspecified</pose>
        <truncated>0</truncated>
        <difficult>0</difficult>
        <bndbox>
            <xmin>809</xmin>
            <ymin>849</ymin>
            <xmax>815</xmax>
            <ymax>855</ymax>
        </bndbox>
    </object>
    <object>
        <name>ma</name>
        <pose>Unspecified</pose>
        <truncated>0</truncated>
        <difficult>0</difficult>
        <bndbox>
            <xmin>833</xmin>
            <ymin>837</ymin>
            <xmax>839</xmax>
            <ymax>841</ymax>
        </bndbox>
    </object>
    <object>
        <name>ma</name>
        <pose>Unspecified</pose>
        <truncated>0</truncated>
        <difficult>0</difficult>
        <bndbox>
            <xmin>865</xmin>
            <ymin>723</ymin>
            <xmax>873</xmax>
            <ymax>731</ymax>
        </bndbox>
    </object>
    <object>
        <name>ma</name>
        <pose>Unspecified</pose>
        <truncated>0</truncated>
        <difficult>0</difficult>
        <bndbox>
            <xmin>867</xmin>
            <ymin>277</ymin>
            <xmax>873</xmax>
            <ymax>283</ymax>
        </bndbox>
    </object>
    <object>
        <name>ma</name>
        <pose>Unspecified</pose>
        <truncated>0</truncated>
        <difficult>0</difficult>
        <bndbox>
            <xmin>871</xmin>
            <ymin>809</ymin>
            <xmax>879</xmax>
            <ymax>817</ymax>
        </bndbox>
    </object>
    <object>
        <name>ma</name>
        <pose>Unspecified</pose>
        <truncated>0</truncated>
        <difficult>0</difficult>
        <bndbox>
            <xmin>879</xmin>
            <ymin>277</ymin>
            <xmax>883</xmax>
            <ymax>281</ymax>
        </bndbox>
    </object>
    <object>
        <name>ma</name>
        <pose>Unspecified</pose>
        <truncated>0</truncated>
        <difficult>0</difficult>
        <bndbox>
            <xmin>941</xmin>
            <ymin>931</ymin>
            <xmax>945</xmax>
            <ymax>937</ymax>
        </bndbox>
    </object>
    <object>
        <name>ma</name>
        <pose>Unspecified</pose>
        <truncated>0</truncated>
        <difficult>0</difficult>
        <bndbox>
            <xmin>947</xmin>
            <ymin>407</ymin>
            <xmax>963</xmax>
            <ymax>421</ymax>
        </bndbox>
    </object>
    <object>
        <name>ma</name>
        <pose>Unspecified</pose>
        <truncated>0</truncated>
        <difficult>0</difficult>
        <bndbox>
            <xmin>979</xmin>
            <ymin>217</ymin>
            <xmax>991</xmax>
            <ymax>229</ymax>
        </bndbox>
    </object>
    <object>
        <name>ma</name>
        <pose>Unspecified</pose>
        <truncated>0</truncated>
        <difficult>0</difficult>
        <bndbox>
            <xmin>1005</xmin>
            <ymin>375</ymin>
            <xmax>1023</xmax>
            <ymax>391</ymax>
        </bndbox>
    </object>
    <object>
        <name>ma</name>
        <pose>Unspecified</pose>
        <truncated>0</truncated>
        <difficult>0</difficult>
        <bndbox>
            <xmin>1025</xmin>
            <ymin>395</ymin>
            <xmax>1031</xmax>
            <ymax>401</ymax>
        </bndbox>
    </object>
    <object>
        <name>ma</name>
        <pose>Unspecified</pose>
        <truncated>0</truncated>
        <difficult>0</difficult>
        <bndbox>
            <xmin>1053</xmin>
            <ymin>349</ymin>
            <xmax>1065</xmax>
            <ymax>361</ymax>
        </bndbox>
    </object>
    <object>
        <name>ma</name>
        <pose>Unspecified</pose>
        <truncated>0</truncated>
        <difficult>0</difficult>
        <bndbox>
            <xmin>1057</xmin>
            <ymin>649</ymin>
            <xmax>1069</xmax>
            <ymax>659</ymax>
        </bndbox>
    </object>
    <object>
        <name>ma</name>
        <pose>Unspecified</pose>
        <truncated>0</truncated>
        <difficult>0</difficult>
        <bndbox>
            <xmin>1095</xmin>
            <ymin>1177</ymin>
            <xmax>1101</xmax>
            <ymax>1181</ymax>
        </bndbox>
    </object>
    <object>
        <name>ma</name>
        <pose>Unspecified</pose>
        <truncated>0</truncated>
        <difficult>0</difficult>
        <bndbox>
            <xmin>1097</xmin>
            <ymin>1141</ymin>
            <xmax>1111</xmax>
            <ymax>1151</ymax>
        </bndbox>
    </object>
    <object>
        <name>ma</name>
        <pose>Unspecified</pose>
        <truncated>0</truncated>
        <difficult>0</difficult>
        <bndbox>
            <xmin>1105</xmin>
            <ymin>143</ymin>
            <xmax>1115</xmax>
            <ymax>157</ymax>
        </bndbox>
    </object>
    <object>
        <name>ma</name>
        <pose>Unspecified</pose>
        <truncated>0</truncated>
        <difficult>0</difficult>
        <bndbox>
            <xmin>1145</xmin>
            <ymin>705</ymin>
            <xmax>1157</xmax>
            <ymax>717</ymax>
        </bndbox>
    </object>
    <object>
        <name>ma</name>
        <pose>Unspecified</pose>
        <truncated>0</truncated>
        <difficult>0</difficult>
        <bndbox>
            <xmin>1161</xmin>
            <ymin>1355</ymin>
            <xmax>1171</xmax>
            <ymax>1365</ymax>
        </bndbox>
    </object>
    <object>
        <name>ma</name>
        <pose>Unspecified</pose>
        <truncated>0</truncated>
        <difficult>0</difficult>
        <bndbox>
            <xmin>1211</xmin>
            <ymin>193</ymin>
            <xmax>1219</xmax>
            <ymax>201</ymax>
        </bndbox>
    </object>
    <object>
        <name>ma</name>
        <pose>Unspecified</pose>
        <truncated>0</truncated>
        <difficult>0</difficult>
        <bndbox>
            <xmin>1217</xmin>
            <ymin>181</ymin>
            <xmax>1229</xmax>
            <ymax>189</ymax>
        </bndbox>
    </object>
    <object>
        <name>ma</name>
        <pose>Unspecified</pose>
        <truncated>0</truncated>
        <difficult>0</difficult>
        <bndbox>
            <xmin>1229</xmin>
            <ymin>167</ymin>
            <xmax>1237</xmax>
            <ymax>175</ymax>
        </bndbox>
    </object>
    <object>
        <name>ma</name>
        <pose>Unspecified</pose>
        <truncated>0</truncated>
        <difficult>0</difficult>
        <bndbox>
            <xmin>1229</xmin>
            <ymin>195</ymin>
            <xmax>1237</xmax>
            <ymax>201</ymax>
        </bndbox>
    </object>
    <object>
        <name>ma</name>
        <pose>Unspecified</pose>
        <truncated>0</truncated>
        <difficult>0</difficult>
        <bndbox>
            <xmin>1373</xmin>
            <ymin>281</ymin>
            <xmax>1387</xmax>
            <ymax>295</ymax>
        </bndbox>
    </object>
    <object>
        <name>ma</name>
        <pose>Unspecified</pose>
        <truncated>0</truncated>
        <difficult>0</difficult>
        <bndbox>
            <xmin>1385</xmin>
            <ymin>263</ymin>
            <xmax>1391</xmax>
            <ymax>273</ymax>
        </bndbox>
    </object>
    <object>
        <name>ma</name>
        <pose>Unspecified</pose>
        <truncated>0</truncated>
        <difficult>0</difficult>
        <bndbox>
            <xmin>1401</xmin>
            <ymin>271</ymin>
            <xmax>1415</xmax>
            <ymax>289</ymax>
        </bndbox>
    </object>
    <object>
        <name>ma</name>
        <pose>Unspecified</pose>
        <truncated>0</truncated>
        <difficult>0</difficult>
        <bndbox>
            <xmin>1421</xmin>
            <ymin>269</ymin>
            <xmax>1425</xmax>
            <ymax>273</ymax>
        </bndbox>
    </object>
    <object>
        <name>ma</name>
        <pose>Unspecified</pose>
        <truncated>0</truncated>
        <difficult>0</difficult>
        <bndbox>
            <xmin>1439</xmin>
            <ymin>273</ymin>
            <xmax>1445</xmax>
            <ymax>287</ymax>
        </bndbox>
    </object>
    <object>
        <name>he</name>
        <pose>Unspecified</pose>
        <truncated>0</truncated>
        <difficult>0</difficult>
        <bndbox>
            <xmin>923</xmin>
            <ymin>671</ymin>
            <xmax>953</xmax>
            <ymax>697</ymax>
        </bndbox>
    </object>
    <object>
        <name>he</name>
        <pose>Unspecified</pose>
        <truncated>0</truncated>
        <difficult>0</difficult>
        <bndbox>
            <xmin>991</xmin>
            <ymin>817</ymin>
            <xmax>999</xmax>
            <ymax>841</ymax>
        </bndbox>
    </object>
    <object>
        <name>he</name>
        <pose>Unspecified</pose>
        <truncated>0</truncated>
        <difficult>0</difficult>
        <bndbox>
            <xmin>1075</xmin>
            <ymin>1323</ymin>
            <xmax>1101</xmax>
            <ymax>1361</ymax>
        </bndbox>
    </object>
    <object>
        <name>he</name>
        <pose>Unspecified</pose>
        <truncated>0</truncated>
        <difficult>0</difficult>
        <bndbox>
            <xmin>1091</xmin>
            <ymin>387</ymin>
            <xmax>1111</xmax>
            <ymax>415</ymax>
        </bndbox>
    </object>
    <object>
        <name>he</name>
        <pose>Unspecified</pose>
        <truncated>0</truncated>
        <difficult>0</difficult>
        <bndbox>
            <xmin>1097</xmin>
            <ymin>1409</ymin>
            <xmax>1123</xmax>
            <ymax>1423</ymax>
        </bndbox>
    </object>
    <object>
        <name>he</name>
        <pose>Unspecified</pose>
        <truncated>0</truncated>
        <difficult>0</difficult>
        <bndbox>
            <xmin>1195</xmin>
            <ymin>243</ymin>
            <xmax>1203</xmax>
            <ymax>265</ymax>
        </bndbox>
    </object>
    <object>
        <name>he</name>
        <pose>Unspecified</pose>
        <truncated>0</truncated>
        <difficult>0</difficult>
        <bndbox>
            <xmin>1229</xmin>
            <ymin>221</ymin>
            <xmax>1249</xmax>
            <ymax>239</ymax>
        </bndbox>
    </object>
    <object>
        <name>he</name>
        <pose>Unspecified</pose>
        <truncated>0</truncated>
        <difficult>0</difficult>
        <bndbox>
            <xmin>1249</xmin>
            <ymin>275</ymin>
            <xmax>1293</xmax>
            <ymax>293</ymax>
        </bndbox>
    </object>
    <object>
        <name>he</name>
        <pose>Unspecified</pose>
        <truncated>0</truncated>
        <difficult>0</difficult>
        <bndbox>
            <xmin>1249</xmin>
            <ymin>1527</ymin>
            <xmax>1355</xmax>
            <ymax>1593</ymax>
        </bndbox>
    </object>
    <object>
        <name>he</name>
        <pose>Unspecified</pose>
        <truncated>0</truncated>
        <difficult>0</difficult>
        <bndbox>
            <xmin>1381</xmin>
            <ymin>865</ymin>
            <xmax>1405</xmax>
            <ymax>895</ymax>
        </bndbox>
    </object>
    <object>
        <name>he</name>
        <pose>Unspecified</pose>
        <truncated>0</truncated>
        <difficult>0</difficult>
        <bndbox>
            <xmin>1385</xmin>
            <ymin>321</ymin>
            <xmax>1429</xmax>
            <ymax>345</ymax>
        </bndbox>
    </object>
    <object>
        <name>he</name>
        <pose>Unspecified</pose>
        <truncated>0</truncated>
        <difficult>0</difficult>
        <bndbox>
            <xmin>1435</xmin>
            <ymin>327</ymin>
            <xmax>1445</xmax>
            <ymax>337</ymax>
        </bndbox>
    </object>
    <object>
        <name>he</name>
        <pose>Unspecified</pose>
        <truncated>0</truncated>
        <difficult>0</difficult>
        <bndbox>
            <xmin>1579</xmin>
            <ymin>549</ymin>
            <xmax>1593</xmax>
            <ymax>559</ymax>
        </bndbox>
    </object>
    <object>
        <name>he</name>
        <pose>Unspecified</pose>
        <truncated>0</truncated>
        <difficult>0</difficult>
        <bndbox>
            <xmin>1679</xmin>
            <ymin>391</ymin>
            <xmax>1695</xmax>
            <ymax>411</ymax>
        </bndbox>
    </object>
    <object>
        <name>he</name>
        <pose>Unspecified</pose>
        <truncated>0</truncated>
        <difficult>0</difficult>
        <bndbox>
            <xmin>1697</xmin>
            <ymin>467</ymin>
            <xmax>1717</xmax>
            <ymax>483</ymax>
        </bndbox>
    </object>
    <object>
        <name>he</name>
        <pose>Unspecified</pose>
        <truncated>0</truncated>
        <difficult>0</difficult>
        <bndbox>
            <xmin>1891</xmin>
            <ymin>913</ymin>
            <xmax>1909</xmax>
            <ymax>929</ymax>
        </bndbox>
    </object>
    <object>
        <name>ex</name>
        <pose>Unspecified</pose>
        <truncated>0</truncated>
        <difficult>0</difficult>
        <bndbox>
            <xmin>937</xmin>
            <ymin>1097</ymin>
            <xmax>943</xmax>
            <ymax>1105</ymax>
        </bndbox>
    </object>
    <object>
        <name>ex</name>
        <pose>Unspecified</pose>
        <truncated>0</truncated>
        <difficult>0</difficult>
        <bndbox>
            <xmin>949</xmin>
            <ymin>1135</ymin>
            <xmax>969</xmax>
            <ymax>1147</ymax>
        </bndbox>
    </object>
    <object>
        <name>ex</name>
        <pose>Unspecified</pose>
        <truncated>0</truncated>
        <difficult>0</difficult>
        <bndbox>
            <xmin>955</xmin>
            <ymin>1125</ymin>
            <xmax>961</xmax>
            <ymax>1131</ymax>
        </bndbox>
    </object>
    <object>
        <name>ex</name>
        <pose>Unspecified</pose>
        <truncated>0</truncated>
        <difficult>0</difficult>
        <bndbox>
            <xmin>973</xmin>
            <ymin>1137</ymin>
            <xmax>983</xmax>
            <ymax>1147</ymax>
        </bndbox>
    </object>
    <object>
        <name>ex</name>
        <pose>Unspecified</pose>
        <truncated>0</truncated>
        <difficult>0</difficult>
        <bndbox>
            <xmin>979</xmin>
            <ymin>1127</ymin>
            <xmax>989</xmax>
            <ymax>1133</ymax>
        </bndbox>
    </object>
    <object>
        <name>ex</name>
        <pose>Unspecified</pose>
        <truncated>0</truncated>
        <difficult>0</difficult>
        <bndbox>
            <xmin>979</xmin>
            <ymin>1163</ymin>
            <xmax>989</xmax>
            <ymax>1169</ymax>
        </bndbox>
    </object>
    <object>
        <name>ex</name>
        <pose>Unspecified</pose>
        <truncated>0</truncated>
        <difficult>0</difficult>
        <bndbox>
            <xmin>983</xmin>
            <ymin>1147</ymin>
            <xmax>989</xmax>
            <ymax>1153</ymax>
        </bndbox>
    </object>
    <object>
        <name>ex</name>
        <pose>Unspecified</pose>
        <truncated>0</truncated>
        <difficult>0</difficult>
        <bndbox>
            <xmin>1011</xmin>
            <ymin>1153</ymin>
            <xmax>1013</xmax>
            <ymax>1155</ymax>
        </bndbox>
    </object>
    <object>
        <name>ex</name>
        <pose>Unspecified</pose>
        <truncated>0</truncated>
        <difficult>0</difficult>
        <bndbox>
            <xmin>1017</xmin>
            <ymin>1091</ymin>
            <xmax>1019</xmax>
            <ymax>1095</ymax>
        </bndbox>
    </object>
    <object>
        <name>ex</name>
        <pose>Unspecified</pose>
        <truncated>0</truncated>
        <difficult>0</difficult>
        <bndbox>
            <xmin>1027</xmin>
            <ymin>1117</ymin>
            <xmax>1029</xmax>
            <ymax>1121</ymax>
        </bndbox>
    </object>
    <object>
        <name>ex</name>
        <pose>Unspecified</pose>
        <truncated>0</truncated>
        <difficult>0</difficult>
        <bndbox>
            <xmin>1039</xmin>
            <ymin>1063</ymin>
            <xmax>1043</xmax>
            <ymax>1067</ymax>
        </bndbox>
    </object>
    <object>
        <name>ex</name>
        <pose>Unspecified</pose>
        <truncated>0</truncated>
        <difficult>0</difficult>
        <bndbox>
            <xmin>1047</xmin>
            <ymin>1063</ymin>
            <xmax>1055</xmax>
            <ymax>1071</ymax>
        </bndbox>
    </object>
    <object>
        <name>ex</name>
        <pose>Unspecified</pose>
        <truncated>0</truncated>
        <difficult>0</difficult>
        <bndbox>
            <xmin>1063</xmin>
            <ymin>1093</ymin>
            <xmax>1075</xmax>
            <ymax>1105</ymax>
        </bndbox>
    </object>
    <object>
        <name>ex</name>
        <pose>Unspecified</pose>
        <truncated>0</truncated>
        <difficult>0</difficult>
        <bndbox>
            <xmin>1063</xmin>
            <ymin>1115</ymin>
            <xmax>1067</xmax>
            <ymax>1117</ymax>
        </bndbox>
    </object>
    <object>
        <name>ex</name>
        <pose>Unspecified</pose>
        <truncated>0</truncated>
        <difficult>0</difficult>
        <bndbox>
            <xmin>1065</xmin>
            <ymin>1261</ymin>
            <xmax>1073</xmax>
            <ymax>1271</ymax>
        </bndbox>
    </object>
    <object>
        <name>ex</name>
        <pose>Unspecified</pose>
        <truncated>0</truncated>
        <difficult>0</difficult>
        <bndbox>
            <xmin>1077</xmin>
            <ymin>1059</ymin>
            <xmax>1089</xmax>
            <ymax>1067</ymax>
        </bndbox>
    </object>
    <object>
        <name>ex</name>
        <pose>Unspecified</pose>
        <truncated>0</truncated>
        <difficult>0</difficult>
        <bndbox>
            <xmin>1079</xmin>
            <ymin>1095</ymin>
            <xmax>1083</xmax>
            <ymax>1097</ymax>
        </bndbox>
    </object>
    <object>
        <name>ex</name>
        <pose>Unspecified</pose>
        <truncated>0</truncated>
        <difficult>0</difficult>
        <bndbox>
            <xmin>1085</xmin>
            <ymin>1087</ymin>
            <xmax>1089</xmax>
            <ymax>1091</ymax>
        </bndbox>
    </object>
    <object>
        <name>ex</name>
        <pose>Unspecified</pose>
        <truncated>0</truncated>
        <difficult>0</difficult>
        <bndbox>
            <xmin>1085</xmin>
            <ymin>1127</ymin>
            <xmax>1091</xmax>
            <ymax>1133</ymax>
        </bndbox>
    </object>
    <object>
        <name>ex</name>
        <pose>Unspecified</pose>
        <truncated>0</truncated>
        <difficult>0</difficult>
        <bndbox>
            <xmin>1095</xmin>
            <ymin>1099</ymin>
            <xmax>1099</xmax>
            <ymax>1101</ymax>
        </bndbox>
    </object>
    <object>
        <name>ex</name>
        <pose>Unspecified</pose>
        <truncated>0</truncated>
        <difficult>0</difficult>
        <bndbox>
            <xmin>1097</xmin>
            <ymin>1075</ymin>
            <xmax>1111</xmax>
            <ymax>1087</ymax>
        </bndbox>
    </object>
    <object>
        <name>ex</name>
        <pose>Unspecified</pose>
        <truncated>0</truncated>
        <difficult>0</difficult>
        <bndbox>
            <xmin>1097</xmin>
            <ymin>1259</ymin>
            <xmax>1153</xmax>
            <ymax>1289</ymax>
        </bndbox>
    </object>
    <object>
        <name>ex</name>
        <pose>Unspecified</pose>
        <truncated>0</truncated>
        <difficult>0</difficult>
        <bndbox>
            <xmin>1103</xmin>
            <ymin>1089</ymin>
            <xmax>1117</xmax>
            <ymax>1099</ymax>
        </bndbox>
    </object>
    <object>
        <name>ex</name>
        <pose>Unspecified</pose>
        <truncated>0</truncated>
        <difficult>0</difficult>
        <bndbox>
            <xmin>1105</xmin>
            <ymin>1055</ymin>
            <xmax>1109</xmax>
            <ymax>1061</ymax>
        </bndbox>
    </object>
    <object>
        <name>ex</name>
        <pose>Unspecified</pose>
        <truncated>0</truncated>
        <difficult>0</difficult>
        <bndbox>
            <xmin>1119</xmin>
            <ymin>1093</ymin>
            <xmax>1135</xmax>
            <ymax>1115</ymax>
        </bndbox>
    </object>
    <object>
        <name>ex</name>
        <pose>Unspecified</pose>
        <truncated>0</truncated>
        <difficult>0</difficult>
        <bndbox>
            <xmin>1125</xmin>
            <ymin>1291</ymin>
            <xmax>1135</xmax>
            <ymax>1301</ymax>
        </bndbox>
    </object>
    <object>
        <name>ex</name>
        <pose>Unspecified</pose>
        <truncated>0</truncated>
        <difficult>0</difficult>
        <bndbox>
            <xmin>1135</xmin>
            <ymin>1411</ymin>
            <xmax>1167</xmax>
            <ymax>1431</ymax>
        </bndbox>
    </object>
    <object>
        <name>ex</name>
        <pose>Unspecified</pose>
        <truncated>0</truncated>
        <difficult>0</difficult>
        <bndbox>
            <xmin>1143</xmin>
            <ymin>187</ymin>
            <xmax>1167</xmax>
            <ymax>207</ymax>
        </bndbox>
    </object>
    <object>
        <name>ex</name>
        <pose>Unspecified</pose>
        <truncated>0</truncated>
        <difficult>0</difficult>
        <bndbox>
            <xmin>1143</xmin>
            <ymin>1051</ymin>
            <xmax>1147</xmax>
            <ymax>1055</ymax>
        </bndbox>
    </object>
    <object>
        <name>ex</name>
        <pose>Unspecified</pose>
        <truncated>0</truncated>
        <difficult>0</difficult>
        <bndbox>
            <xmin>1143</xmin>
            <ymin>1283</ymin>
            <xmax>1157</xmax>
            <ymax>1301</ymax>
        </bndbox>
    </object>
    <object>
        <name>ex</name>
        <pose>Unspecified</pose>
        <truncated>0</truncated>
        <difficult>0</difficult>
        <bndbox>
            <xmin>1147</xmin>
            <ymin>229</ymin>
            <xmax>1151</xmax>
            <ymax>231</ymax>
        </bndbox>
    </object>
    <object>
        <name>ex</name>
        <pose>Unspecified</pose>
        <truncated>0</truncated>
        <difficult>0</difficult>
        <bndbox>
            <xmin>1165</xmin>
            <ymin>1271</ymin>
            <xmax>1171</xmax>
            <ymax>1279</ymax>
        </bndbox>
    </object>
    <object>
        <name>ex</name>
        <pose>Unspecified</pose>
        <truncated>0</truncated>
        <difficult>0</difficult>
        <bndbox>
            <xmin>1171</xmin>
            <ymin>1285</ymin>
            <xmax>1185</xmax>
            <ymax>1313</ymax>
        </bndbox>
    </object>
    <object>
        <name>ex</name>
        <pose>Unspecified</pose>
        <truncated>0</truncated>
        <difficult>0</difficult>
        <bndbox>
            <xmin>1171</xmin>
            <ymin>1425</ymin>
            <xmax>1183</xmax>
            <ymax>1439</ymax>
        </bndbox>
    </object>
    <object>
        <name>ex</name>
        <pose>Unspecified</pose>
        <truncated>0</truncated>
        <difficult>0</difficult>
        <bndbox>
            <xmin>1173</xmin>
            <ymin>179</ymin>
            <xmax>1199</xmax>
            <ymax>211</ymax>
        </bndbox>
    </object>
    <object>
        <name>ex</name>
        <pose>Unspecified</pose>
        <truncated>0</truncated>
        <difficult>0</difficult>
        <bndbox>
            <xmin>1177</xmin>
            <ymin>171</ymin>
            <xmax>1179</xmax>
            <ymax>175</ymax>
        </bndbox>
    </object>
    <object>
        <name>ex</name>
        <pose>Unspecified</pose>
        <truncated>0</truncated>
        <difficult>0</difficult>
        <bndbox>
            <xmin>1187</xmin>
            <ymin>213</ymin>
            <xmax>1191</xmax>
            <ymax>217</ymax>
        </bndbox>
    </object>
    <object>
        <name>ex</name>
        <pose>Unspecified</pose>
        <truncated>0</truncated>
        <difficult>0</difficult>
        <bndbox>
            <xmin>1329</xmin>
            <ymin>261</ymin>
            <xmax>1339</xmax>
            <ymax>283</ymax>
        </bndbox>
    </object>
    <object>
        <name>ex</name>
        <pose>Unspecified</pose>
        <truncated>0</truncated>
        <difficult>0</difficult>
        <bndbox>
            <xmin>1329</xmin>
            <ymin>289</ymin>
            <xmax>1341</xmax>
            <ymax>299</ymax>
        </bndbox>
    </object>
    <object>
        <name>ex</name>
        <pose>Unspecified</pose>
        <truncated>0</truncated>
        <difficult>0</difficult>
        <bndbox>
            <xmin>1331</xmin>
            <ymin>185</ymin>
            <xmax>1367</xmax>
            <ymax>225</ymax>
        </bndbox>
    </object>
    <object>
        <name>ex</name>
        <pose>Unspecified</pose>
        <truncated>0</truncated>
        <difficult>0</difficult>
        <bndbox>
            <xmin>1337</xmin>
            <ymin>229</ymin>
            <xmax>1357</xmax>
            <ymax>247</ymax>
        </bndbox>
    </object>
    <object>
        <name>ex</name>
        <pose>Unspecified</pose>
        <truncated>0</truncated>
        <difficult>0</difficult>
        <bndbox>
            <xmin>1343</xmin>
            <ymin>333</ymin>
            <xmax>1361</xmax>
            <ymax>353</ymax>
        </bndbox>
    </object>
    <object>
        <name>ex</name>
        <pose>Unspecified</pose>
        <truncated>0</truncated>
        <difficult>0</difficult>
        <bndbox>
            <xmin>1345</xmin>
            <ymin>255</ymin>
            <xmax>1353</xmax>
            <ymax>265</ymax>
        </bndbox>
    </object>
    <object>
        <name>ex</name>
        <pose>Unspecified</pose>
        <truncated>0</truncated>
        <difficult>0</difficult>
        <bndbox>
            <xmin>1361</xmin>
            <ymin>173</ymin>
            <xmax>1369</xmax>
            <ymax>185</ymax>
        </bndbox>
    </object>
    <object>
        <name>ex</name>
        <pose>Unspecified</pose>
        <truncated>0</truncated>
        <difficult>0</difficult>
        <bndbox>
            <xmin>1361</xmin>
            <ymin>203</ymin>
            <xmax>1381</xmax>
            <ymax>227</ymax>
        </bndbox>
    </object>
    <object>
        <name>ex</name>
        <pose>Unspecified</pose>
        <truncated>0</truncated>
        <difficult>0</difficult>
        <bndbox>
            <xmin>1367</xmin>
            <ymin>185</ymin>
            <xmax>1381</xmax>
            <ymax>195</ymax>
        </bndbox>
    </object>
    <object>
        <name>ex</name>
        <pose>Unspecified</pose>
        <truncated>0</truncated>
        <difficult>0</difficult>
        <bndbox>
            <xmin>1371</xmin>
            <ymin>393</ymin>
            <xmax>1387</xmax>
            <ymax>403</ymax>
        </bndbox>
    </object>
    <object>
        <name>ex</name>
        <pose>Unspecified</pose>
        <truncated>0</truncated>
        <difficult>0</difficult>
        <bndbox>
            <xmin>1381</xmin>
            <ymin>355</ymin>
            <xmax>1409</xmax>
            <ymax>393</ymax>
        </bndbox>
    </object>
    <object>
        <name>ex</name>
        <pose>Unspecified</pose>
        <truncated>0</truncated>
        <difficult>0</difficult>
        <bndbox>
            <xmin>1389</xmin>
            <ymin>167</ymin>
            <xmax>1401</xmax>
            <ymax>177</ymax>
        </bndbox>
    </object>
    <object>
        <name>ex</name>
        <pose>Unspecified</pose>
        <truncated>0</truncated>
        <difficult>0</difficult>
        <bndbox>
            <xmin>1389</xmin>
            <ymin>187</ymin>
            <xmax>1401</xmax>
            <ymax>193</ymax>
        </bndbox>
    </object>
    <object>
        <name>ex</name>
        <pose>Unspecified</pose>
        <truncated>0</truncated>
        <difficult>0</difficult>
        <bndbox>
            <xmin>1393</xmin>
            <ymin>193</ymin>
            <xmax>1407</xmax>
            <ymax>211</ymax>
        </bndbox>
    </object>
    <object>
        <name>ex</name>
        <pose>Unspecified</pose>
        <truncated>0</truncated>
        <difficult>0</difficult>
        <bndbox>
            <xmin>1403</xmin>
            <ymin>181</ymin>
            <xmax>1413</xmax>
            <ymax>191</ymax>
        </bndbox>
    </object>
    <object>
        <name>ex</name>
        <pose>Unspecified</pose>
        <truncated>0</truncated>
        <difficult>0</difficult>
        <bndbox>
            <xmin>1407</xmin>
            <ymin>213</ymin>
            <xmax>1411</xmax>
            <ymax>217</ymax>
        </bndbox>
    </object>
    <object>
        <name>ex</name>
        <pose>Unspecified</pose>
        <truncated>0</truncated>
        <difficult>0</difficult>
        <bndbox>
            <xmin>1409</xmin>
            <ymin>171</ymin>
            <xmax>1411</xmax>
            <ymax>173</ymax>
        </bndbox>
    </object>
    <object>
        <name>ex</name>
        <pose>Unspecified</pose>
        <truncated>0</truncated>
        <difficult>0</difficult>
        <bndbox>
            <xmin>1411</xmin>
            <ymin>189</ymin>
            <xmax>1447</xmax>
            <ymax>237</ymax>
        </bndbox>
    </object>
    <object>
        <name>ex</name>
        <pose>Unspecified</pose>
        <truncated>0</truncated>
        <difficult>0</difficult>
        <bndbox>
            <xmin>1415</xmin>
            <ymin>223</ymin>
            <xmax>1419</xmax>
            <ymax>227</ymax>
        </bndbox>
    </object>
    <object>
        <name>ex</name>
        <pose>Unspecified</pose>
        <truncated>0</truncated>
        <difficult>0</difficult>
        <bndbox>
            <xmin>1435</xmin>
            <ymin>265</ymin>
            <xmax>1441</xmax>
            <ymax>281</ymax>
        </bndbox>
    </object>
    <object>
        <name>ex</name>
        <pose>Unspecified</pose>
        <truncated>0</truncated>
        <difficult>0</difficult>
        <bndbox>
            <xmin>1457</xmin>
            <ymin>157</ymin>
            <xmax>1461</xmax>
            <ymax>161</ymax>
        </bndbox>
    </object>
    <object>
        <name>ex</name>
        <pose>Unspecified</pose>
        <truncated>0</truncated>
        <difficult>0</difficult>
        <bndbox>
            <xmin>1461</xmin>
            <ymin>329</ymin>
            <xmax>1473</xmax>
            <ymax>343</ymax>
        </bndbox>
    </object>
    <object>
        <name>ex</name>
        <pose>Unspecified</pose>
        <truncated>0</truncated>
        <difficult>0</difficult>
        <bndbox>
            <xmin>1461</xmin>
            <ymin>497</ymin>
            <xmax>1475</xmax>
            <ymax>509</ymax>
        </bndbox>
    </object>
    <object>
        <name>ex</name>
        <pose>Unspecified</pose>
        <truncated>0</truncated>
        <difficult>0</difficult>
        <bndbox>
            <xmin>1469</xmin>
            <ymin>279</ymin>
            <xmax>1503</xmax>
            <ymax>307</ymax>
        </bndbox>
    </object>
    <object>
        <name>ex</name>
        <pose>Unspecified</pose>
        <truncated>0</truncated>
        <difficult>0</difficult>
        <bndbox>
            <xmin>1475</xmin>
            <ymin>275</ymin>
            <xmax>1481</xmax>
            <ymax>281</ymax>
        </bndbox>
    </object>
    <object>
        <name>ex</name>
        <pose>Unspecified</pose>
        <truncated>0</truncated>
        <difficult>0</difficult>
        <bndbox>
            <xmin>1481</xmin>
            <ymin>503</ymin>
            <xmax>1493</xmax>
            <ymax>513</ymax>
        </bndbox>
    </object>
    <object>
        <name>ex</name>
        <pose>Unspecified</pose>
        <truncated>0</truncated>
        <difficult>0</difficult>
        <bndbox>
            <xmin>1485</xmin>
            <ymin>369</ymin>
            <xmax>1497</xmax>
            <ymax>395</ymax>
        </bndbox>
    </object>
    <object>
        <name>se</name>
        <pose>Unspecified</pose>
        <truncated>0</truncated>
        <difficult>0</difficult>
        <bndbox>
            <xmin>1495</xmin>
            <ymin>561</ymin>
            <xmax>1567</xmax>
            <ymax>601</ymax>
        </bndbox>
    </object>
    <object>
        <name>se</name>
        <pose>Unspecified</pose>
        <truncated>0</truncated>
        <difficult>0</difficult>
        <bndbox>
            <xmin>1499</xmin>
            <ymin>1285</ymin>
            <xmax>1553</xmax>
            <ymax>1331</ymax>
        </bndbox>
    </object>
    <object>
        <name>ma</name>
        <pose>Unspecified</pose>
        <truncated>0</truncated>
        <difficult>0</difficult>
        <bndbox>
            <xmin>809</xmin>
            <ymin>849</ymin>
            <xmax>815</xmax>
            <ymax>855</ymax>
        </bndbox>
    </object>
    <object>
        <name>ma</name>
        <pose>Unspecified</pose>
        <truncated>0</truncated>
        <difficult>0</difficult>
        <bndbox>
            <xmin>833</xmin>
            <ymin>837</ymin>
            <xmax>839</xmax>
            <ymax>841</ymax>
        </bndbox>
    </object>
    <object>
        <name>ma</name>
        <pose>Unspecified</pose>
        <truncated>0</truncated>
        <difficult>0</difficult>
        <bndbox>
            <xmin>865</xmin>
            <ymin>723</ymin>
            <xmax>873</xmax>
            <ymax>731</ymax>
        </bndbox>
    </object>
    <object>
        <name>ma</name>
        <pose>Unspecified</pose>
        <truncated>0</truncated>
        <difficult>0</difficult>
        <bndbox>
            <xmin>867</xmin>
            <ymin>277</ymin>
            <xmax>873</xmax>
            <ymax>283</ymax>
        </bndbox>
    </object>
    <object>
        <name>ma</name>
        <pose>Unspecified</pose>
        <truncated>0</truncated>
        <difficult>0</difficult>
        <bndbox>
            <xmin>871</xmin>
            <ymin>809</ymin>
            <xmax>879</xmax>
            <ymax>817</ymax>
        </bndbox>
    </object>
    <object>
        <name>ma</name>
        <pose>Unspecified</pose>
        <truncated>0</truncated>
        <difficult>0</difficult>
        <bndbox>
            <xmin>879</xmin>
            <ymin>277</ymin>
            <xmax>883</xmax>
            <ymax>281</ymax>
        </bndbox>
    </object>
    <object>
        <name>ma</name>
        <pose>Unspecified</pose>
        <truncated>0</truncated>
        <difficult>0</difficult>
        <bndbox>
            <xmin>941</xmin>
            <ymin>931</ymin>
            <xmax>945</xmax>
            <ymax>937</ymax>
        </bndbox>
    </object>
    <object>
        <name>ma</name>
        <pose>Unspecified</pose>
        <truncated>0</truncated>
        <difficult>0</difficult>
        <bndbox>
            <xmin>947</xmin>
            <ymin>407</ymin>
            <xmax>963</xmax>
            <ymax>421</ymax>
        </bndbox>
    </object>
    <object>
        <name>ma</name>
        <pose>Unspecified</pose>
        <truncated>0</truncated>
        <difficult>0</difficult>
        <bndbox>
            <xmin>979</xmin>
            <ymin>217</ymin>
            <xmax>991</xmax>
            <ymax>229</ymax>
        </bndbox>
    </object>
    <object>
        <name>ma</name>
        <pose>Unspecified</pose>
        <truncated>0</truncated>
        <difficult>0</difficult>
        <bndbox>
            <xmin>1005</xmin>
            <ymin>375</ymin>
            <xmax>1023</xmax>
            <ymax>391</ymax>
        </bndbox>
    </object>
    <object>
        <name>ma</name>
        <pose>Unspecified</pose>
        <truncated>0</truncated>
        <difficult>0</difficult>
        <bndbox>
            <xmin>1025</xmin>
            <ymin>395</ymin>
            <xmax>1031</xmax>
            <ymax>401</ymax>
        </bndbox>
    </object>
    <object>
        <name>ma</name>
        <pose>Unspecified</pose>
        <truncated>0</truncated>
        <difficult>0</difficult>
        <bndbox>
            <xmin>1053</xmin>
            <ymin>349</ymin>
            <xmax>1065</xmax>
            <ymax>361</ymax>
        </bndbox>
    </object>
    <object>
        <name>ma</name>
        <pose>Unspecified</pose>
        <truncated>0</truncated>
        <difficult>0</difficult>
        <bndbox>
            <xmin>1057</xmin>
            <ymin>649</ymin>
            <xmax>1069</xmax>
            <ymax>659</ymax>
        </bndbox>
    </object>
    <object>
        <name>ma</name>
        <pose>Unspecified</pose>
        <truncated>0</truncated>
        <difficult>0</difficult>
        <bndbox>
            <xmin>1095</xmin>
            <ymin>1177</ymin>
            <xmax>1101</xmax>
            <ymax>1181</ymax>
        </bndbox>
    </object>
    <object>
        <name>ma</name>
        <pose>Unspecified</pose>
        <truncated>0</truncated>
        <difficult>0</difficult>
        <bndbox>
            <xmin>1097</xmin>
            <ymin>1141</ymin>
            <xmax>1111</xmax>
            <ymax>1151</ymax>
        </bndbox>
    </object>
    <object>
        <name>ma</name>
        <pose>Unspecified</pose>
        <truncated>0</truncated>
        <difficult>0</difficult>
        <bndbox>
            <xmin>1105</xmin>
            <ymin>143</ymin>
            <xmax>1115</xmax>
            <ymax>157</ymax>
        </bndbox>
    </object>
    <object>
        <name>ma</name>
        <pose>Unspecified</pose>
        <truncated>0</truncated>
        <difficult>0</difficult>
        <bndbox>
            <xmin>1145</xmin>
            <ymin>705</ymin>
            <xmax>1157</xmax>
            <ymax>717</ymax>
        </bndbox>
    </object>
    <object>
        <name>ma</name>
        <pose>Unspecified</pose>
        <truncated>0</truncated>
        <difficult>0</difficult>
        <bndbox>
            <xmin>1161</xmin>
            <ymin>1355</ymin>
            <xmax>1171</xmax>
            <ymax>1365</ymax>
        </bndbox>
    </object>
    <object>
        <name>ma</name>
        <pose>Unspecified</pose>
        <truncated>0</truncated>
        <difficult>0</difficult>
        <bndbox>
            <xmin>1211</xmin>
            <ymin>193</ymin>
            <xmax>1219</xmax>
            <ymax>201</ymax>
        </bndbox>
    </object>
    <object>
        <name>ma</name>
        <pose>Unspecified</pose>
        <truncated>0</truncated>
        <difficult>0</difficult>
        <bndbox>
            <xmin>1217</xmin>
            <ymin>181</ymin>
            <xmax>1229</xmax>
            <ymax>189</ymax>
        </bndbox>
    </object>
    <object>
        <name>ma</name>
        <pose>Unspecified</pose>
        <truncated>0</truncated>
        <difficult>0</difficult>
        <bndbox>
            <xmin>1229</xmin>
            <ymin>167</ymin>
            <xmax>1237</xmax>
            <ymax>175</ymax>
        </bndbox>
    </object>
    <object>
        <name>ma</name>
        <pose>Unspecified</pose>
        <truncated>0</truncated>
        <difficult>0</difficult>
        <bndbox>
            <xmin>1229</xmin>
            <ymin>195</ymin>
            <xmax>1237</xmax>
            <ymax>201</ymax>
        </bndbox>
    </object>
    <object>
        <name>ma</name>
        <pose>Unspecified</pose>
        <truncated>0</truncated>
        <difficult>0</difficult>
        <bndbox>
            <xmin>1373</xmin>
            <ymin>281</ymin>
            <xmax>1387</xmax>
            <ymax>295</ymax>
        </bndbox>
    </object>
    <object>
        <name>ma</name>
        <pose>Unspecified</pose>
        <truncated>0</truncated>
        <difficult>0</difficult>
        <bndbox>
            <xmin>1385</xmin>
            <ymin>263</ymin>
            <xmax>1391</xmax>
            <ymax>273</ymax>
        </bndbox>
    </object>
    <object>
        <name>ma</name>
        <pose>Unspecified</pose>
        <truncated>0</truncated>
        <difficult>0</difficult>
        <bndbox>
            <xmin>1401</xmin>
            <ymin>271</ymin>
            <xmax>1415</xmax>
            <ymax>289</ymax>
        </bndbox>
    </object>
    <object>
        <name>ma</name>
        <pose>Unspecified</pose>
        <truncated>0</truncated>
        <difficult>0</difficult>
        <bndbox>
            <xmin>1421</xmin>
            <ymin>269</ymin>
            <xmax>1425</xmax>
            <ymax>273</ymax>
        </bndbox>
    </object>
    <object>
        <name>ma</name>
        <pose>Unspecified</pose>
        <truncated>0</truncated>
        <difficult>0</difficult>
        <bndbox>
            <xmin>1439</xmin>
            <ymin>273</ymin>
            <xmax>1445</xmax>
            <ymax>287</ymax>
        </bndbox>
    </object>
    <object>
        <name>he</name>
        <pose>Unspecified</pose>
        <truncated>0</truncated>
        <difficult>0</difficult>
        <bndbox>
            <xmin>923</xmin>
            <ymin>671</ymin>
            <xmax>953</xmax>
            <ymax>697</ymax>
        </bndbox>
    </object>
    <object>
        <name>he</name>
        <pose>Unspecified</pose>
        <truncated>0</truncated>
        <difficult>0</difficult>
        <bndbox>
            <xmin>991</xmin>
            <ymin>817</ymin>
            <xmax>999</xmax>
            <ymax>841</ymax>
        </bndbox>
    </object>
    <object>
        <name>he</name>
        <pose>Unspecified</pose>
        <truncated>0</truncated>
        <difficult>0</difficult>
        <bndbox>
            <xmin>1075</xmin>
            <ymin>1323</ymin>
            <xmax>1101</xmax>
            <ymax>1361</ymax>
        </bndbox>
    </object>
    <object>
        <name>he</name>
        <pose>Unspecified</pose>
        <truncated>0</truncated>
        <difficult>0</difficult>
        <bndbox>
            <xmin>1091</xmin>
            <ymin>387</ymin>
            <xmax>1111</xmax>
            <ymax>415</ymax>
        </bndbox>
    </object>
    <object>
        <name>he</name>
        <pose>Unspecified</pose>
        <truncated>0</truncated>
        <difficult>0</difficult>
        <bndbox>
            <xmin>1097</xmin>
            <ymin>1409</ymin>
            <xmax>1123</xmax>
            <ymax>1423</ymax>
        </bndbox>
    </object>
    <object>
        <name>he</name>
        <pose>Unspecified</pose>
        <truncated>0</truncated>
        <difficult>0</difficult>
        <bndbox>
            <xmin>1195</xmin>
            <ymin>243</ymin>
            <xmax>1203</xmax>
            <ymax>265</ymax>
        </bndbox>
    </object>
    <object>
        <name>he</name>
        <pose>Unspecified</pose>
        <truncated>0</truncated>
        <difficult>0</difficult>
        <bndbox>
            <xmin>1229</xmin>
            <ymin>221</ymin>
            <xmax>1249</xmax>
            <ymax>239</ymax>
        </bndbox>
    </object>
    <object>
        <name>he</name>
        <pose>Unspecified</pose>
        <truncated>0</truncated>
        <difficult>0</difficult>
        <bndbox>
            <xmin>1249</xmin>
            <ymin>275</ymin>
            <xmax>1293</xmax>
            <ymax>293</ymax>
        </bndbox>
    </object>
    <object>
        <name>he</name>
        <pose>Unspecified</pose>
        <truncated>0</truncated>
        <difficult>0</difficult>
        <bndbox>
            <xmin>1249</xmin>
            <ymin>1527</ymin>
            <xmax>1355</xmax>
            <ymax>1593</ymax>
        </bndbox>
    </object>
    <object>
        <name>he</name>
        <pose>Unspecified</pose>
        <truncated>0</truncated>
        <difficult>0</difficult>
        <bndbox>
            <xmin>1381</xmin>
            <ymin>865</ymin>
            <xmax>1405</xmax>
            <ymax>895</ymax>
        </bndbox>
    </object>
    <object>
        <name>he</name>
        <pose>Unspecified</pose>
        <truncated>0</truncated>
        <difficult>0</difficult>
        <bndbox>
            <xmin>1385</xmin>
            <ymin>321</ymin>
            <xmax>1429</xmax>
            <ymax>345</ymax>
        </bndbox>
    </object>
    <object>
        <name>he</name>
        <pose>Unspecified</pose>
        <truncated>0</truncated>
        <difficult>0</difficult>
        <bndbox>
            <xmin>1435</xmin>
            <ymin>327</ymin>
            <xmax>1445</xmax>
            <ymax>337</ymax>
        </bndbox>
    </object>
    <object>
        <name>he</name>
        <pose>Unspecified</pose>
        <truncated>0</truncated>
        <difficult>0</difficult>
        <bndbox>
            <xmin>1579</xmin>
            <ymin>549</ymin>
            <xmax>1593</xmax>
            <ymax>559</ymax>
        </bndbox>
    </object>
    <object>
        <name>he</name>
        <pose>Unspecified</pose>
        <truncated>0</truncated>
        <difficult>0</difficult>
        <bndbox>
            <xmin>1679</xmin>
            <ymin>391</ymin>
            <xmax>1695</xmax>
            <ymax>411</ymax>
        </bndbox>
    </object>
    <object>
        <name>he</name>
        <pose>Unspecified</pose>
        <truncated>0</truncated>
        <difficult>0</difficult>
        <bndbox>
            <xmin>1697</xmin>
            <ymin>467</ymin>
            <xmax>1717</xmax>
            <ymax>483</ymax>
        </bndbox>
    </object>
    <object>
        <name>he</name>
        <pose>Unspecified</pose>
        <truncated>0</truncated>
        <difficult>0</difficult>
        <bndbox>
            <xmin>1891</xmin>
            <ymin>913</ymin>
            <xmax>1909</xmax>
            <ymax>929</ymax>
        </bndbox>
    </object>
    <object>
        <name>ex</name>
        <pose>Unspecified</pose>
        <truncated>0</truncated>
        <difficult>0</difficult>
        <bndbox>
            <xmin>937</xmin>
            <ymin>1097</ymin>
            <xmax>943</xmax>
            <ymax>1105</ymax>
        </bndbox>
    </object>
    <object>
        <name>ex</name>
        <pose>Unspecified</pose>
        <truncated>0</truncated>
        <difficult>0</difficult>
        <bndbox>
            <xmin>949</xmin>
            <ymin>1135</ymin>
            <xmax>969</xmax>
            <ymax>1147</ymax>
        </bndbox>
    </object>
    <object>
        <name>ex</name>
        <pose>Unspecified</pose>
        <truncated>0</truncated>
        <difficult>0</difficult>
        <bndbox>
            <xmin>955</xmin>
            <ymin>1125</ymin>
            <xmax>961</xmax>
            <ymax>1131</ymax>
        </bndbox>
    </object>
    <object>
        <name>ex</name>
        <pose>Unspecified</pose>
        <truncated>0</truncated>
        <difficult>0</difficult>
        <bndbox>
            <xmin>973</xmin>
            <ymin>1137</ymin>
            <xmax>983</xmax>
            <ymax>1147</ymax>
        </bndbox>
    </object>
    <object>
        <name>ex</name>
        <pose>Unspecified</pose>
        <truncated>0</truncated>
        <difficult>0</difficult>
        <bndbox>
            <xmin>979</xmin>
            <ymin>1127</ymin>
            <xmax>989</xmax>
            <ymax>1133</ymax>
        </bndbox>
    </object>
    <object>
        <name>ex</name>
        <pose>Unspecified</pose>
        <truncated>0</truncated>
        <difficult>0</difficult>
        <bndbox>
            <xmin>979</xmin>
            <ymin>1163</ymin>
            <xmax>989</xmax>
            <ymax>1169</ymax>
        </bndbox>
    </object>
    <object>
        <name>ex</name>
        <pose>Unspecified</pose>
        <truncated>0</truncated>
        <difficult>0</difficult>
        <bndbox>
            <xmin>983</xmin>
            <ymin>1147</ymin>
            <xmax>989</xmax>
            <ymax>1153</ymax>
        </bndbox>
    </object>
    <object>
        <name>ex</name>
        <pose>Unspecified</pose>
        <truncated>0</truncated>
        <difficult>0</difficult>
        <bndbox>
            <xmin>1011</xmin>
            <ymin>1153</ymin>
            <xmax>1013</xmax>
            <ymax>1155</ymax>
        </bndbox>
    </object>
    <object>
        <name>ex</name>
        <pose>Unspecified</pose>
        <truncated>0</truncated>
        <difficult>0</difficult>
        <bndbox>
            <xmin>1017</xmin>
            <ymin>1091</ymin>
            <xmax>1019</xmax>
            <ymax>1095</ymax>
        </bndbox>
    </object>
    <object>
        <name>ex</name>
        <pose>Unspecified</pose>
        <truncated>0</truncated>
        <difficult>0</difficult>
        <bndbox>
            <xmin>1027</xmin>
            <ymin>1117</ymin>
            <xmax>1029</xmax>
            <ymax>1121</ymax>
        </bndbox>
    </object>
    <object>
        <name>ex</name>
        <pose>Unspecified</pose>
        <truncated>0</truncated>
        <difficult>0</difficult>
        <bndbox>
            <xmin>1039</xmin>
            <ymin>1063</ymin>
            <xmax>1043</xmax>
            <ymax>1067</ymax>
        </bndbox>
    </object>
    <object>
        <name>ex</name>
        <pose>Unspecified</pose>
        <truncated>0</truncated>
        <difficult>0</difficult>
        <bndbox>
            <xmin>1047</xmin>
            <ymin>1063</ymin>
            <xmax>1055</xmax>
            <ymax>1071</ymax>
        </bndbox>
    </object>
    <object>
        <name>ex</name>
        <pose>Unspecified</pose>
        <truncated>0</truncated>
        <difficult>0</difficult>
        <bndbox>
            <xmin>1063</xmin>
            <ymin>1093</ymin>
            <xmax>1075</xmax>
            <ymax>1105</ymax>
        </bndbox>
    </object>
    <object>
        <name>ex</name>
        <pose>Unspecified</pose>
        <truncated>0</truncated>
        <difficult>0</difficult>
        <bndbox>
            <xmin>1063</xmin>
            <ymin>1115</ymin>
            <xmax>1067</xmax>
            <ymax>1117</ymax>
        </bndbox>
    </object>
    <object>
        <name>ex</name>
        <pose>Unspecified</pose>
        <truncated>0</truncated>
        <difficult>0</difficult>
        <bndbox>
            <xmin>1065</xmin>
            <ymin>1261</ymin>
            <xmax>1073</xmax>
            <ymax>1271</ymax>
        </bndbox>
    </object>
    <object>
        <name>ex</name>
        <pose>Unspecified</pose>
        <truncated>0</truncated>
        <difficult>0</difficult>
        <bndbox>
            <xmin>1077</xmin>
            <ymin>1059</ymin>
            <xmax>1089</xmax>
            <ymax>1067</ymax>
        </bndbox>
    </object>
    <object>
        <name>ex</name>
        <pose>Unspecified</pose>
        <truncated>0</truncated>
        <difficult>0</difficult>
        <bndbox>
            <xmin>1079</xmin>
            <ymin>1095</ymin>
            <xmax>1083</xmax>
            <ymax>1097</ymax>
        </bndbox>
    </object>
    <object>
        <name>ex</name>
        <pose>Unspecified</pose>
        <truncated>0</truncated>
        <difficult>0</difficult>
        <bndbox>
            <xmin>1085</xmin>
            <ymin>1087</ymin>
            <xmax>1089</xmax>
            <ymax>1091</ymax>
        </bndbox>
    </object>
    <object>
        <name>ex</name>
        <pose>Unspecified</pose>
        <truncated>0</truncated>
        <difficult>0</difficult>
        <bndbox>
            <xmin>1085</xmin>
            <ymin>1127</ymin>
            <xmax>1091</xmax>
            <ymax>1133</ymax>
        </bndbox>
    </object>
    <object>
        <name>ex</name>
        <pose>Unspecified</pose>
        <truncated>0</truncated>
        <difficult>0</difficult>
        <bndbox>
            <xmin>1095</xmin>
            <ymin>1099</ymin>
            <xmax>1099</xmax>
            <ymax>1101</ymax>
        </bndbox>
    </object>
    <object>
        <name>ex</name>
        <pose>Unspecified</pose>
        <truncated>0</truncated>
        <difficult>0</difficult>
        <bndbox>
            <xmin>1097</xmin>
            <ymin>1075</ymin>
            <xmax>1111</xmax>
            <ymax>1087</ymax>
        </bndbox>
    </object>
    <object>
        <name>ex</name>
        <pose>Unspecified</pose>
        <truncated>0</truncated>
        <difficult>0</difficult>
        <bndbox>
            <xmin>1097</xmin>
            <ymin>1259</ymin>
            <xmax>1153</xmax>
            <ymax>1289</ymax>
        </bndbox>
    </object>
    <object>
        <name>ex</name>
        <pose>Unspecified</pose>
        <truncated>0</truncated>
        <difficult>0</difficult>
        <bndbox>
            <xmin>1103</xmin>
            <ymin>1089</ymin>
            <xmax>1117</xmax>
            <ymax>1099</ymax>
        </bndbox>
    </object>
    <object>
        <name>ex</name>
        <pose>Unspecified</pose>
        <truncated>0</truncated>
        <difficult>0</difficult>
        <bndbox>
            <xmin>1105</xmin>
            <ymin>1055</ymin>
            <xmax>1109</xmax>
            <ymax>1061</ymax>
        </bndbox>
    </object>
    <object>
        <name>ex</name>
        <pose>Unspecified</pose>
        <truncated>0</truncated>
        <difficult>0</difficult>
        <bndbox>
            <xmin>1119</xmin>
            <ymin>1093</ymin>
            <xmax>1135</xmax>
            <ymax>1115</ymax>
        </bndbox>
    </object>
    <object>
        <name>ex</name>
        <pose>Unspecified</pose>
        <truncated>0</truncated>
        <difficult>0</difficult>
        <bndbox>
            <xmin>1125</xmin>
            <ymin>1291</ymin>
            <xmax>1135</xmax>
            <ymax>1301</ymax>
        </bndbox>
    </object>
    <object>
        <name>ex</name>
        <pose>Unspecified</pose>
        <truncated>0</truncated>
        <difficult>0</difficult>
        <bndbox>
            <xmin>1135</xmin>
            <ymin>1411</ymin>
            <xmax>1167</xmax>
            <ymax>1431</ymax>
        </bndbox>
    </object>
    <object>
        <name>ex</name>
        <pose>Unspecified</pose>
        <truncated>0</truncated>
        <difficult>0</difficult>
        <bndbox>
            <xmin>1143</xmin>
            <ymin>187</ymin>
            <xmax>1167</xmax>
            <ymax>207</ymax>
        </bndbox>
    </object>
    <object>
        <name>ex</name>
        <pose>Unspecified</pose>
        <truncated>0</truncated>
        <difficult>0</difficult>
        <bndbox>
            <xmin>1143</xmin>
            <ymin>1051</ymin>
            <xmax>1147</xmax>
            <ymax>1055</ymax>
        </bndbox>
    </object>
    <object>
        <name>ex</name>
        <pose>Unspecified</pose>
        <truncated>0</truncated>
        <difficult>0</difficult>
        <bndbox>
            <xmin>1143</xmin>
            <ymin>1283</ymin>
            <xmax>1157</xmax>
            <ymax>1301</ymax>
        </bndbox>
    </object>
    <object>
        <name>ex</name>
        <pose>Unspecified</pose>
        <truncated>0</truncated>
        <difficult>0</difficult>
        <bndbox>
            <xmin>1147</xmin>
            <ymin>229</ymin>
            <xmax>1151</xmax>
            <ymax>231</ymax>
        </bndbox>
    </object>
    <object>
        <name>ex</name>
        <pose>Unspecified</pose>
        <truncated>0</truncated>
        <difficult>0</difficult>
        <bndbox>
            <xmin>1165</xmin>
            <ymin>1271</ymin>
            <xmax>1171</xmax>
            <ymax>1279</ymax>
        </bndbox>
    </object>
    <object>
        <name>ex</name>
        <pose>Unspecified</pose>
        <truncated>0</truncated>
        <difficult>0</difficult>
        <bndbox>
            <xmin>1171</xmin>
            <ymin>1285</ymin>
            <xmax>1185</xmax>
            <ymax>1313</ymax>
        </bndbox>
    </object>
    <object>
        <name>ex</name>
        <pose>Unspecified</pose>
        <truncated>0</truncated>
        <difficult>0</difficult>
        <bndbox>
            <xmin>1171</xmin>
            <ymin>1425</ymin>
            <xmax>1183</xmax>
            <ymax>1439</ymax>
        </bndbox>
    </object>
    <object>
        <name>ex</name>
        <pose>Unspecified</pose>
        <truncated>0</truncated>
        <difficult>0</difficult>
        <bndbox>
            <xmin>1173</xmin>
            <ymin>179</ymin>
            <xmax>1199</xmax>
            <ymax>211</ymax>
        </bndbox>
    </object>
    <object>
        <name>ex</name>
        <pose>Unspecified</pose>
        <truncated>0</truncated>
        <difficult>0</difficult>
        <bndbox>
            <xmin>1177</xmin>
            <ymin>171</ymin>
            <xmax>1179</xmax>
            <ymax>175</ymax>
        </bndbox>
    </object>
    <object>
        <name>ex</name>
        <pose>Unspecified</pose>
        <truncated>0</truncated>
        <difficult>0</difficult>
        <bndbox>
            <xmin>1187</xmin>
            <ymin>213</ymin>
            <xmax>1191</xmax>
            <ymax>217</ymax>
        </bndbox>
    </object>
    <object>
        <name>ex</name>
        <pose>Unspecified</pose>
        <truncated>0</truncated>
        <difficult>0</difficult>
        <bndbox>
            <xmin>1329</xmin>
            <ymin>261</ymin>
            <xmax>1339</xmax>
            <ymax>283</ymax>
        </bndbox>
    </object>
    <object>
        <name>ex</name>
        <pose>Unspecified</pose>
        <truncated>0</truncated>
        <difficult>0</difficult>
        <bndbox>
            <xmin>1329</xmin>
            <ymin>289</ymin>
            <xmax>1341</xmax>
            <ymax>299</ymax>
        </bndbox>
    </object>
    <object>
        <name>ex</name>
        <pose>Unspecified</pose>
        <truncated>0</truncated>
        <difficult>0</difficult>
        <bndbox>
            <xmin>1331</xmin>
            <ymin>185</ymin>
            <xmax>1367</xmax>
            <ymax>225</ymax>
        </bndbox>
    </object>
    <object>
        <name>ex</name>
        <pose>Unspecified</pose>
        <truncated>0</truncated>
        <difficult>0</difficult>
        <bndbox>
            <xmin>1337</xmin>
            <ymin>229</ymin>
            <xmax>1357</xmax>
            <ymax>247</ymax>
        </bndbox>
    </object>
    <object>
        <name>ex</name>
        <pose>Unspecified</pose>
        <truncated>0</truncated>
        <difficult>0</difficult>
        <bndbox>
            <xmin>1343</xmin>
            <ymin>333</ymin>
            <xmax>1361</xmax>
            <ymax>353</ymax>
        </bndbox>
    </object>
    <object>
        <name>ex</name>
        <pose>Unspecified</pose>
        <truncated>0</truncated>
        <difficult>0</difficult>
        <bndbox>
            <xmin>1345</xmin>
            <ymin>255</ymin>
            <xmax>1353</xmax>
            <ymax>265</ymax>
        </bndbox>
    </object>
    <object>
        <name>ex</name>
        <pose>Unspecified</pose>
        <truncated>0</truncated>
        <difficult>0</difficult>
        <bndbox>
            <xmin>1361</xmin>
            <ymin>173</ymin>
            <xmax>1369</xmax>
            <ymax>185</ymax>
        </bndbox>
    </object>
    <object>
        <name>ex</name>
        <pose>Unspecified</pose>
        <truncated>0</truncated>
        <difficult>0</difficult>
        <bndbox>
            <xmin>1361</xmin>
            <ymin>203</ymin>
            <xmax>1381</xmax>
            <ymax>227</ymax>
        </bndbox>
    </object>
    <object>
        <name>ex</name>
        <pose>Unspecified</pose>
        <truncated>0</truncated>
        <difficult>0</difficult>
        <bndbox>
            <xmin>1367</xmin>
            <ymin>185</ymin>
            <xmax>1381</xmax>
            <ymax>195</ymax>
        </bndbox>
    </object>
    <object>
        <name>ex</name>
        <pose>Unspecified</pose>
        <truncated>0</truncated>
        <difficult>0</difficult>
        <bndbox>
            <xmin>1371</xmin>
            <ymin>393</ymin>
            <xmax>1387</xmax>
            <ymax>403</ymax>
        </bndbox>
    </object>
    <object>
        <name>ex</name>
        <pose>Unspecified</pose>
        <truncated>0</truncated>
        <difficult>0</difficult>
        <bndbox>
            <xmin>1381</xmin>
            <ymin>355</ymin>
            <xmax>1409</xmax>
            <ymax>393</ymax>
        </bndbox>
    </object>
    <object>
        <name>ex</name>
        <pose>Unspecified</pose>
        <truncated>0</truncated>
        <difficult>0</difficult>
        <bndbox>
            <xmin>1389</xmin>
            <ymin>167</ymin>
            <xmax>1401</xmax>
            <ymax>177</ymax>
        </bndbox>
    </object>
    <object>
        <name>ex</name>
        <pose>Unspecified</pose>
        <truncated>0</truncated>
        <difficult>0</difficult>
        <bndbox>
            <xmin>1389</xmin>
            <ymin>187</ymin>
            <xmax>1401</xmax>
            <ymax>193</ymax>
        </bndbox>
    </object>
    <object>
        <name>ex</name>
        <pose>Unspecified</pose>
        <truncated>0</truncated>
        <difficult>0</difficult>
        <bndbox>
            <xmin>1393</xmin>
            <ymin>193</ymin>
            <xmax>1407</xmax>
            <ymax>211</ymax>
        </bndbox>
    </object>
    <object>
        <name>ex</name>
        <pose>Unspecified</pose>
        <truncated>0</truncated>
        <difficult>0</difficult>
        <bndbox>
            <xmin>1403</xmin>
            <ymin>181</ymin>
            <xmax>1413</xmax>
            <ymax>191</ymax>
        </bndbox>
    </object>
    <object>
        <name>ex</name>
        <pose>Unspecified</pose>
        <truncated>0</truncated>
        <difficult>0</difficult>
        <bndbox>
            <xmin>1407</xmin>
            <ymin>213</ymin>
            <xmax>1411</xmax>
            <ymax>217</ymax>
        </bndbox>
    </object>
    <object>
        <name>ex</name>
        <pose>Unspecified</pose>
        <truncated>0</truncated>
        <difficult>0</difficult>
        <bndbox>
            <xmin>1409</xmin>
            <ymin>171</ymin>
            <xmax>1411</xmax>
            <ymax>173</ymax>
        </bndbox>
    </object>
    <object>
        <name>ex</name>
        <pose>Unspecified</pose>
        <truncated>0</truncated>
        <difficult>0</difficult>
        <bndbox>
            <xmin>1411</xmin>
            <ymin>189</ymin>
            <xmax>1447</xmax>
            <ymax>237</ymax>
        </bndbox>
    </object>
    <object>
        <name>ex</name>
        <pose>Unspecified</pose>
        <truncated>0</truncated>
        <difficult>0</difficult>
        <bndbox>
            <xmin>1415</xmin>
            <ymin>223</ymin>
            <xmax>1419</xmax>
            <ymax>227</ymax>
        </bndbox>
    </object>
    <object>
        <name>ex</name>
        <pose>Unspecified</pose>
        <truncated>0</truncated>
        <difficult>0</difficult>
        <bndbox>
            <xmin>1435</xmin>
            <ymin>265</ymin>
            <xmax>1441</xmax>
            <ymax>281</ymax>
        </bndbox>
    </object>
    <object>
        <name>ex</name>
        <pose>Unspecified</pose>
        <truncated>0</truncated>
        <difficult>0</difficult>
        <bndbox>
            <xmin>1457</xmin>
            <ymin>157</ymin>
            <xmax>1461</xmax>
            <ymax>161</ymax>
        </bndbox>
    </object>
    <object>
        <name>ex</name>
        <pose>Unspecified</pose>
        <truncated>0</truncated>
        <difficult>0</difficult>
        <bndbox>
            <xmin>1461</xmin>
            <ymin>329</ymin>
            <xmax>1473</xmax>
            <ymax>343</ymax>
        </bndbox>
    </object>
    <object>
        <name>ex</name>
        <pose>Unspecified</pose>
        <truncated>0</truncated>
        <difficult>0</difficult>
        <bndbox>
            <xmin>1461</xmin>
            <ymin>497</ymin>
            <xmax>1475</xmax>
            <ymax>509</ymax>
        </bndbox>
    </object>
    <object>
        <name>ex</name>
        <pose>Unspecified</pose>
        <truncated>0</truncated>
        <difficult>0</difficult>
        <bndbox>
            <xmin>1469</xmin>
            <ymin>279</ymin>
            <xmax>1503</xmax>
            <ymax>307</ymax>
        </bndbox>
    </object>
    <object>
        <name>ex</name>
        <pose>Unspecified</pose>
        <truncated>0</truncated>
        <difficult>0</difficult>
        <bndbox>
            <xmin>1475</xmin>
            <ymin>275</ymin>
            <xmax>1481</xmax>
            <ymax>281</ymax>
        </bndbox>
    </object>
    <object>
        <name>ex</name>
        <pose>Unspecified</pose>
        <truncated>0</truncated>
        <difficult>0</difficult>
        <bndbox>
            <xmin>1481</xmin>
            <ymin>503</ymin>
            <xmax>1493</xmax>
            <ymax>513</ymax>
        </bndbox>
    </object>
    <object>
        <name>ex</name>
        <pose>Unspecified</pose>
        <truncated>0</truncated>
        <difficult>0</difficult>
        <bndbox>
            <xmin>1485</xmin>
            <ymin>369</ymin>
            <xmax>1497</xmax>
            <ymax>395</ymax>
        </bndbox>
    </object>
</annotation>