<annotation>
    <folder>OurDataset</folder>
    <filename>007-4105-200.jpg</filename>
    <size>
        <width>2048</width>
        <height>1536</height>
        <depth>3</depth>
    </size>
    <object>
        <name>ex</name>
        <pose>Unspecified</pose>
        <truncated>0</truncated>
        <difficult>0</difficult>
        <bndbox>
            <xmin>1165</xmin>
            <ymin>498</ymin>
            <xmax>1181</xmax>
            <ymax>517</ymax>
        </bndbox>
    </object>
    <object>
        <name>ex</name>
        <pose>Unspecified</pose>
        <truncated>0</truncated>
        <difficult>0</difficult>
        <bndbox>
            <xmin>1454</xmin>
            <ymin>657</ymin>
            <xmax>1504</xmax>
            <ymax>708</ymax>
        </bndbox>
    </object>
    <object>
        <name>ex</name>
        <pose>Unspecified</pose>
        <truncated>0</truncated>
        <difficult>0</difficult>
        <bndbox>
            <xmin>1504</xmin>
            <ymin>637</ymin>
            <xmax>1530</xmax>
            <ymax>663</ymax>
        </bndbox>
    </object>
    <object>
        <name>ex</name>
        <pose>Unspecified</pose>
        <truncated>0</truncated>
        <difficult>0</difficult>
        <bndbox>
            <xmin>1522</xmin>
            <ymin>840</ymin>
            <xmax>1532</xmax>
            <ymax>853</ymax>
        </bndbox>
    </object>
    <object>
        <name>ex</name>
        <pose>Unspecified</pose>
        <truncated>0</truncated>
        <difficult>0</difficult>
        <bndbox>
            <xmin>1545</xmin>
            <ymin>647</ymin>
            <xmax>1549</xmax>
            <ymax>650</ymax>
        </bndbox>
    </object>
    <object>
        <name>ex</name>
        <pose>Unspecified</pose>
        <truncated>0</truncated>
        <difficult>0</difficult>
        <bndbox>
            <xmin>1569</xmin>
            <ymin>760</ymin>
            <xmax>1576</xmax>
            <ymax>764</ymax>
        </bndbox>
    </object>
    <object>
        <name>ex</name>
        <pose>Unspecified</pose>
        <truncated>0</truncated>
        <difficult>0</difficult>
        <bndbox>
            <xmin>1595</xmin>
            <ymin>781</ymin>
            <xmax>1604</xmax>
            <ymax>790</ymax>
        </bndbox>
    </object>
    <object>
        <name>ex</name>
        <pose>Unspecified</pose>
        <truncated>0</truncated>
        <difficult>0</difficult>
        <bndbox>
            <xmin>1598</xmin>
            <ymin>796</ymin>
            <xmax>1602</xmax>
            <ymax>800</ymax>
        </bndbox>
    </object>
    <object>
        <name>ex</name>
        <pose>Unspecified</pose>
        <truncated>0</truncated>
        <difficult>0</difficult>
        <bndbox>
            <xmin>1604</xmin>
            <ymin>786</ymin>
            <xmax>1614</xmax>
            <ymax>796</ymax>
        </bndbox>
    </object>
    <object>
        <name>ex</name>
        <pose>Unspecified</pose>
        <truncated>0</truncated>
        <difficult>0</difficult>
        <bndbox>
            <xmin>1614</xmin>
            <ymin>732</ymin>
            <xmax>1617</xmax>
            <ymax>734</ymax>
        </bndbox>
    </object>
    <object>
        <name>ex</name>
        <pose>Unspecified</pose>
        <truncated>0</truncated>
        <difficult>0</difficult>
        <bndbox>
            <xmin>1670</xmin>
            <ymin>680</ymin>
            <xmax>1675</xmax>
            <ymax>685</ymax>
        </bndbox>
    </object>
    <object>
        <name>ma</name>
        <pose>Unspecified</pose>
        <truncated>0</truncated>
        <difficult>0</difficult>
        <bndbox>
            <xmin>1366</xmin>
            <ymin>773</ymin>
            <xmax>1373</xmax>
            <ymax>788</ymax>
        </bndbox>
    </object>
    <object>
        <name>ma</name>
        <pose>Unspecified</pose>
        <truncated>0</truncated>
        <difficult>0</difficult>
        <bndbox>
            <xmin>1600</xmin>
            <ymin>767</ymin>
            <xmax>1601</xmax>
            <ymax>770</ymax>
        </bndbox>
    </object>
    <object>
        <name>ex</name>
        <pose>Unspecified</pose>
        <truncated>0</truncated>
        <difficult>0</difficult>
        <bndbox>
            <xmin>1165</xmin>
            <ymin>498</ymin>
            <xmax>1181</xmax>
            <ymax>517</ymax>
        </bndbox>
    </object>
    <object>
        <name>ex</name>
        <pose>Unspecified</pose>
        <truncated>0</truncated>
        <difficult>0</difficult>
        <bndbox>
            <xmin>1454</xmin>
            <ymin>657</ymin>
            <xmax>1504</xmax>
            <ymax>708</ymax>
        </bndbox>
    </object>
    <object>
        <name>ex</name>
        <pose>Unspecified</pose>
        <truncated>0</truncated>
        <difficult>0</difficult>
        <bndbox>
            <xmin>1504</xmin>
            <ymin>637</ymin>
            <xmax>1530</xmax>
            <ymax>663</ymax>
        </bndbox>
    </object>
    <object>
        <name>ex</name>
        <pose>Unspecified</pose>
        <truncated>0</truncated>
        <difficult>0</difficult>
        <bndbox>
            <xmin>1522</xmin>
            <ymin>840</ymin>
            <xmax>1532</xmax>
            <ymax>853</ymax>
        </bndbox>
    </object>
    <object>
        <name>ex</name>
        <pose>Unspecified</pose>
        <truncated>0</truncated>
        <difficult>0</difficult>
        <bndbox>
            <xmin>1545</xmin>
            <ymin>647</ymin>
            <xmax>1549</xmax>
            <ymax>650</ymax>
        </bndbox>
    </object>
    <object>
        <name>ex</name>
        <pose>Unspecified</pose>
        <truncated>0</truncated>
        <difficult>0</difficult>
        <bndbox>
            <xmin>1569</xmin>
            <ymin>760</ymin>
            <xmax>1576</xmax>
            <ymax>764</ymax>
        </bndbox>
    </object>
    <object>
        <name>ex</name>
        <pose>Unspecified</pose>
        <truncated>0</truncated>
        <difficult>0</difficult>
        <bndbox>
            <xmin>1595</xmin>
            <ymin>781</ymin>
            <xmax>1604</xmax>
            <ymax>790</ymax>
        </bndbox>
    </object>
    <object>
        <name>ex</name>
        <pose>Unspecified</pose>
        <truncated>0</truncated>
        <difficult>0</difficult>
        <bndbox>
            <xmin>1598</xmin>
            <ymin>796</ymin>
            <xmax>1602</xmax>
            <ymax>800</ymax>
        </bndbox>
    </object>
    <object>
        <name>ex</name>
        <pose>Unspecified</pose>
        <truncated>0</truncated>
        <difficult>0</difficult>
        <bndbox>
            <xmin>1604</xmin>
            <ymin>786</ymin>
            <xmax>1614</xmax>
            <ymax>796</ymax>
        </bndbox>
    </object>
    <object>
        <name>ex</name>
        <pose>Unspecified</pose>
        <truncated>0</truncated>
        <difficult>0</difficult>
        <bndbox>
            <xmin>1614</xmin>
            <ymin>732</ymin>
            <xmax>1617</xmax>
            <ymax>734</ymax>
        </bndbox>
    </object>
    <object>
        <name>ex</name>
        <pose>Unspecified</pose>
        <truncated>0</truncated>
        <difficult>0</difficult>
        <bndbox>
            <xmin>1670</xmin>
            <ymin>680</ymin>
            <xmax>1675</xmax>
            <ymax>685</ymax>
        </bndbox>
    </object>
    <object>
        <name>ma</name>
        <pose>Unspecified</pose>
        <truncated>0</truncated>
        <difficult>0</difficult>
        <bndbox>
            <xmin>1366</xmin>
            <ymin>773</ymin>
            <xmax>1373</xmax>
            <ymax>788</ymax>
        </bndbox>
    </object>
    <object>
        <name>ma</name>
        <pose>Unspecified</pose>
        <truncated>0</truncated>
        <difficult>0</difficult>
        <bndbox>
            <xmin>1600</xmin>
            <ymin>767</ymin>
            <xmax>1601</xmax>
            <ymax>770</ymax>
        </bndbox>
    </object>
    <object>
        <name>ex</name>
        <pose>Unspecified</pose>
        <truncated>0</truncated>
        <difficult>0</difficult>
        <bndbox>
            <xmin>1165</xmin>
            <ymin>498</ymin>
            <xmax>1181</xmax>
            <ymax>517</ymax>
        </bndbox>
    </object>
    <object>
        <name>ex</name>
        <pose>Unspecified</pose>
        <truncated>0</truncated>
        <difficult>0</difficult>
        <bndbox>
            <xmin>1454</xmin>
            <ymin>657</ymin>
            <xmax>1504</xmax>
            <ymax>708</ymax>
        </bndbox>
    </object>
    <object>
        <name>ex</name>
        <pose>Unspecified</pose>
        <truncated>0</truncated>
        <difficult>0</difficult>
        <bndbox>
            <xmin>1504</xmin>
            <ymin>637</ymin>
            <xmax>1530</xmax>
            <ymax>663</ymax>
        </bndbox>
    </object>
    <object>
        <name>ex</name>
        <pose>Unspecified</pose>
        <truncated>0</truncated>
        <difficult>0</difficult>
        <bndbox>
            <xmin>1522</xmin>
            <ymin>840</ymin>
            <xmax>1532</xmax>
            <ymax>853</ymax>
        </bndbox>
    </object>
    <object>
        <name>ex</name>
        <pose>Unspecified</pose>
        <truncated>0</truncated>
        <difficult>0</difficult>
        <bndbox>
            <xmin>1545</xmin>
            <ymin>647</ymin>
            <xmax>1549</xmax>
            <ymax>650</ymax>
        </bndbox>
    </object>
    <object>
        <name>ex</name>
        <pose>Unspecified</pose>
        <truncated>0</truncated>
        <difficult>0</difficult>
        <bndbox>
            <xmin>1569</xmin>
            <ymin>760</ymin>
            <xmax>1576</xmax>
            <ymax>764</ymax>
        </bndbox>
    </object>
    <object>
        <name>ex</name>
        <pose>Unspecified</pose>
        <truncated>0</truncated>
        <difficult>0</difficult>
        <bndbox>
            <xmin>1595</xmin>
            <ymin>781</ymin>
            <xmax>1604</xmax>
            <ymax>790</ymax>
        </bndbox>
    </object>
    <object>
        <name>ex</name>
        <pose>Unspecified</pose>
        <truncated>0</truncated>
        <difficult>0</difficult>
        <bndbox>
            <xmin>1598</xmin>
            <ymin>796</ymin>
            <xmax>1602</xmax>
            <ymax>800</ymax>
        </bndbox>
    </object>
    <object>
        <name>ex</name>
        <pose>Unspecified</pose>
        <truncated>0</truncated>
        <difficult>0</difficult>
        <bndbox>
            <xmin>1604</xmin>
            <ymin>786</ymin>
            <xmax>1614</xmax>
            <ymax>796</ymax>
        </bndbox>
    </object>
    <object>
        <name>ex</name>
        <pose>Unspecified</pose>
        <truncated>0</truncated>
        <difficult>0</difficult>
        <bndbox>
            <xmin>1614</xmin>
            <ymin>732</ymin>
            <xmax>1617</xmax>
            <ymax>734</ymax>
        </bndbox>
    </object>
    <object>
        <name>ex</name>
        <pose>Unspecified</pose>
        <truncated>0</truncated>
        <difficult>0</difficult>
        <bndbox>
            <xmin>1670</xmin>
            <ymin>680</ymin>
            <xmax>1675</xmax>
            <ymax>685</ymax>
        </bndbox>
    </object>
</annotation>