<annotation>
    <folder>OurDataset</folder>
    <filename>007-4733-200.jpg</filename>
    <size>
        <width>3696</width>
        <height>2448</height>
        <depth>3</depth>
    </size>
    <object>
        <name>ex</name>
        <pose>Unspecified</pose>
        <truncated>0</truncated>
        <difficult>0</difficult>
        <bndbox>
            <xmin>1615</xmin>
            <ymin>263</ymin>
            <xmax>1637</xmax>
            <ymax>281</ymax>
        </bndbox>
    </object>
    <object>
        <name>ex</name>
        <pose>Unspecified</pose>
        <truncated>0</truncated>
        <difficult>0</difficult>
        <bndbox>
            <xmin>1649</xmin>
            <ymin>351</ymin>
            <xmax>1671</xmax>
            <ymax>367</ymax>
        </bndbox>
    </object>
    <object>
        <name>ex</name>
        <pose>Unspecified</pose>
        <truncated>0</truncated>
        <difficult>0</difficult>
        <bndbox>
            <xmin>1651</xmin>
            <ymin>259</ymin>
            <xmax>1673</xmax>
            <ymax>289</ymax>
        </bndbox>
    </object>
    <object>
        <name>ex</name>
        <pose>Unspecified</pose>
        <truncated>0</truncated>
        <difficult>0</difficult>
        <bndbox>
            <xmin>1665</xmin>
            <ymin>195</ymin>
            <xmax>1685</xmax>
            <ymax>215</ymax>
        </bndbox>
    </object>
    <object>
        <name>ex</name>
        <pose>Unspecified</pose>
        <truncated>0</truncated>
        <difficult>0</difficult>
        <bndbox>
            <xmin>1685</xmin>
            <ymin>363</ymin>
            <xmax>1693</xmax>
            <ymax>377</ymax>
        </bndbox>
    </object>
    <object>
        <name>ex</name>
        <pose>Unspecified</pose>
        <truncated>0</truncated>
        <difficult>0</difficult>
        <bndbox>
            <xmin>2671</xmin>
            <ymin>1061</ymin>
            <xmax>2721</xmax>
            <ymax>1091</ymax>
        </bndbox>
    </object>
    <object>
        <name>ma</name>
        <pose>Unspecified</pose>
        <truncated>0</truncated>
        <difficult>0</difficult>
        <bndbox>
            <xmin>1839</xmin>
            <ymin>2177</ymin>
            <xmax>1851</xmax>
            <ymax>2189</ymax>
        </bndbox>
    </object>
    <object>
        <name>ma</name>
        <pose>Unspecified</pose>
        <truncated>0</truncated>
        <difficult>0</difficult>
        <bndbox>
            <xmin>1841</xmin>
            <ymin>2069</ymin>
            <xmax>1849</xmax>
            <ymax>2075</ymax>
        </bndbox>
    </object>
    <object>
        <name>ma</name>
        <pose>Unspecified</pose>
        <truncated>0</truncated>
        <difficult>0</difficult>
        <bndbox>
            <xmin>2023</xmin>
            <ymin>1745</ymin>
            <xmax>2037</xmax>
            <ymax>1759</ymax>
        </bndbox>
    </object>
    <object>
        <name>ma</name>
        <pose>Unspecified</pose>
        <truncated>0</truncated>
        <difficult>0</difficult>
        <bndbox>
            <xmin>2111</xmin>
            <ymin>925</ymin>
            <xmax>2131</xmax>
            <ymax>943</ymax>
        </bndbox>
    </object>
    <object>
        <name>ma</name>
        <pose>Unspecified</pose>
        <truncated>0</truncated>
        <difficult>0</difficult>
        <bndbox>
            <xmin>2461</xmin>
            <ymin>1275</ymin>
            <xmax>2473</xmax>
            <ymax>1289</ymax>
        </bndbox>
    </object>
    <object>
        <name>ma</name>
        <pose>Unspecified</pose>
        <truncated>0</truncated>
        <difficult>0</difficult>
        <bndbox>
            <xmin>2495</xmin>
            <ymin>743</ymin>
            <xmax>2501</xmax>
            <ymax>749</ymax>
        </bndbox>
    </object>
    <object>
        <name>he</name>
        <pose>Unspecified</pose>
        <truncated>0</truncated>
        <difficult>0</difficult>
        <bndbox>
            <xmin>739</xmin>
            <ymin>1001</ymin>
            <xmax>771</xmax>
            <ymax>1017</ymax>
        </bndbox>
    </object>
    <object>
        <name>he</name>
        <pose>Unspecified</pose>
        <truncated>0</truncated>
        <difficult>0</difficult>
        <bndbox>
            <xmin>1617</xmin>
            <ymin>293</ymin>
            <xmax>1701</xmax>
            <ymax>345</ymax>
        </bndbox>
    </object>
    <object>
        <name>he</name>
        <pose>Unspecified</pose>
        <truncated>0</truncated>
        <difficult>0</difficult>
        <bndbox>
            <xmin>1635</xmin>
            <ymin>155</ymin>
            <xmax>1665</xmax>
            <ymax>181</ymax>
        </bndbox>
    </object>
    <object>
        <name>he</name>
        <pose>Unspecified</pose>
        <truncated>0</truncated>
        <difficult>0</difficult>
        <bndbox>
            <xmin>1827</xmin>
            <ymin>647</ymin>
            <xmax>1871</xmax>
            <ymax>673</ymax>
        </bndbox>
    </object>
    <object>
        <name>he</name>
        <pose>Unspecified</pose>
        <truncated>0</truncated>
        <difficult>0</difficult>
        <bndbox>
            <xmin>2757</xmin>
            <ymin>1313</ymin>
            <xmax>2799</xmax>
            <ymax>1337</ymax>
        </bndbox>
    </object>
    <object>
        <name>he</name>
        <pose>Unspecified</pose>
        <truncated>0</truncated>
        <difficult>0</difficult>
        <bndbox>
            <xmin>2763</xmin>
            <ymin>1351</ymin>
            <xmax>2793</xmax>
            <ymax>1365</ymax>
        </bndbox>
    </object>
    <object>
        <name>he</name>
        <pose>Unspecified</pose>
        <truncated>0</truncated>
        <difficult>0</difficult>
        <bndbox>
            <xmin>2989</xmin>
            <ymin>1383</ymin>
            <xmax>3015</xmax>
            <ymax>1415</ymax>
        </bndbox>
    </object>
    <object>
        <name>ex</name>
        <pose>Unspecified</pose>
        <truncated>0</truncated>
        <difficult>0</difficult>
        <bndbox>
            <xmin>1615</xmin>
            <ymin>263</ymin>
            <xmax>1637</xmax>
            <ymax>281</ymax>
        </bndbox>
    </object>
    <object>
        <name>ex</name>
        <pose>Unspecified</pose>
        <truncated>0</truncated>
        <difficult>0</difficult>
        <bndbox>
            <xmin>1649</xmin>
            <ymin>351</ymin>
            <xmax>1671</xmax>
            <ymax>367</ymax>
        </bndbox>
    </object>
    <object>
        <name>ex</name>
        <pose>Unspecified</pose>
        <truncated>0</truncated>
        <difficult>0</difficult>
        <bndbox>
            <xmin>1651</xmin>
            <ymin>259</ymin>
            <xmax>1673</xmax>
            <ymax>289</ymax>
        </bndbox>
    </object>
    <object>
        <name>ex</name>
        <pose>Unspecified</pose>
        <truncated>0</truncated>
        <difficult>0</difficult>
        <bndbox>
            <xmin>1665</xmin>
            <ymin>195</ymin>
            <xmax>1685</xmax>
            <ymax>215</ymax>
        </bndbox>
    </object>
    <object>
        <name>ex</name>
        <pose>Unspecified</pose>
        <truncated>0</truncated>
        <difficult>0</difficult>
        <bndbox>
            <xmin>1685</xmin>
            <ymin>363</ymin>
            <xmax>1693</xmax>
            <ymax>377</ymax>
        </bndbox>
    </object>
    <object>
        <name>ex</name>
        <pose>Unspecified</pose>
        <truncated>0</truncated>
        <difficult>0</difficult>
        <bndbox>
            <xmin>2671</xmin>
            <ymin>1061</ymin>
            <xmax>2721</xmax>
            <ymax>1091</ymax>
        </bndbox>
    </object>
    <object>
        <name>ma</name>
        <pose>Unspecified</pose>
        <truncated>0</truncated>
        <difficult>0</difficult>
        <bndbox>
            <xmin>1839</xmin>
            <ymin>2177</ymin>
            <xmax>1851</xmax>
            <ymax>2189</ymax>
        </bndbox>
    </object>
    <object>
        <name>ma</name>
        <pose>Unspecified</pose>
        <truncated>0</truncated>
        <difficult>0</difficult>
        <bndbox>
            <xmin>1841</xmin>
            <ymin>2069</ymin>
            <xmax>1849</xmax>
            <ymax>2075</ymax>
        </bndbox>
    </object>
    <object>
        <name>ma</name>
        <pose>Unspecified</pose>
        <truncated>0</truncated>
        <difficult>0</difficult>
        <bndbox>
            <xmin>2023</xmin>
            <ymin>1745</ymin>
            <xmax>2037</xmax>
            <ymax>1759</ymax>
        </bndbox>
    </object>
    <object>
        <name>ma</name>
        <pose>Unspecified</pose>
        <truncated>0</truncated>
        <difficult>0</difficult>
        <bndbox>
            <xmin>2111</xmin>
            <ymin>925</ymin>
            <xmax>2131</xmax>
            <ymax>943</ymax>
        </bndbox>
    </object>
    <object>
        <name>ma</name>
        <pose>Unspecified</pose>
        <truncated>0</truncated>
        <difficult>0</difficult>
        <bndbox>
            <xmin>2461</xmin>
            <ymin>1275</ymin>
            <xmax>2473</xmax>
            <ymax>1289</ymax>
        </bndbox>
    </object>
    <object>
        <name>ma</name>
        <pose>Unspecified</pose>
        <truncated>0</truncated>
        <difficult>0</difficult>
        <bndbox>
            <xmin>2495</xmin>
            <ymin>743</ymin>
            <xmax>2501</xmax>
            <ymax>749</ymax>
        </bndbox>
    </object>
    <object>
        <name>he</name>
        <pose>Unspecified</pose>
        <truncated>0</truncated>
        <difficult>0</difficult>
        <bndbox>
            <xmin>739</xmin>
            <ymin>1001</ymin>
            <xmax>771</xmax>
            <ymax>1017</ymax>
        </bndbox>
    </object>
    <object>
        <name>he</name>
        <pose>Unspecified</pose>
        <truncated>0</truncated>
        <difficult>0</difficult>
        <bndbox>
            <xmin>1617</xmin>
            <ymin>293</ymin>
            <xmax>1701</xmax>
            <ymax>345</ymax>
        </bndbox>
    </object>
    <object>
        <name>he</name>
        <pose>Unspecified</pose>
        <truncated>0</truncated>
        <difficult>0</difficult>
        <bndbox>
            <xmin>1635</xmin>
            <ymin>155</ymin>
            <xmax>1665</xmax>
            <ymax>181</ymax>
        </bndbox>
    </object>
    <object>
        <name>he</name>
        <pose>Unspecified</pose>
        <truncated>0</truncated>
        <difficult>0</difficult>
        <bndbox>
            <xmin>1827</xmin>
            <ymin>647</ymin>
            <xmax>1871</xmax>
            <ymax>673</ymax>
        </bndbox>
    </object>
    <object>
        <name>he</name>
        <pose>Unspecified</pose>
        <truncated>0</truncated>
        <difficult>0</difficult>
        <bndbox>
            <xmin>2757</xmin>
            <ymin>1313</ymin>
            <xmax>2799</xmax>
            <ymax>1337</ymax>
        </bndbox>
    </object>
    <object>
        <name>he</name>
        <pose>Unspecified</pose>
        <truncated>0</truncated>
        <difficult>0</difficult>
        <bndbox>
            <xmin>2763</xmin>
            <ymin>1351</ymin>
            <xmax>2793</xmax>
            <ymax>1365</ymax>
        </bndbox>
    </object>
    <object>
        <name>he</name>
        <pose>Unspecified</pose>
        <truncated>0</truncated>
        <difficult>0</difficult>
        <bndbox>
            <xmin>2989</xmin>
            <ymin>1383</ymin>
            <xmax>3015</xmax>
            <ymax>1415</ymax>
        </bndbox>
    </object>
    <object>
        <name>ex</name>
        <pose>Unspecified</pose>
        <truncated>0</truncated>
        <difficult>0</difficult>
        <bndbox>
            <xmin>1615</xmin>
            <ymin>263</ymin>
            <xmax>1637</xmax>
            <ymax>281</ymax>
        </bndbox>
    </object>
    <object>
        <name>ex</name>
        <pose>Unspecified</pose>
        <truncated>0</truncated>
        <difficult>0</difficult>
        <bndbox>
            <xmin>1649</xmin>
            <ymin>351</ymin>
            <xmax>1671</xmax>
            <ymax>367</ymax>
        </bndbox>
    </object>
    <object>
        <name>ex</name>
        <pose>Unspecified</pose>
        <truncated>0</truncated>
        <difficult>0</difficult>
        <bndbox>
            <xmin>1651</xmin>
            <ymin>259</ymin>
            <xmax>1673</xmax>
            <ymax>289</ymax>
        </bndbox>
    </object>
    <object>
        <name>ex</name>
        <pose>Unspecified</pose>
        <truncated>0</truncated>
        <difficult>0</difficult>
        <bndbox>
            <xmin>1665</xmin>
            <ymin>195</ymin>
            <xmax>1685</xmax>
            <ymax>215</ymax>
        </bndbox>
    </object>
    <object>
        <name>ex</name>
        <pose>Unspecified</pose>
        <truncated>0</truncated>
        <difficult>0</difficult>
        <bndbox>
            <xmin>1685</xmin>
            <ymin>363</ymin>
            <xmax>1693</xmax>
            <ymax>377</ymax>
        </bndbox>
    </object>
    <object>
        <name>ex</name>
        <pose>Unspecified</pose>
        <truncated>0</truncated>
        <difficult>0</difficult>
        <bndbox>
            <xmin>2671</xmin>
            <ymin>1061</ymin>
            <xmax>2721</xmax>
            <ymax>1091</ymax>
        </bndbox>
    </object>
</annotation>