<annotation>
    <folder>OurDataset</folder>
    <filename>007-4657-200.jpg</filename>
    <size>
        <width>3456</width>
        <height>3456</height>
        <depth>3</depth>
    </size>
    <object>
        <name>ex</name>
        <pose>Unspecified</pose>
        <truncated>0</truncated>
        <difficult>0</difficult>
        <bndbox>
            <xmin>2035</xmin>
            <ymin>3181</ymin>
            <xmax>2051</xmax>
            <ymax>3203</ymax>
        </bndbox>
    </object>
    <object>
        <name>ex</name>
        <pose>Unspecified</pose>
        <truncated>0</truncated>
        <difficult>0</difficult>
        <bndbox>
            <xmin>2289</xmin>
            <ymin>2047</ymin>
            <xmax>2309</xmax>
            <ymax>2059</ymax>
        </bndbox>
    </object>
    <object>
        <name>ex</name>
        <pose>Unspecified</pose>
        <truncated>0</truncated>
        <difficult>0</difficult>
        <bndbox>
            <xmin>2305</xmin>
            <ymin>2009</ymin>
            <xmax>2331</xmax>
            <ymax>2025</ymax>
        </bndbox>
    </object>
    <object>
        <name>ex</name>
        <pose>Unspecified</pose>
        <truncated>0</truncated>
        <difficult>0</difficult>
        <bndbox>
            <xmin>2581</xmin>
            <ymin>771</ymin>
            <xmax>2601</xmax>
            <ymax>797</ymax>
        </bndbox>
    </object>
    <object>
        <name>ex</name>
        <pose>Unspecified</pose>
        <truncated>0</truncated>
        <difficult>0</difficult>
        <bndbox>
            <xmin>2617</xmin>
            <ymin>667</ymin>
            <xmax>2629</xmax>
            <ymax>681</ymax>
        </bndbox>
    </object>
    <object>
        <name>ex</name>
        <pose>Unspecified</pose>
        <truncated>0</truncated>
        <difficult>0</difficult>
        <bndbox>
            <xmin>2627</xmin>
            <ymin>691</ymin>
            <xmax>2655</xmax>
            <ymax>729</ymax>
        </bndbox>
    </object>
    <object>
        <name>ex</name>
        <pose>Unspecified</pose>
        <truncated>0</truncated>
        <difficult>0</difficult>
        <bndbox>
            <xmin>2627</xmin>
            <ymin>765</ymin>
            <xmax>2711</xmax>
            <ymax>841</ymax>
        </bndbox>
    </object>
    <object>
        <name>ex</name>
        <pose>Unspecified</pose>
        <truncated>0</truncated>
        <difficult>0</difficult>
        <bndbox>
            <xmin>2713</xmin>
            <ymin>831</ymin>
            <xmax>2743</xmax>
            <ymax>851</ymax>
        </bndbox>
    </object>
    <object>
        <name>ex</name>
        <pose>Unspecified</pose>
        <truncated>0</truncated>
        <difficult>0</difficult>
        <bndbox>
            <xmin>2717</xmin>
            <ymin>2995</ymin>
            <xmax>2739</xmax>
            <ymax>3015</ymax>
        </bndbox>
    </object>
    <object>
        <name>ex</name>
        <pose>Unspecified</pose>
        <truncated>0</truncated>
        <difficult>0</difficult>
        <bndbox>
            <xmin>2739</xmin>
            <ymin>787</ymin>
            <xmax>2745</xmax>
            <ymax>793</ymax>
        </bndbox>
    </object>
    <object>
        <name>ex</name>
        <pose>Unspecified</pose>
        <truncated>0</truncated>
        <difficult>0</difficult>
        <bndbox>
            <xmin>2765</xmin>
            <ymin>667</ymin>
            <xmax>2775</xmax>
            <ymax>687</ymax>
        </bndbox>
    </object>
    <object>
        <name>ex</name>
        <pose>Unspecified</pose>
        <truncated>0</truncated>
        <difficult>0</difficult>
        <bndbox>
            <xmin>2765</xmin>
            <ymin>793</ymin>
            <xmax>2781</xmax>
            <ymax>831</ymax>
        </bndbox>
    </object>
    <object>
        <name>ex</name>
        <pose>Unspecified</pose>
        <truncated>0</truncated>
        <difficult>0</difficult>
        <bndbox>
            <xmin>2785</xmin>
            <ymin>751</ymin>
            <xmax>2823</xmax>
            <ymax>781</ymax>
        </bndbox>
    </object>
    <object>
        <name>ex</name>
        <pose>Unspecified</pose>
        <truncated>0</truncated>
        <difficult>0</difficult>
        <bndbox>
            <xmin>2801</xmin>
            <ymin>725</ymin>
            <xmax>2839</xmax>
            <ymax>749</ymax>
        </bndbox>
    </object>
    <object>
        <name>ma</name>
        <pose>Unspecified</pose>
        <truncated>0</truncated>
        <difficult>0</difficult>
        <bndbox>
            <xmin>645</xmin>
            <ymin>2133</ymin>
            <xmax>665</xmax>
            <ymax>2153</ymax>
        </bndbox>
    </object>
    <object>
        <name>ma</name>
        <pose>Unspecified</pose>
        <truncated>0</truncated>
        <difficult>0</difficult>
        <bndbox>
            <xmin>1189</xmin>
            <ymin>3053</ymin>
            <xmax>1201</xmax>
            <ymax>3065</ymax>
        </bndbox>
    </object>
    <object>
        <name>ma</name>
        <pose>Unspecified</pose>
        <truncated>0</truncated>
        <difficult>0</difficult>
        <bndbox>
            <xmin>1481</xmin>
            <ymin>2837</ymin>
            <xmax>1511</xmax>
            <ymax>2859</ymax>
        </bndbox>
    </object>
    <object>
        <name>ma</name>
        <pose>Unspecified</pose>
        <truncated>0</truncated>
        <difficult>0</difficult>
        <bndbox>
            <xmin>1553</xmin>
            <ymin>577</ymin>
            <xmax>1569</xmax>
            <ymax>595</ymax>
        </bndbox>
    </object>
    <object>
        <name>ma</name>
        <pose>Unspecified</pose>
        <truncated>0</truncated>
        <difficult>0</difficult>
        <bndbox>
            <xmin>1635</xmin>
            <ymin>655</ymin>
            <xmax>1649</xmax>
            <ymax>669</ymax>
        </bndbox>
    </object>
    <object>
        <name>ma</name>
        <pose>Unspecified</pose>
        <truncated>0</truncated>
        <difficult>0</difficult>
        <bndbox>
            <xmin>1973</xmin>
            <ymin>2471</ymin>
            <xmax>1997</xmax>
            <ymax>2481</ymax>
        </bndbox>
    </object>
    <object>
        <name>ma</name>
        <pose>Unspecified</pose>
        <truncated>0</truncated>
        <difficult>0</difficult>
        <bndbox>
            <xmin>2099</xmin>
            <ymin>1027</ymin>
            <xmax>2125</xmax>
            <ymax>1047</ymax>
        </bndbox>
    </object>
    <object>
        <name>ma</name>
        <pose>Unspecified</pose>
        <truncated>0</truncated>
        <difficult>0</difficult>
        <bndbox>
            <xmin>2141</xmin>
            <ymin>1005</ymin>
            <xmax>2157</xmax>
            <ymax>1015</ymax>
        </bndbox>
    </object>
    <object>
        <name>ma</name>
        <pose>Unspecified</pose>
        <truncated>0</truncated>
        <difficult>0</difficult>
        <bndbox>
            <xmin>2459</xmin>
            <ymin>1963</ymin>
            <xmax>2469</xmax>
            <ymax>1973</ymax>
        </bndbox>
    </object>
    <object>
        <name>ma</name>
        <pose>Unspecified</pose>
        <truncated>0</truncated>
        <difficult>0</difficult>
        <bndbox>
            <xmin>2489</xmin>
            <ymin>553</ymin>
            <xmax>2507</xmax>
            <ymax>575</ymax>
        </bndbox>
    </object>
    <object>
        <name>ma</name>
        <pose>Unspecified</pose>
        <truncated>0</truncated>
        <difficult>0</difficult>
        <bndbox>
            <xmin>2669</xmin>
            <ymin>1873</ymin>
            <xmax>2681</xmax>
            <ymax>1887</ymax>
        </bndbox>
    </object>
    <object>
        <name>ma</name>
        <pose>Unspecified</pose>
        <truncated>0</truncated>
        <difficult>0</difficult>
        <bndbox>
            <xmin>2769</xmin>
            <ymin>1095</ymin>
            <xmax>2777</xmax>
            <ymax>1105</ymax>
        </bndbox>
    </object>
    <object>
        <name>ma</name>
        <pose>Unspecified</pose>
        <truncated>0</truncated>
        <difficult>0</difficult>
        <bndbox>
            <xmin>2913</xmin>
            <ymin>1719</ymin>
            <xmax>2929</xmax>
            <ymax>1739</ymax>
        </bndbox>
    </object>
    <object>
        <name>ma</name>
        <pose>Unspecified</pose>
        <truncated>0</truncated>
        <difficult>0</difficult>
        <bndbox>
            <xmin>2933</xmin>
            <ymin>2763</ymin>
            <xmax>2945</xmax>
            <ymax>2777</ymax>
        </bndbox>
    </object>
    <object>
        <name>ma</name>
        <pose>Unspecified</pose>
        <truncated>0</truncated>
        <difficult>0</difficult>
        <bndbox>
            <xmin>3081</xmin>
            <ymin>867</ymin>
            <xmax>3089</xmax>
            <ymax>877</ymax>
        </bndbox>
    </object>
    <object>
        <name>ma</name>
        <pose>Unspecified</pose>
        <truncated>0</truncated>
        <difficult>0</difficult>
        <bndbox>
            <xmin>3147</xmin>
            <ymin>1149</ymin>
            <xmax>3161</xmax>
            <ymax>1167</ymax>
        </bndbox>
    </object>
    <object>
        <name>ma</name>
        <pose>Unspecified</pose>
        <truncated>0</truncated>
        <difficult>0</difficult>
        <bndbox>
            <xmin>3189</xmin>
            <ymin>1471</ymin>
            <xmax>3203</xmax>
            <ymax>1487</ymax>
        </bndbox>
    </object>
    <object>
        <name>ma</name>
        <pose>Unspecified</pose>
        <truncated>0</truncated>
        <difficult>0</difficult>
        <bndbox>
            <xmin>3295</xmin>
            <ymin>1783</ymin>
            <xmax>3309</xmax>
            <ymax>1797</ymax>
        </bndbox>
    </object>
    <object>
        <name>he</name>
        <pose>Unspecified</pose>
        <truncated>0</truncated>
        <difficult>0</difficult>
        <bndbox>
            <xmin>1601</xmin>
            <ymin>2425</ymin>
            <xmax>1645</xmax>
            <ymax>2445</ymax>
        </bndbox>
    </object>
    <object>
        <name>he</name>
        <pose>Unspecified</pose>
        <truncated>0</truncated>
        <difficult>0</difficult>
        <bndbox>
            <xmin>1667</xmin>
            <ymin>1387</ymin>
            <xmax>1799</xmax>
            <ymax>1437</ymax>
        </bndbox>
    </object>
    <object>
        <name>he</name>
        <pose>Unspecified</pose>
        <truncated>0</truncated>
        <difficult>0</difficult>
        <bndbox>
            <xmin>1967</xmin>
            <ymin>1417</ymin>
            <xmax>1989</xmax>
            <ymax>1433</ymax>
        </bndbox>
    </object>
    <object>
        <name>he</name>
        <pose>Unspecified</pose>
        <truncated>0</truncated>
        <difficult>0</difficult>
        <bndbox>
            <xmin>2119</xmin>
            <ymin>1559</ymin>
            <xmax>2147</xmax>
            <ymax>1577</ymax>
        </bndbox>
    </object>
    <object>
        <name>he</name>
        <pose>Unspecified</pose>
        <truncated>0</truncated>
        <difficult>0</difficult>
        <bndbox>
            <xmin>2685</xmin>
            <ymin>735</ymin>
            <xmax>2727</xmax>
            <ymax>761</ymax>
        </bndbox>
    </object>
    <object>
        <name>he</name>
        <pose>Unspecified</pose>
        <truncated>0</truncated>
        <difficult>0</difficult>
        <bndbox>
            <xmin>2685</xmin>
            <ymin>1687</ymin>
            <xmax>2727</xmax>
            <ymax>1745</ymax>
        </bndbox>
    </object>
    <object>
        <name>ex</name>
        <pose>Unspecified</pose>
        <truncated>0</truncated>
        <difficult>0</difficult>
        <bndbox>
            <xmin>2035</xmin>
            <ymin>3181</ymin>
            <xmax>2051</xmax>
            <ymax>3203</ymax>
        </bndbox>
    </object>
    <object>
        <name>ex</name>
        <pose>Unspecified</pose>
        <truncated>0</truncated>
        <difficult>0</difficult>
        <bndbox>
            <xmin>2289</xmin>
            <ymin>2047</ymin>
            <xmax>2309</xmax>
            <ymax>2059</ymax>
        </bndbox>
    </object>
    <object>
        <name>ex</name>
        <pose>Unspecified</pose>
        <truncated>0</truncated>
        <difficult>0</difficult>
        <bndbox>
            <xmin>2305</xmin>
            <ymin>2009</ymin>
            <xmax>2331</xmax>
            <ymax>2025</ymax>
        </bndbox>
    </object>
    <object>
        <name>ex</name>
        <pose>Unspecified</pose>
        <truncated>0</truncated>
        <difficult>0</difficult>
        <bndbox>
            <xmin>2581</xmin>
            <ymin>771</ymin>
            <xmax>2601</xmax>
            <ymax>797</ymax>
        </bndbox>
    </object>
    <object>
        <name>ex</name>
        <pose>Unspecified</pose>
        <truncated>0</truncated>
        <difficult>0</difficult>
        <bndbox>
            <xmin>2617</xmin>
            <ymin>667</ymin>
            <xmax>2629</xmax>
            <ymax>681</ymax>
        </bndbox>
    </object>
    <object>
        <name>ex</name>
        <pose>Unspecified</pose>
        <truncated>0</truncated>
        <difficult>0</difficult>
        <bndbox>
            <xmin>2627</xmin>
            <ymin>691</ymin>
            <xmax>2655</xmax>
            <ymax>729</ymax>
        </bndbox>
    </object>
    <object>
        <name>ex</name>
        <pose>Unspecified</pose>
        <truncated>0</truncated>
        <difficult>0</difficult>
        <bndbox>
            <xmin>2627</xmin>
            <ymin>765</ymin>
            <xmax>2711</xmax>
            <ymax>841</ymax>
        </bndbox>
    </object>
    <object>
        <name>ex</name>
        <pose>Unspecified</pose>
        <truncated>0</truncated>
        <difficult>0</difficult>
        <bndbox>
            <xmin>2713</xmin>
            <ymin>831</ymin>
            <xmax>2743</xmax>
            <ymax>851</ymax>
        </bndbox>
    </object>
    <object>
        <name>ex</name>
        <pose>Unspecified</pose>
        <truncated>0</truncated>
        <difficult>0</difficult>
        <bndbox>
            <xmin>2717</xmin>
            <ymin>2995</ymin>
            <xmax>2739</xmax>
            <ymax>3015</ymax>
        </bndbox>
    </object>
    <object>
        <name>ex</name>
        <pose>Unspecified</pose>
        <truncated>0</truncated>
        <difficult>0</difficult>
        <bndbox>
            <xmin>2739</xmin>
            <ymin>787</ymin>
            <xmax>2745</xmax>
            <ymax>793</ymax>
        </bndbox>
    </object>
    <object>
        <name>ex</name>
        <pose>Unspecified</pose>
        <truncated>0</truncated>
        <difficult>0</difficult>
        <bndbox>
            <xmin>2765</xmin>
            <ymin>667</ymin>
            <xmax>2775</xmax>
            <ymax>687</ymax>
        </bndbox>
    </object>
    <object>
        <name>ex</name>
        <pose>Unspecified</pose>
        <truncated>0</truncated>
        <difficult>0</difficult>
        <bndbox>
            <xmin>2765</xmin>
            <ymin>793</ymin>
            <xmax>2781</xmax>
            <ymax>831</ymax>
        </bndbox>
    </object>
    <object>
        <name>ex</name>
        <pose>Unspecified</pose>
        <truncated>0</truncated>
        <difficult>0</difficult>
        <bndbox>
            <xmin>2785</xmin>
            <ymin>751</ymin>
            <xmax>2823</xmax>
            <ymax>781</ymax>
        </bndbox>
    </object>
    <object>
        <name>ex</name>
        <pose>Unspecified</pose>
        <truncated>0</truncated>
        <difficult>0</difficult>
        <bndbox>
            <xmin>2801</xmin>
            <ymin>725</ymin>
            <xmax>2839</xmax>
            <ymax>749</ymax>
        </bndbox>
    </object>
    <object>
        <name>ma</name>
        <pose>Unspecified</pose>
        <truncated>0</truncated>
        <difficult>0</difficult>
        <bndbox>
            <xmin>645</xmin>
            <ymin>2133</ymin>
            <xmax>665</xmax>
            <ymax>2153</ymax>
        </bndbox>
    </object>
    <object>
        <name>ma</name>
        <pose>Unspecified</pose>
        <truncated>0</truncated>
        <difficult>0</difficult>
        <bndbox>
            <xmin>1189</xmin>
            <ymin>3053</ymin>
            <xmax>1201</xmax>
            <ymax>3065</ymax>
        </bndbox>
    </object>
    <object>
        <name>ma</name>
        <pose>Unspecified</pose>
        <truncated>0</truncated>
        <difficult>0</difficult>
        <bndbox>
            <xmin>1481</xmin>
            <ymin>2837</ymin>
            <xmax>1511</xmax>
            <ymax>2859</ymax>
        </bndbox>
    </object>
    <object>
        <name>ma</name>
        <pose>Unspecified</pose>
        <truncated>0</truncated>
        <difficult>0</difficult>
        <bndbox>
            <xmin>1553</xmin>
            <ymin>577</ymin>
            <xmax>1569</xmax>
            <ymax>595</ymax>
        </bndbox>
    </object>
    <object>
        <name>ma</name>
        <pose>Unspecified</pose>
        <truncated>0</truncated>
        <difficult>0</difficult>
        <bndbox>
            <xmin>1635</xmin>
            <ymin>655</ymin>
            <xmax>1649</xmax>
            <ymax>669</ymax>
        </bndbox>
    </object>
    <object>
        <name>ma</name>
        <pose>Unspecified</pose>
        <truncated>0</truncated>
        <difficult>0</difficult>
        <bndbox>
            <xmin>1973</xmin>
            <ymin>2471</ymin>
            <xmax>1997</xmax>
            <ymax>2481</ymax>
        </bndbox>
    </object>
    <object>
        <name>ma</name>
        <pose>Unspecified</pose>
        <truncated>0</truncated>
        <difficult>0</difficult>
        <bndbox>
            <xmin>2099</xmin>
            <ymin>1027</ymin>
            <xmax>2125</xmax>
            <ymax>1047</ymax>
        </bndbox>
    </object>
    <object>
        <name>ma</name>
        <pose>Unspecified</pose>
        <truncated>0</truncated>
        <difficult>0</difficult>
        <bndbox>
            <xmin>2141</xmin>
            <ymin>1005</ymin>
            <xmax>2157</xmax>
            <ymax>1015</ymax>
        </bndbox>
    </object>
    <object>
        <name>ma</name>
        <pose>Unspecified</pose>
        <truncated>0</truncated>
        <difficult>0</difficult>
        <bndbox>
            <xmin>2459</xmin>
            <ymin>1963</ymin>
            <xmax>2469</xmax>
            <ymax>1973</ymax>
        </bndbox>
    </object>
    <object>
        <name>ma</name>
        <pose>Unspecified</pose>
        <truncated>0</truncated>
        <difficult>0</difficult>
        <bndbox>
            <xmin>2489</xmin>
            <ymin>553</ymin>
            <xmax>2507</xmax>
            <ymax>575</ymax>
        </bndbox>
    </object>
    <object>
        <name>ma</name>
        <pose>Unspecified</pose>
        <truncated>0</truncated>
        <difficult>0</difficult>
        <bndbox>
            <xmin>2669</xmin>
            <ymin>1873</ymin>
            <xmax>2681</xmax>
            <ymax>1887</ymax>
        </bndbox>
    </object>
    <object>
        <name>ma</name>
        <pose>Unspecified</pose>
        <truncated>0</truncated>
        <difficult>0</difficult>
        <bndbox>
            <xmin>2769</xmin>
            <ymin>1095</ymin>
            <xmax>2777</xmax>
            <ymax>1105</ymax>
        </bndbox>
    </object>
    <object>
        <name>ma</name>
        <pose>Unspecified</pose>
        <truncated>0</truncated>
        <difficult>0</difficult>
        <bndbox>
            <xmin>2913</xmin>
            <ymin>1719</ymin>
            <xmax>2929</xmax>
            <ymax>1739</ymax>
        </bndbox>
    </object>
    <object>
        <name>ma</name>
        <pose>Unspecified</pose>
        <truncated>0</truncated>
        <difficult>0</difficult>
        <bndbox>
            <xmin>2933</xmin>
            <ymin>2763</ymin>
            <xmax>2945</xmax>
            <ymax>2777</ymax>
        </bndbox>
    </object>
    <object>
        <name>ma</name>
        <pose>Unspecified</pose>
        <truncated>0</truncated>
        <difficult>0</difficult>
        <bndbox>
            <xmin>3081</xmin>
            <ymin>867</ymin>
            <xmax>3089</xmax>
            <ymax>877</ymax>
        </bndbox>
    </object>
    <object>
        <name>ma</name>
        <pose>Unspecified</pose>
        <truncated>0</truncated>
        <difficult>0</difficult>
        <bndbox>
            <xmin>3147</xmin>
            <ymin>1149</ymin>
            <xmax>3161</xmax>
            <ymax>1167</ymax>
        </bndbox>
    </object>
    <object>
        <name>ma</name>
        <pose>Unspecified</pose>
        <truncated>0</truncated>
        <difficult>0</difficult>
        <bndbox>
            <xmin>3189</xmin>
            <ymin>1471</ymin>
            <xmax>3203</xmax>
            <ymax>1487</ymax>
        </bndbox>
    </object>
    <object>
        <name>ma</name>
        <pose>Unspecified</pose>
        <truncated>0</truncated>
        <difficult>0</difficult>
        <bndbox>
            <xmin>3295</xmin>
            <ymin>1783</ymin>
            <xmax>3309</xmax>
            <ymax>1797</ymax>
        </bndbox>
    </object>
    <object>
        <name>he</name>
        <pose>Unspecified</pose>
        <truncated>0</truncated>
        <difficult>0</difficult>
        <bndbox>
            <xmin>1601</xmin>
            <ymin>2425</ymin>
            <xmax>1645</xmax>
            <ymax>2445</ymax>
        </bndbox>
    </object>
    <object>
        <name>he</name>
        <pose>Unspecified</pose>
        <truncated>0</truncated>
        <difficult>0</difficult>
        <bndbox>
            <xmin>1667</xmin>
            <ymin>1387</ymin>
            <xmax>1799</xmax>
            <ymax>1437</ymax>
        </bndbox>
    </object>
    <object>
        <name>he</name>
        <pose>Unspecified</pose>
        <truncated>0</truncated>
        <difficult>0</difficult>
        <bndbox>
            <xmin>1967</xmin>
            <ymin>1417</ymin>
            <xmax>1989</xmax>
            <ymax>1433</ymax>
        </bndbox>
    </object>
    <object>
        <name>he</name>
        <pose>Unspecified</pose>
        <truncated>0</truncated>
        <difficult>0</difficult>
        <bndbox>
            <xmin>2119</xmin>
            <ymin>1559</ymin>
            <xmax>2147</xmax>
            <ymax>1577</ymax>
        </bndbox>
    </object>
    <object>
        <name>he</name>
        <pose>Unspecified</pose>
        <truncated>0</truncated>
        <difficult>0</difficult>
        <bndbox>
            <xmin>2685</xmin>
            <ymin>735</ymin>
            <xmax>2727</xmax>
            <ymax>761</ymax>
        </bndbox>
    </object>
    <object>
        <name>he</name>
        <pose>Unspecified</pose>
        <truncated>0</truncated>
        <difficult>0</difficult>
        <bndbox>
            <xmin>2685</xmin>
            <ymin>1687</ymin>
            <xmax>2727</xmax>
            <ymax>1745</ymax>
        </bndbox>
    </object>
    <object>
        <name>ex</name>
        <pose>Unspecified</pose>
        <truncated>0</truncated>
        <difficult>0</difficult>
        <bndbox>
            <xmin>2035</xmin>
            <ymin>3181</ymin>
            <xmax>2051</xmax>
            <ymax>3203</ymax>
        </bndbox>
    </object>
    <object>
        <name>ex</name>
        <pose>Unspecified</pose>
        <truncated>0</truncated>
        <difficult>0</difficult>
        <bndbox>
            <xmin>2289</xmin>
            <ymin>2047</ymin>
            <xmax>2309</xmax>
            <ymax>2059</ymax>
        </bndbox>
    </object>
    <object>
        <name>ex</name>
        <pose>Unspecified</pose>
        <truncated>0</truncated>
        <difficult>0</difficult>
        <bndbox>
            <xmin>2305</xmin>
            <ymin>2009</ymin>
            <xmax>2331</xmax>
            <ymax>2025</ymax>
        </bndbox>
    </object>
    <object>
        <name>ex</name>
        <pose>Unspecified</pose>
        <truncated>0</truncated>
        <difficult>0</difficult>
        <bndbox>
            <xmin>2581</xmin>
            <ymin>771</ymin>
            <xmax>2601</xmax>
            <ymax>797</ymax>
        </bndbox>
    </object>
    <object>
        <name>ex</name>
        <pose>Unspecified</pose>
        <truncated>0</truncated>
        <difficult>0</difficult>
        <bndbox>
            <xmin>2617</xmin>
            <ymin>667</ymin>
            <xmax>2629</xmax>
            <ymax>681</ymax>
        </bndbox>
    </object>
    <object>
        <name>ex</name>
        <pose>Unspecified</pose>
        <truncated>0</truncated>
        <difficult>0</difficult>
        <bndbox>
            <xmin>2627</xmin>
            <ymin>691</ymin>
            <xmax>2655</xmax>
            <ymax>729</ymax>
        </bndbox>
    </object>
    <object>
        <name>ex</name>
        <pose>Unspecified</pose>
        <truncated>0</truncated>
        <difficult>0</difficult>
        <bndbox>
            <xmin>2627</xmin>
            <ymin>765</ymin>
            <xmax>2711</xmax>
            <ymax>841</ymax>
        </bndbox>
    </object>
    <object>
        <name>ex</name>
        <pose>Unspecified</pose>
        <truncated>0</truncated>
        <difficult>0</difficult>
        <bndbox>
            <xmin>2713</xmin>
            <ymin>831</ymin>
            <xmax>2743</xmax>
            <ymax>851</ymax>
        </bndbox>
    </object>
    <object>
        <name>ex</name>
        <pose>Unspecified</pose>
        <truncated>0</truncated>
        <difficult>0</difficult>
        <bndbox>
            <xmin>2717</xmin>
            <ymin>2995</ymin>
            <xmax>2739</xmax>
            <ymax>3015</ymax>
        </bndbox>
    </object>
    <object>
        <name>ex</name>
        <pose>Unspecified</pose>
        <truncated>0</truncated>
        <difficult>0</difficult>
        <bndbox>
            <xmin>2739</xmin>
            <ymin>787</ymin>
            <xmax>2745</xmax>
            <ymax>793</ymax>
        </bndbox>
    </object>
    <object>
        <name>ex</name>
        <pose>Unspecified</pose>
        <truncated>0</truncated>
        <difficult>0</difficult>
        <bndbox>
            <xmin>2765</xmin>
            <ymin>667</ymin>
            <xmax>2775</xmax>
            <ymax>687</ymax>
        </bndbox>
    </object>
    <object>
        <name>ex</name>
        <pose>Unspecified</pose>
        <truncated>0</truncated>
        <difficult>0</difficult>
        <bndbox>
            <xmin>2765</xmin>
            <ymin>793</ymin>
            <xmax>2781</xmax>
            <ymax>831</ymax>
        </bndbox>
    </object>
    <object>
        <name>ex</name>
        <pose>Unspecified</pose>
        <truncated>0</truncated>
        <difficult>0</difficult>
        <bndbox>
            <xmin>2785</xmin>
            <ymin>751</ymin>
            <xmax>2823</xmax>
            <ymax>781</ymax>
        </bndbox>
    </object>
    <object>
        <name>ex</name>
        <pose>Unspecified</pose>
        <truncated>0</truncated>
        <difficult>0</difficult>
        <bndbox>
            <xmin>2801</xmin>
            <ymin>725</ymin>
            <xmax>2839</xmax>
            <ymax>749</ymax>
        </bndbox>
    </object>
</annotation>