<annotation>
    <folder>OurDataset</folder>
    <filename>007-3461-200.jpg</filename>
    <size>
        <width>2048</width>
        <height>1536</height>
        <depth>3</depth>
    </size>
    <object>
        <name>ex</name>
        <pose>Unspecified</pose>
        <truncated>0</truncated>
        <difficult>0</difficult>
        <bndbox>
            <xmin>1055</xmin>
            <ymin>822</ymin>
            <xmax>1066</xmax>
            <ymax>826</ymax>
        </bndbox>
    </object>
    <object>
        <name>ex</name>
        <pose>Unspecified</pose>
        <truncated>0</truncated>
        <difficult>0</difficult>
        <bndbox>
            <xmin>1070</xmin>
            <ymin>822</ymin>
            <xmax>1075</xmax>
            <ymax>825</ymax>
        </bndbox>
    </object>
    <object>
        <name>ex</name>
        <pose>Unspecified</pose>
        <truncated>0</truncated>
        <difficult>0</difficult>
        <bndbox>
            <xmin>1079</xmin>
            <ymin>822</ymin>
            <xmax>1080</xmax>
            <ymax>825</ymax>
        </bndbox>
    </object>
    <object>
        <name>ex</name>
        <pose>Unspecified</pose>
        <truncated>0</truncated>
        <difficult>0</difficult>
        <bndbox>
            <xmin>1082</xmin>
            <ymin>820</ymin>
            <xmax>1086</xmax>
            <ymax>822</ymax>
        </bndbox>
    </object>
    <object>
        <name>ex</name>
        <pose>Unspecified</pose>
        <truncated>0</truncated>
        <difficult>0</difficult>
        <bndbox>
            <xmin>1095</xmin>
            <ymin>819</ymin>
            <xmax>1100</xmax>
            <ymax>823</ymax>
        </bndbox>
    </object>
    <object>
        <name>ex</name>
        <pose>Unspecified</pose>
        <truncated>0</truncated>
        <difficult>0</difficult>
        <bndbox>
            <xmin>1108</xmin>
            <ymin>818</ymin>
            <xmax>1115</xmax>
            <ymax>823</ymax>
        </bndbox>
    </object>
    <object>
        <name>ex</name>
        <pose>Unspecified</pose>
        <truncated>0</truncated>
        <difficult>0</difficult>
        <bndbox>
            <xmin>1194</xmin>
            <ymin>965</ymin>
            <xmax>1202</xmax>
            <ymax>972</ymax>
        </bndbox>
    </object>
    <object>
        <name>ex</name>
        <pose>Unspecified</pose>
        <truncated>0</truncated>
        <difficult>0</difficult>
        <bndbox>
            <xmin>1205</xmin>
            <ymin>1009</ymin>
            <xmax>1224</xmax>
            <ymax>1031</ymax>
        </bndbox>
    </object>
    <object>
        <name>ex</name>
        <pose>Unspecified</pose>
        <truncated>0</truncated>
        <difficult>0</difficult>
        <bndbox>
            <xmin>1370</xmin>
            <ymin>659</ymin>
            <xmax>1377</xmax>
            <ymax>669</ymax>
        </bndbox>
    </object>
    <object>
        <name>ex</name>
        <pose>Unspecified</pose>
        <truncated>0</truncated>
        <difficult>0</difficult>
        <bndbox>
            <xmin>1383</xmin>
            <ymin>798</ymin>
            <xmax>1394</xmax>
            <ymax>808</ymax>
        </bndbox>
    </object>
    <object>
        <name>ex</name>
        <pose>Unspecified</pose>
        <truncated>0</truncated>
        <difficult>0</difficult>
        <bndbox>
            <xmin>1387</xmin>
            <ymin>640</ymin>
            <xmax>1394</xmax>
            <ymax>649</ymax>
        </bndbox>
    </object>
    <object>
        <name>ex</name>
        <pose>Unspecified</pose>
        <truncated>0</truncated>
        <difficult>0</difficult>
        <bndbox>
            <xmin>1387</xmin>
            <ymin>687</ymin>
            <xmax>1393</xmax>
            <ymax>692</ymax>
        </bndbox>
    </object>
    <object>
        <name>ex</name>
        <pose>Unspecified</pose>
        <truncated>0</truncated>
        <difficult>0</difficult>
        <bndbox>
            <xmin>1400</xmin>
            <ymin>686</ymin>
            <xmax>1403</xmax>
            <ymax>687</ymax>
        </bndbox>
    </object>
    <object>
        <name>ex</name>
        <pose>Unspecified</pose>
        <truncated>0</truncated>
        <difficult>0</difficult>
        <bndbox>
            <xmin>1407</xmin>
            <ymin>796</ymin>
            <xmax>1411</xmax>
            <ymax>802</ymax>
        </bndbox>
    </object>
    <object>
        <name>ex</name>
        <pose>Unspecified</pose>
        <truncated>0</truncated>
        <difficult>0</difficult>
        <bndbox>
            <xmin>1408</xmin>
            <ymin>576</ymin>
            <xmax>1416</xmax>
            <ymax>583</ymax>
        </bndbox>
    </object>
    <object>
        <name>ex</name>
        <pose>Unspecified</pose>
        <truncated>0</truncated>
        <difficult>0</difficult>
        <bndbox>
            <xmin>1420</xmin>
            <ymin>574</ymin>
            <xmax>1424</xmax>
            <ymax>580</ymax>
        </bndbox>
    </object>
    <object>
        <name>ex</name>
        <pose>Unspecified</pose>
        <truncated>0</truncated>
        <difficult>0</difficult>
        <bndbox>
            <xmin>1434</xmin>
            <ymin>872</ymin>
            <xmax>1454</xmax>
            <ymax>885</ymax>
        </bndbox>
    </object>
    <object>
        <name>ex</name>
        <pose>Unspecified</pose>
        <truncated>0</truncated>
        <difficult>0</difficult>
        <bndbox>
            <xmin>1439</xmin>
            <ymin>673</ymin>
            <xmax>1444</xmax>
            <ymax>682</ymax>
        </bndbox>
    </object>
    <object>
        <name>ex</name>
        <pose>Unspecified</pose>
        <truncated>0</truncated>
        <difficult>0</difficult>
        <bndbox>
            <xmin>1456</xmin>
            <ymin>1002</ymin>
            <xmax>1463</xmax>
            <ymax>1008</ymax>
        </bndbox>
    </object>
    <object>
        <name>ex</name>
        <pose>Unspecified</pose>
        <truncated>0</truncated>
        <difficult>0</difficult>
        <bndbox>
            <xmin>1457</xmin>
            <ymin>580</ymin>
            <xmax>1467</xmax>
            <ymax>591</ymax>
        </bndbox>
    </object>
    <object>
        <name>ex</name>
        <pose>Unspecified</pose>
        <truncated>0</truncated>
        <difficult>0</difficult>
        <bndbox>
            <xmin>1470</xmin>
            <ymin>659</ymin>
            <xmax>1473</xmax>
            <ymax>662</ymax>
        </bndbox>
    </object>
    <object>
        <name>ex</name>
        <pose>Unspecified</pose>
        <truncated>0</truncated>
        <difficult>0</difficult>
        <bndbox>
            <xmin>1474</xmin>
            <ymin>561</ymin>
            <xmax>1480</xmax>
            <ymax>573</ymax>
        </bndbox>
    </object>
    <object>
        <name>ex</name>
        <pose>Unspecified</pose>
        <truncated>0</truncated>
        <difficult>0</difficult>
        <bndbox>
            <xmin>1477</xmin>
            <ymin>895</ymin>
            <xmax>1492</xmax>
            <ymax>906</ymax>
        </bndbox>
    </object>
    <object>
        <name>ex</name>
        <pose>Unspecified</pose>
        <truncated>0</truncated>
        <difficult>0</difficult>
        <bndbox>
            <xmin>1506</xmin>
            <ymin>666</ymin>
            <xmax>1513</xmax>
            <ymax>674</ymax>
        </bndbox>
    </object>
    <object>
        <name>ex</name>
        <pose>Unspecified</pose>
        <truncated>0</truncated>
        <difficult>0</difficult>
        <bndbox>
            <xmin>1512</xmin>
            <ymin>651</ymin>
            <xmax>1519</xmax>
            <ymax>659</ymax>
        </bndbox>
    </object>
    <object>
        <name>ex</name>
        <pose>Unspecified</pose>
        <truncated>0</truncated>
        <difficult>0</difficult>
        <bndbox>
            <xmin>1573</xmin>
            <ymin>637</ymin>
            <xmax>1592</xmax>
            <ymax>659</ymax>
        </bndbox>
    </object>
    <object>
        <name>ex</name>
        <pose>Unspecified</pose>
        <truncated>0</truncated>
        <difficult>0</difficult>
        <bndbox>
            <xmin>1646</xmin>
            <ymin>588</ymin>
            <xmax>1651</xmax>
            <ymax>593</ymax>
        </bndbox>
    </object>
    <object>
        <name>ma</name>
        <pose>Unspecified</pose>
        <truncated>0</truncated>
        <difficult>0</difficult>
        <bndbox>
            <xmin>408</xmin>
            <ymin>1124</ymin>
            <xmax>418</xmax>
            <ymax>1136</ymax>
        </bndbox>
    </object>
    <object>
        <name>ma</name>
        <pose>Unspecified</pose>
        <truncated>0</truncated>
        <difficult>0</difficult>
        <bndbox>
            <xmin>1132</xmin>
            <ymin>493</ymin>
            <xmax>1145</xmax>
            <ymax>503</ymax>
        </bndbox>
    </object>
    <object>
        <name>ma</name>
        <pose>Unspecified</pose>
        <truncated>0</truncated>
        <difficult>0</difficult>
        <bndbox>
            <xmin>1178</xmin>
            <ymin>978</ymin>
            <xmax>1186</xmax>
            <ymax>987</ymax>
        </bndbox>
    </object>
    <object>
        <name>ma</name>
        <pose>Unspecified</pose>
        <truncated>0</truncated>
        <difficult>0</difficult>
        <bndbox>
            <xmin>1262</xmin>
            <ymin>534</ymin>
            <xmax>1271</xmax>
            <ymax>541</ymax>
        </bndbox>
    </object>
    <object>
        <name>ma</name>
        <pose>Unspecified</pose>
        <truncated>0</truncated>
        <difficult>0</difficult>
        <bndbox>
            <xmin>1290</xmin>
            <ymin>765</ymin>
            <xmax>1302</xmax>
            <ymax>775</ymax>
        </bndbox>
    </object>
    <object>
        <name>ma</name>
        <pose>Unspecified</pose>
        <truncated>0</truncated>
        <difficult>0</difficult>
        <bndbox>
            <xmin>1345</xmin>
            <ymin>570</ymin>
            <xmax>1351</xmax>
            <ymax>576</ymax>
        </bndbox>
    </object>
    <object>
        <name>ma</name>
        <pose>Unspecified</pose>
        <truncated>0</truncated>
        <difficult>0</difficult>
        <bndbox>
            <xmin>1497</xmin>
            <ymin>836</ymin>
            <xmax>1510</xmax>
            <ymax>845</ymax>
        </bndbox>
    </object>
    <object>
        <name>ma</name>
        <pose>Unspecified</pose>
        <truncated>0</truncated>
        <difficult>0</difficult>
        <bndbox>
            <xmin>1550</xmin>
            <ymin>700</ymin>
            <xmax>1560</xmax>
            <ymax>712</ymax>
        </bndbox>
    </object>
    <object>
        <name>ma</name>
        <pose>Unspecified</pose>
        <truncated>0</truncated>
        <difficult>0</difficult>
        <bndbox>
            <xmin>1552</xmin>
            <ymin>859</ymin>
            <xmax>1557</xmax>
            <ymax>868</ymax>
        </bndbox>
    </object>
    <object>
        <name>ma</name>
        <pose>Unspecified</pose>
        <truncated>0</truncated>
        <difficult>0</difficult>
        <bndbox>
            <xmin>1598</xmin>
            <ymin>779</ymin>
            <xmax>1606</xmax>
            <ymax>789</ymax>
        </bndbox>
    </object>
    <object>
        <name>ma</name>
        <pose>Unspecified</pose>
        <truncated>0</truncated>
        <difficult>0</difficult>
        <bndbox>
            <xmin>1622</xmin>
            <ymin>803</ymin>
            <xmax>1630</xmax>
            <ymax>813</ymax>
        </bndbox>
    </object>
    <object>
        <name>ma</name>
        <pose>Unspecified</pose>
        <truncated>0</truncated>
        <difficult>0</difficult>
        <bndbox>
            <xmin>1642</xmin>
            <ymin>563</ymin>
            <xmax>1646</xmax>
            <ymax>567</ymax>
        </bndbox>
    </object>
    <object>
        <name>ma</name>
        <pose>Unspecified</pose>
        <truncated>0</truncated>
        <difficult>0</difficult>
        <bndbox>
            <xmin>1688</xmin>
            <ymin>793</ymin>
            <xmax>1695</xmax>
            <ymax>799</ymax>
        </bndbox>
    </object>
    <object>
        <name>ma</name>
        <pose>Unspecified</pose>
        <truncated>0</truncated>
        <difficult>0</difficult>
        <bndbox>
            <xmin>1696</xmin>
            <ymin>765</ymin>
            <xmax>1704</xmax>
            <ymax>772</ymax>
        </bndbox>
    </object>
    <object>
        <name>ma</name>
        <pose>Unspecified</pose>
        <truncated>0</truncated>
        <difficult>0</difficult>
        <bndbox>
            <xmin>1702</xmin>
            <ymin>815</ymin>
            <xmax>1708</xmax>
            <ymax>823</ymax>
        </bndbox>
    </object>
    <object>
        <name>he</name>
        <pose>Unspecified</pose>
        <truncated>0</truncated>
        <difficult>0</difficult>
        <bndbox>
            <xmin>1487</xmin>
            <ymin>872</ymin>
            <xmax>1510</xmax>
            <ymax>895</ymax>
        </bndbox>
    </object>
    <object>
        <name>ex</name>
        <pose>Unspecified</pose>
        <truncated>0</truncated>
        <difficult>0</difficult>
        <bndbox>
            <xmin>1055</xmin>
            <ymin>822</ymin>
            <xmax>1066</xmax>
            <ymax>826</ymax>
        </bndbox>
    </object>
    <object>
        <name>ex</name>
        <pose>Unspecified</pose>
        <truncated>0</truncated>
        <difficult>0</difficult>
        <bndbox>
            <xmin>1070</xmin>
            <ymin>822</ymin>
            <xmax>1075</xmax>
            <ymax>825</ymax>
        </bndbox>
    </object>
    <object>
        <name>ex</name>
        <pose>Unspecified</pose>
        <truncated>0</truncated>
        <difficult>0</difficult>
        <bndbox>
            <xmin>1079</xmin>
            <ymin>822</ymin>
            <xmax>1080</xmax>
            <ymax>825</ymax>
        </bndbox>
    </object>
    <object>
        <name>ex</name>
        <pose>Unspecified</pose>
        <truncated>0</truncated>
        <difficult>0</difficult>
        <bndbox>
            <xmin>1082</xmin>
            <ymin>820</ymin>
            <xmax>1086</xmax>
            <ymax>822</ymax>
        </bndbox>
    </object>
    <object>
        <name>ex</name>
        <pose>Unspecified</pose>
        <truncated>0</truncated>
        <difficult>0</difficult>
        <bndbox>
            <xmin>1095</xmin>
            <ymin>819</ymin>
            <xmax>1100</xmax>
            <ymax>823</ymax>
        </bndbox>
    </object>
    <object>
        <name>ex</name>
        <pose>Unspecified</pose>
        <truncated>0</truncated>
        <difficult>0</difficult>
        <bndbox>
            <xmin>1108</xmin>
            <ymin>818</ymin>
            <xmax>1115</xmax>
            <ymax>823</ymax>
        </bndbox>
    </object>
    <object>
        <name>ex</name>
        <pose>Unspecified</pose>
        <truncated>0</truncated>
        <difficult>0</difficult>
        <bndbox>
            <xmin>1194</xmin>
            <ymin>965</ymin>
            <xmax>1202</xmax>
            <ymax>972</ymax>
        </bndbox>
    </object>
    <object>
        <name>ex</name>
        <pose>Unspecified</pose>
        <truncated>0</truncated>
        <difficult>0</difficult>
        <bndbox>
            <xmin>1205</xmin>
            <ymin>1009</ymin>
            <xmax>1224</xmax>
            <ymax>1031</ymax>
        </bndbox>
    </object>
    <object>
        <name>ex</name>
        <pose>Unspecified</pose>
        <truncated>0</truncated>
        <difficult>0</difficult>
        <bndbox>
            <xmin>1370</xmin>
            <ymin>659</ymin>
            <xmax>1377</xmax>
            <ymax>669</ymax>
        </bndbox>
    </object>
    <object>
        <name>ex</name>
        <pose>Unspecified</pose>
        <truncated>0</truncated>
        <difficult>0</difficult>
        <bndbox>
            <xmin>1383</xmin>
            <ymin>798</ymin>
            <xmax>1394</xmax>
            <ymax>808</ymax>
        </bndbox>
    </object>
    <object>
        <name>ex</name>
        <pose>Unspecified</pose>
        <truncated>0</truncated>
        <difficult>0</difficult>
        <bndbox>
            <xmin>1387</xmin>
            <ymin>640</ymin>
            <xmax>1394</xmax>
            <ymax>649</ymax>
        </bndbox>
    </object>
    <object>
        <name>ex</name>
        <pose>Unspecified</pose>
        <truncated>0</truncated>
        <difficult>0</difficult>
        <bndbox>
            <xmin>1387</xmin>
            <ymin>687</ymin>
            <xmax>1393</xmax>
            <ymax>692</ymax>
        </bndbox>
    </object>
    <object>
        <name>ex</name>
        <pose>Unspecified</pose>
        <truncated>0</truncated>
        <difficult>0</difficult>
        <bndbox>
            <xmin>1400</xmin>
            <ymin>686</ymin>
            <xmax>1403</xmax>
            <ymax>687</ymax>
        </bndbox>
    </object>
    <object>
        <name>ex</name>
        <pose>Unspecified</pose>
        <truncated>0</truncated>
        <difficult>0</difficult>
        <bndbox>
            <xmin>1407</xmin>
            <ymin>796</ymin>
            <xmax>1411</xmax>
            <ymax>802</ymax>
        </bndbox>
    </object>
    <object>
        <name>ex</name>
        <pose>Unspecified</pose>
        <truncated>0</truncated>
        <difficult>0</difficult>
        <bndbox>
            <xmin>1408</xmin>
            <ymin>576</ymin>
            <xmax>1416</xmax>
            <ymax>583</ymax>
        </bndbox>
    </object>
    <object>
        <name>ex</name>
        <pose>Unspecified</pose>
        <truncated>0</truncated>
        <difficult>0</difficult>
        <bndbox>
            <xmin>1420</xmin>
            <ymin>574</ymin>
            <xmax>1424</xmax>
            <ymax>580</ymax>
        </bndbox>
    </object>
    <object>
        <name>ex</name>
        <pose>Unspecified</pose>
        <truncated>0</truncated>
        <difficult>0</difficult>
        <bndbox>
            <xmin>1434</xmin>
            <ymin>872</ymin>
            <xmax>1454</xmax>
            <ymax>885</ymax>
        </bndbox>
    </object>
    <object>
        <name>ex</name>
        <pose>Unspecified</pose>
        <truncated>0</truncated>
        <difficult>0</difficult>
        <bndbox>
            <xmin>1439</xmin>
            <ymin>673</ymin>
            <xmax>1444</xmax>
            <ymax>682</ymax>
        </bndbox>
    </object>
    <object>
        <name>ex</name>
        <pose>Unspecified</pose>
        <truncated>0</truncated>
        <difficult>0</difficult>
        <bndbox>
            <xmin>1456</xmin>
            <ymin>1002</ymin>
            <xmax>1463</xmax>
            <ymax>1008</ymax>
        </bndbox>
    </object>
    <object>
        <name>ex</name>
        <pose>Unspecified</pose>
        <truncated>0</truncated>
        <difficult>0</difficult>
        <bndbox>
            <xmin>1457</xmin>
            <ymin>580</ymin>
            <xmax>1467</xmax>
            <ymax>591</ymax>
        </bndbox>
    </object>
    <object>
        <name>ex</name>
        <pose>Unspecified</pose>
        <truncated>0</truncated>
        <difficult>0</difficult>
        <bndbox>
            <xmin>1470</xmin>
            <ymin>659</ymin>
            <xmax>1473</xmax>
            <ymax>662</ymax>
        </bndbox>
    </object>
    <object>
        <name>ex</name>
        <pose>Unspecified</pose>
        <truncated>0</truncated>
        <difficult>0</difficult>
        <bndbox>
            <xmin>1474</xmin>
            <ymin>561</ymin>
            <xmax>1480</xmax>
            <ymax>573</ymax>
        </bndbox>
    </object>
    <object>
        <name>ex</name>
        <pose>Unspecified</pose>
        <truncated>0</truncated>
        <difficult>0</difficult>
        <bndbox>
            <xmin>1477</xmin>
            <ymin>895</ymin>
            <xmax>1492</xmax>
            <ymax>906</ymax>
        </bndbox>
    </object>
    <object>
        <name>ex</name>
        <pose>Unspecified</pose>
        <truncated>0</truncated>
        <difficult>0</difficult>
        <bndbox>
            <xmin>1506</xmin>
            <ymin>666</ymin>
            <xmax>1513</xmax>
            <ymax>674</ymax>
        </bndbox>
    </object>
    <object>
        <name>ex</name>
        <pose>Unspecified</pose>
        <truncated>0</truncated>
        <difficult>0</difficult>
        <bndbox>
            <xmin>1512</xmin>
            <ymin>651</ymin>
            <xmax>1519</xmax>
            <ymax>659</ymax>
        </bndbox>
    </object>
    <object>
        <name>ex</name>
        <pose>Unspecified</pose>
        <truncated>0</truncated>
        <difficult>0</difficult>
        <bndbox>
            <xmin>1573</xmin>
            <ymin>637</ymin>
            <xmax>1592</xmax>
            <ymax>659</ymax>
        </bndbox>
    </object>
    <object>
        <name>ex</name>
        <pose>Unspecified</pose>
        <truncated>0</truncated>
        <difficult>0</difficult>
        <bndbox>
            <xmin>1646</xmin>
            <ymin>588</ymin>
            <xmax>1651</xmax>
            <ymax>593</ymax>
        </bndbox>
    </object>
    <object>
        <name>ma</name>
        <pose>Unspecified</pose>
        <truncated>0</truncated>
        <difficult>0</difficult>
        <bndbox>
            <xmin>408</xmin>
            <ymin>1124</ymin>
            <xmax>418</xmax>
            <ymax>1136</ymax>
        </bndbox>
    </object>
    <object>
        <name>ma</name>
        <pose>Unspecified</pose>
        <truncated>0</truncated>
        <difficult>0</difficult>
        <bndbox>
            <xmin>1132</xmin>
            <ymin>493</ymin>
            <xmax>1145</xmax>
            <ymax>503</ymax>
        </bndbox>
    </object>
    <object>
        <name>ma</name>
        <pose>Unspecified</pose>
        <truncated>0</truncated>
        <difficult>0</difficult>
        <bndbox>
            <xmin>1178</xmin>
            <ymin>978</ymin>
            <xmax>1186</xmax>
            <ymax>987</ymax>
        </bndbox>
    </object>
    <object>
        <name>ma</name>
        <pose>Unspecified</pose>
        <truncated>0</truncated>
        <difficult>0</difficult>
        <bndbox>
            <xmin>1262</xmin>
            <ymin>534</ymin>
            <xmax>1271</xmax>
            <ymax>541</ymax>
        </bndbox>
    </object>
    <object>
        <name>ma</name>
        <pose>Unspecified</pose>
        <truncated>0</truncated>
        <difficult>0</difficult>
        <bndbox>
            <xmin>1290</xmin>
            <ymin>765</ymin>
            <xmax>1302</xmax>
            <ymax>775</ymax>
        </bndbox>
    </object>
    <object>
        <name>ma</name>
        <pose>Unspecified</pose>
        <truncated>0</truncated>
        <difficult>0</difficult>
        <bndbox>
            <xmin>1345</xmin>
            <ymin>570</ymin>
            <xmax>1351</xmax>
            <ymax>576</ymax>
        </bndbox>
    </object>
    <object>
        <name>ma</name>
        <pose>Unspecified</pose>
        <truncated>0</truncated>
        <difficult>0</difficult>
        <bndbox>
            <xmin>1497</xmin>
            <ymin>836</ymin>
            <xmax>1510</xmax>
            <ymax>845</ymax>
        </bndbox>
    </object>
    <object>
        <name>ma</name>
        <pose>Unspecified</pose>
        <truncated>0</truncated>
        <difficult>0</difficult>
        <bndbox>
            <xmin>1550</xmin>
            <ymin>700</ymin>
            <xmax>1560</xmax>
            <ymax>712</ymax>
        </bndbox>
    </object>
    <object>
        <name>ma</name>
        <pose>Unspecified</pose>
        <truncated>0</truncated>
        <difficult>0</difficult>
        <bndbox>
            <xmin>1552</xmin>
            <ymin>859</ymin>
            <xmax>1557</xmax>
            <ymax>868</ymax>
        </bndbox>
    </object>
    <object>
        <name>ma</name>
        <pose>Unspecified</pose>
        <truncated>0</truncated>
        <difficult>0</difficult>
        <bndbox>
            <xmin>1598</xmin>
            <ymin>779</ymin>
            <xmax>1606</xmax>
            <ymax>789</ymax>
        </bndbox>
    </object>
    <object>
        <name>ma</name>
        <pose>Unspecified</pose>
        <truncated>0</truncated>
        <difficult>0</difficult>
        <bndbox>
            <xmin>1622</xmin>
            <ymin>803</ymin>
            <xmax>1630</xmax>
            <ymax>813</ymax>
        </bndbox>
    </object>
    <object>
        <name>ma</name>
        <pose>Unspecified</pose>
        <truncated>0</truncated>
        <difficult>0</difficult>
        <bndbox>
            <xmin>1642</xmin>
            <ymin>563</ymin>
            <xmax>1646</xmax>
            <ymax>567</ymax>
        </bndbox>
    </object>
    <object>
        <name>ma</name>
        <pose>Unspecified</pose>
        <truncated>0</truncated>
        <difficult>0</difficult>
        <bndbox>
            <xmin>1688</xmin>
            <ymin>793</ymin>
            <xmax>1695</xmax>
            <ymax>799</ymax>
        </bndbox>
    </object>
    <object>
        <name>ma</name>
        <pose>Unspecified</pose>
        <truncated>0</truncated>
        <difficult>0</difficult>
        <bndbox>
            <xmin>1696</xmin>
            <ymin>765</ymin>
            <xmax>1704</xmax>
            <ymax>772</ymax>
        </bndbox>
    </object>
    <object>
        <name>ma</name>
        <pose>Unspecified</pose>
        <truncated>0</truncated>
        <difficult>0</difficult>
        <bndbox>
            <xmin>1702</xmin>
            <ymin>815</ymin>
            <xmax>1708</xmax>
            <ymax>823</ymax>
        </bndbox>
    </object>
    <object>
        <name>he</name>
        <pose>Unspecified</pose>
        <truncated>0</truncated>
        <difficult>0</difficult>
        <bndbox>
            <xmin>1487</xmin>
            <ymin>872</ymin>
            <xmax>1510</xmax>
            <ymax>895</ymax>
        </bndbox>
    </object>
    <object>
        <name>ex</name>
        <pose>Unspecified</pose>
        <truncated>0</truncated>
        <difficult>0</difficult>
        <bndbox>
            <xmin>1055</xmin>
            <ymin>822</ymin>
            <xmax>1066</xmax>
            <ymax>826</ymax>
        </bndbox>
    </object>
    <object>
        <name>ex</name>
        <pose>Unspecified</pose>
        <truncated>0</truncated>
        <difficult>0</difficult>
        <bndbox>
            <xmin>1070</xmin>
            <ymin>822</ymin>
            <xmax>1075</xmax>
            <ymax>825</ymax>
        </bndbox>
    </object>
    <object>
        <name>ex</name>
        <pose>Unspecified</pose>
        <truncated>0</truncated>
        <difficult>0</difficult>
        <bndbox>
            <xmin>1079</xmin>
            <ymin>822</ymin>
            <xmax>1080</xmax>
            <ymax>825</ymax>
        </bndbox>
    </object>
    <object>
        <name>ex</name>
        <pose>Unspecified</pose>
        <truncated>0</truncated>
        <difficult>0</difficult>
        <bndbox>
            <xmin>1082</xmin>
            <ymin>820</ymin>
            <xmax>1086</xmax>
            <ymax>822</ymax>
        </bndbox>
    </object>
    <object>
        <name>ex</name>
        <pose>Unspecified</pose>
        <truncated>0</truncated>
        <difficult>0</difficult>
        <bndbox>
            <xmin>1095</xmin>
            <ymin>819</ymin>
            <xmax>1100</xmax>
            <ymax>823</ymax>
        </bndbox>
    </object>
    <object>
        <name>ex</name>
        <pose>Unspecified</pose>
        <truncated>0</truncated>
        <difficult>0</difficult>
        <bndbox>
            <xmin>1108</xmin>
            <ymin>818</ymin>
            <xmax>1115</xmax>
            <ymax>823</ymax>
        </bndbox>
    </object>
    <object>
        <name>ex</name>
        <pose>Unspecified</pose>
        <truncated>0</truncated>
        <difficult>0</difficult>
        <bndbox>
            <xmin>1194</xmin>
            <ymin>965</ymin>
            <xmax>1202</xmax>
            <ymax>972</ymax>
        </bndbox>
    </object>
    <object>
        <name>ex</name>
        <pose>Unspecified</pose>
        <truncated>0</truncated>
        <difficult>0</difficult>
        <bndbox>
            <xmin>1205</xmin>
            <ymin>1009</ymin>
            <xmax>1224</xmax>
            <ymax>1031</ymax>
        </bndbox>
    </object>
    <object>
        <name>ex</name>
        <pose>Unspecified</pose>
        <truncated>0</truncated>
        <difficult>0</difficult>
        <bndbox>
            <xmin>1370</xmin>
            <ymin>659</ymin>
            <xmax>1377</xmax>
            <ymax>669</ymax>
        </bndbox>
    </object>
    <object>
        <name>ex</name>
        <pose>Unspecified</pose>
        <truncated>0</truncated>
        <difficult>0</difficult>
        <bndbox>
            <xmin>1383</xmin>
            <ymin>798</ymin>
            <xmax>1394</xmax>
            <ymax>808</ymax>
        </bndbox>
    </object>
    <object>
        <name>ex</name>
        <pose>Unspecified</pose>
        <truncated>0</truncated>
        <difficult>0</difficult>
        <bndbox>
            <xmin>1387</xmin>
            <ymin>640</ymin>
            <xmax>1394</xmax>
            <ymax>649</ymax>
        </bndbox>
    </object>
    <object>
        <name>ex</name>
        <pose>Unspecified</pose>
        <truncated>0</truncated>
        <difficult>0</difficult>
        <bndbox>
            <xmin>1387</xmin>
            <ymin>687</ymin>
            <xmax>1393</xmax>
            <ymax>692</ymax>
        </bndbox>
    </object>
    <object>
        <name>ex</name>
        <pose>Unspecified</pose>
        <truncated>0</truncated>
        <difficult>0</difficult>
        <bndbox>
            <xmin>1400</xmin>
            <ymin>686</ymin>
            <xmax>1403</xmax>
            <ymax>687</ymax>
        </bndbox>
    </object>
    <object>
        <name>ex</name>
        <pose>Unspecified</pose>
        <truncated>0</truncated>
        <difficult>0</difficult>
        <bndbox>
            <xmin>1407</xmin>
            <ymin>796</ymin>
            <xmax>1411</xmax>
            <ymax>802</ymax>
        </bndbox>
    </object>
    <object>
        <name>ex</name>
        <pose>Unspecified</pose>
        <truncated>0</truncated>
        <difficult>0</difficult>
        <bndbox>
            <xmin>1408</xmin>
            <ymin>576</ymin>
            <xmax>1416</xmax>
            <ymax>583</ymax>
        </bndbox>
    </object>
    <object>
        <name>ex</name>
        <pose>Unspecified</pose>
        <truncated>0</truncated>
        <difficult>0</difficult>
        <bndbox>
            <xmin>1420</xmin>
            <ymin>574</ymin>
            <xmax>1424</xmax>
            <ymax>580</ymax>
        </bndbox>
    </object>
    <object>
        <name>ex</name>
        <pose>Unspecified</pose>
        <truncated>0</truncated>
        <difficult>0</difficult>
        <bndbox>
            <xmin>1434</xmin>
            <ymin>872</ymin>
            <xmax>1454</xmax>
            <ymax>885</ymax>
        </bndbox>
    </object>
    <object>
        <name>ex</name>
        <pose>Unspecified</pose>
        <truncated>0</truncated>
        <difficult>0</difficult>
        <bndbox>
            <xmin>1439</xmin>
            <ymin>673</ymin>
            <xmax>1444</xmax>
            <ymax>682</ymax>
        </bndbox>
    </object>
    <object>
        <name>ex</name>
        <pose>Unspecified</pose>
        <truncated>0</truncated>
        <difficult>0</difficult>
        <bndbox>
            <xmin>1456</xmin>
            <ymin>1002</ymin>
            <xmax>1463</xmax>
            <ymax>1008</ymax>
        </bndbox>
    </object>
    <object>
        <name>ex</name>
        <pose>Unspecified</pose>
        <truncated>0</truncated>
        <difficult>0</difficult>
        <bndbox>
            <xmin>1457</xmin>
            <ymin>580</ymin>
            <xmax>1467</xmax>
            <ymax>591</ymax>
        </bndbox>
    </object>
    <object>
        <name>ex</name>
        <pose>Unspecified</pose>
        <truncated>0</truncated>
        <difficult>0</difficult>
        <bndbox>
            <xmin>1470</xmin>
            <ymin>659</ymin>
            <xmax>1473</xmax>
            <ymax>662</ymax>
        </bndbox>
    </object>
    <object>
        <name>ex</name>
        <pose>Unspecified</pose>
        <truncated>0</truncated>
        <difficult>0</difficult>
        <bndbox>
            <xmin>1474</xmin>
            <ymin>561</ymin>
            <xmax>1480</xmax>
            <ymax>573</ymax>
        </bndbox>
    </object>
    <object>
        <name>ex</name>
        <pose>Unspecified</pose>
        <truncated>0</truncated>
        <difficult>0</difficult>
        <bndbox>
            <xmin>1477</xmin>
            <ymin>895</ymin>
            <xmax>1492</xmax>
            <ymax>906</ymax>
        </bndbox>
    </object>
    <object>
        <name>ex</name>
        <pose>Unspecified</pose>
        <truncated>0</truncated>
        <difficult>0</difficult>
        <bndbox>
            <xmin>1506</xmin>
            <ymin>666</ymin>
            <xmax>1513</xmax>
            <ymax>674</ymax>
        </bndbox>
    </object>
    <object>
        <name>ex</name>
        <pose>Unspecified</pose>
        <truncated>0</truncated>
        <difficult>0</difficult>
        <bndbox>
            <xmin>1512</xmin>
            <ymin>651</ymin>
            <xmax>1519</xmax>
            <ymax>659</ymax>
        </bndbox>
    </object>
    <object>
        <name>ex</name>
        <pose>Unspecified</pose>
        <truncated>0</truncated>
        <difficult>0</difficult>
        <bndbox>
            <xmin>1573</xmin>
            <ymin>637</ymin>
            <xmax>1592</xmax>
            <ymax>659</ymax>
        </bndbox>
    </object>
    <object>
        <name>ex</name>
        <pose>Unspecified</pose>
        <truncated>0</truncated>
        <difficult>0</difficult>
        <bndbox>
            <xmin>1646</xmin>
            <ymin>588</ymin>
            <xmax>1651</xmax>
            <ymax>593</ymax>
        </bndbox>
    </object>
</annotation>