<annotation>
    <folder>OurDataset</folder>
    <filename>007-5100-300.jpg</filename>
    <size>
        <width>2304</width>
        <height>1728</height>
        <depth>3</depth>
    </size>
    <object>
        <name>se</name>
        <pose>Unspecified</pose>
        <truncated>0</truncated>
        <difficult>0</difficult>
        <bndbox>
            <xmin>1473</xmin>
            <ymin>932</ymin>
            <xmax>1542</xmax>
            <ymax>1043</ymax>
        </bndbox>
    </object>
    <object>
        <name>ma</name>
        <pose>Unspecified</pose>
        <truncated>0</truncated>
        <difficult>0</difficult>
        <bndbox>
            <xmin>944</xmin>
            <ymin>529</ymin>
            <xmax>949</xmax>
            <ymax>533</ymax>
        </bndbox>
    </object>
    <object>
        <name>ma</name>
        <pose>Unspecified</pose>
        <truncated>0</truncated>
        <difficult>0</difficult>
        <bndbox>
            <xmin>1182</xmin>
            <ymin>466</ymin>
            <xmax>1192</xmax>
            <ymax>476</ymax>
        </bndbox>
    </object>
    <object>
        <name>ma</name>
        <pose>Unspecified</pose>
        <truncated>0</truncated>
        <difficult>0</difficult>
        <bndbox>
            <xmin>1558</xmin>
            <ymin>864</ymin>
            <xmax>1563</xmax>
            <ymax>872</ymax>
        </bndbox>
    </object>
    <object>
        <name>ma</name>
        <pose>Unspecified</pose>
        <truncated>0</truncated>
        <difficult>0</difficult>
        <bndbox>
            <xmin>1679</xmin>
            <ymin>738</ymin>
            <xmax>1687</xmax>
            <ymax>748</ymax>
        </bndbox>
    </object>
    <object>
        <name>se</name>
        <pose>Unspecified</pose>
        <truncated>0</truncated>
        <difficult>0</difficult>
        <bndbox>
            <xmin>1473</xmin>
            <ymin>932</ymin>
            <xmax>1542</xmax>
            <ymax>1043</ymax>
        </bndbox>
    </object>
    <object>
        <name>ma</name>
        <pose>Unspecified</pose>
        <truncated>0</truncated>
        <difficult>0</difficult>
        <bndbox>
            <xmin>944</xmin>
            <ymin>529</ymin>
            <xmax>949</xmax>
            <ymax>533</ymax>
        </bndbox>
    </object>
    <object>
        <name>ma</name>
        <pose>Unspecified</pose>
        <truncated>0</truncated>
        <difficult>0</difficult>
        <bndbox>
            <xmin>1182</xmin>
            <ymin>466</ymin>
            <xmax>1192</xmax>
            <ymax>476</ymax>
        </bndbox>
    </object>
    <object>
        <name>ma</name>
        <pose>Unspecified</pose>
        <truncated>0</truncated>
        <difficult>0</difficult>
        <bndbox>
            <xmin>1558</xmin>
            <ymin>864</ymin>
            <xmax>1563</xmax>
            <ymax>872</ymax>
        </bndbox>
    </object>
    <object>
        <name>ma</name>
        <pose>Unspecified</pose>
        <truncated>0</truncated>
        <difficult>0</difficult>
        <bndbox>
            <xmin>1679</xmin>
            <ymin>738</ymin>
            <xmax>1687</xmax>
            <ymax>748</ymax>
        </bndbox>
    </object>
</annotation>