<annotation>
    <folder>OurDataset</folder>
    <filename>007-5087-300.jpg</filename>
    <size>
        <width>2592</width>
        <height>1728</height>
        <depth>3</depth>
    </size>
    <object>
        <name>ex</name>
        <pose>Unspecified</pose>
        <truncated>0</truncated>
        <difficult>0</difficult>
        <bndbox>
            <xmin>1439</xmin>
            <ymin>1305</ymin>
            <xmax>1491</xmax>
            <ymax>1363</ymax>
        </bndbox>
    </object>
    <object>
        <name>ex</name>
        <pose>Unspecified</pose>
        <truncated>0</truncated>
        <difficult>0</difficult>
        <bndbox>
            <xmin>1451</xmin>
            <ymin>1245</ymin>
            <xmax>1485</xmax>
            <ymax>1275</ymax>
        </bndbox>
    </object>
    <object>
        <name>ma</name>
        <pose>Unspecified</pose>
        <truncated>0</truncated>
        <difficult>0</difficult>
        <bndbox>
            <xmin>1485</xmin>
            <ymin>869</ymin>
            <xmax>1501</xmax>
            <ymax>879</ymax>
        </bndbox>
    </object>
    <object>
        <name>he</name>
        <pose>Unspecified</pose>
        <truncated>0</truncated>
        <difficult>0</difficult>
        <bndbox>
            <xmin>1257</xmin>
            <ymin>1067</ymin>
            <xmax>1269</xmax>
            <ymax>1077</ymax>
        </bndbox>
    </object>
    <object>
        <name>he</name>
        <pose>Unspecified</pose>
        <truncated>0</truncated>
        <difficult>0</difficult>
        <bndbox>
            <xmin>1263</xmin>
            <ymin>1087</ymin>
            <xmax>1269</xmax>
            <ymax>1095</ymax>
        </bndbox>
    </object>
    <object>
        <name>he</name>
        <pose>Unspecified</pose>
        <truncated>0</truncated>
        <difficult>0</difficult>
        <bndbox>
            <xmin>1409</xmin>
            <ymin>1253</ymin>
            <xmax>1503</xmax>
            <ymax>1325</ymax>
        </bndbox>
    </object>
    <object>
        <name>he</name>
        <pose>Unspecified</pose>
        <truncated>0</truncated>
        <difficult>0</difficult>
        <bndbox>
            <xmin>1605</xmin>
            <ymin>1549</ymin>
            <xmax>1615</xmax>
            <ymax>1561</ymax>
        </bndbox>
    </object>
    <object>
        <name>ex</name>
        <pose>Unspecified</pose>
        <truncated>0</truncated>
        <difficult>0</difficult>
        <bndbox>
            <xmin>1439</xmin>
            <ymin>1305</ymin>
            <xmax>1491</xmax>
            <ymax>1363</ymax>
        </bndbox>
    </object>
    <object>
        <name>ex</name>
        <pose>Unspecified</pose>
        <truncated>0</truncated>
        <difficult>0</difficult>
        <bndbox>
            <xmin>1451</xmin>
            <ymin>1245</ymin>
            <xmax>1485</xmax>
            <ymax>1275</ymax>
        </bndbox>
    </object>
    <object>
        <name>ma</name>
        <pose>Unspecified</pose>
        <truncated>0</truncated>
        <difficult>0</difficult>
        <bndbox>
            <xmin>1485</xmin>
            <ymin>869</ymin>
            <xmax>1501</xmax>
            <ymax>879</ymax>
        </bndbox>
    </object>
    <object>
        <name>he</name>
        <pose>Unspecified</pose>
        <truncated>0</truncated>
        <difficult>0</difficult>
        <bndbox>
            <xmin>1257</xmin>
            <ymin>1067</ymin>
            <xmax>1269</xmax>
            <ymax>1077</ymax>
        </bndbox>
    </object>
    <object>
        <name>he</name>
        <pose>Unspecified</pose>
        <truncated>0</truncated>
        <difficult>0</difficult>
        <bndbox>
            <xmin>1263</xmin>
            <ymin>1087</ymin>
            <xmax>1269</xmax>
            <ymax>1095</ymax>
        </bndbox>
    </object>
    <object>
        <name>he</name>
        <pose>Unspecified</pose>
        <truncated>0</truncated>
        <difficult>0</difficult>
        <bndbox>
            <xmin>1409</xmin>
            <ymin>1253</ymin>
            <xmax>1503</xmax>
            <ymax>1325</ymax>
        </bndbox>
    </object>
    <object>
        <name>he</name>
        <pose>Unspecified</pose>
        <truncated>0</truncated>
        <difficult>0</difficult>
        <bndbox>
            <xmin>1605</xmin>
            <ymin>1549</ymin>
            <xmax>1615</xmax>
            <ymax>1561</ymax>
        </bndbox>
    </object>
    <object>
        <name>ex</name>
        <pose>Unspecified</pose>
        <truncated>0</truncated>
        <difficult>0</difficult>
        <bndbox>
            <xmin>1439</xmin>
            <ymin>1305</ymin>
            <xmax>1491</xmax>
            <ymax>1363</ymax>
        </bndbox>
    </object>
    <object>
        <name>ex</name>
        <pose>Unspecified</pose>
        <truncated>0</truncated>
        <difficult>0</difficult>
        <bndbox>
            <xmin>1451</xmin>
            <ymin>1245</ymin>
            <xmax>1485</xmax>
            <ymax>1275</ymax>
        </bndbox>
    </object>
</annotation>