<annotation>
    <folder>OurDataset</folder>
    <filename>007-5129-300.jpg</filename>
    <size>
        <width>2592</width>
        <height>1728</height>
        <depth>3</depth>
    </size>
    <object>
        <name>se</name>
        <pose>Unspecified</pose>
        <truncated>0</truncated>
        <difficult>0</difficult>
        <bndbox>
            <xmin>1339</xmin>
            <ymin>369</ymin>
            <xmax>1387</xmax>
            <ymax>403</ymax>
        </bndbox>
    </object>
    <object>
        <name>se</name>
        <pose>Unspecified</pose>
        <truncated>0</truncated>
        <difficult>0</difficult>
        <bndbox>
            <xmin>1407</xmin>
            <ymin>799</ymin>
            <xmax>1441</xmax>
            <ymax>841</ymax>
        </bndbox>
    </object>
    <object>
        <name>se</name>
        <pose>Unspecified</pose>
        <truncated>0</truncated>
        <difficult>0</difficult>
        <bndbox>
            <xmin>1745</xmin>
            <ymin>1133</ymin>
            <xmax>1771</xmax>
            <ymax>1177</ymax>
        </bndbox>
    </object>
    <object>
        <name>ma</name>
        <pose>Unspecified</pose>
        <truncated>0</truncated>
        <difficult>0</difficult>
        <bndbox>
            <xmin>1303</xmin>
            <ymin>345</ymin>
            <xmax>1315</xmax>
            <ymax>361</ymax>
        </bndbox>
    </object>
    <object>
        <name>ma</name>
        <pose>Unspecified</pose>
        <truncated>0</truncated>
        <difficult>0</difficult>
        <bndbox>
            <xmin>1305</xmin>
            <ymin>427</ymin>
            <xmax>1319</xmax>
            <ymax>437</ymax>
        </bndbox>
    </object>
    <object>
        <name>ma</name>
        <pose>Unspecified</pose>
        <truncated>0</truncated>
        <difficult>0</difficult>
        <bndbox>
            <xmin>1311</xmin>
            <ymin>1123</ymin>
            <xmax>1321</xmax>
            <ymax>1133</ymax>
        </bndbox>
    </object>
    <object>
        <name>ma</name>
        <pose>Unspecified</pose>
        <truncated>0</truncated>
        <difficult>0</difficult>
        <bndbox>
            <xmin>1329</xmin>
            <ymin>1239</ymin>
            <xmax>1339</xmax>
            <ymax>1249</ymax>
        </bndbox>
    </object>
    <object>
        <name>ma</name>
        <pose>Unspecified</pose>
        <truncated>0</truncated>
        <difficult>0</difficult>
        <bndbox>
            <xmin>1361</xmin>
            <ymin>1159</ymin>
            <xmax>1375</xmax>
            <ymax>1169</ymax>
        </bndbox>
    </object>
    <object>
        <name>ma</name>
        <pose>Unspecified</pose>
        <truncated>0</truncated>
        <difficult>0</difficult>
        <bndbox>
            <xmin>1453</xmin>
            <ymin>457</ymin>
            <xmax>1469</xmax>
            <ymax>473</ymax>
        </bndbox>
    </object>
    <object>
        <name>ma</name>
        <pose>Unspecified</pose>
        <truncated>0</truncated>
        <difficult>0</difficult>
        <bndbox>
            <xmin>1707</xmin>
            <ymin>1107</ymin>
            <xmax>1711</xmax>
            <ymax>1113</ymax>
        </bndbox>
    </object>
    <object>
        <name>ma</name>
        <pose>Unspecified</pose>
        <truncated>0</truncated>
        <difficult>0</difficult>
        <bndbox>
            <xmin>1715</xmin>
            <ymin>1131</ymin>
            <xmax>1719</xmax>
            <ymax>1135</ymax>
        </bndbox>
    </object>
    <object>
        <name>ma</name>
        <pose>Unspecified</pose>
        <truncated>0</truncated>
        <difficult>0</difficult>
        <bndbox>
            <xmin>1765</xmin>
            <ymin>1121</ymin>
            <xmax>1769</xmax>
            <ymax>1123</ymax>
        </bndbox>
    </object>
    <object>
        <name>ma</name>
        <pose>Unspecified</pose>
        <truncated>0</truncated>
        <difficult>0</difficult>
        <bndbox>
            <xmin>1859</xmin>
            <ymin>1187</ymin>
            <xmax>1867</xmax>
            <ymax>1193</ymax>
        </bndbox>
    </object>
    <object>
        <name>ma</name>
        <pose>Unspecified</pose>
        <truncated>0</truncated>
        <difficult>0</difficult>
        <bndbox>
            <xmin>1929</xmin>
            <ymin>1147</ymin>
            <xmax>1937</xmax>
            <ymax>1153</ymax>
        </bndbox>
    </object>
    <object>
        <name>he</name>
        <pose>Unspecified</pose>
        <truncated>0</truncated>
        <difficult>0</difficult>
        <bndbox>
            <xmin>999</xmin>
            <ymin>631</ymin>
            <xmax>1105</xmax>
            <ymax>685</ymax>
        </bndbox>
    </object>
    <object>
        <name>he</name>
        <pose>Unspecified</pose>
        <truncated>0</truncated>
        <difficult>0</difficult>
        <bndbox>
            <xmin>1303</xmin>
            <ymin>837</ymin>
            <xmax>1415</xmax>
            <ymax>881</ymax>
        </bndbox>
    </object>
    <object>
        <name>he</name>
        <pose>Unspecified</pose>
        <truncated>0</truncated>
        <difficult>0</difficult>
        <bndbox>
            <xmin>1369</xmin>
            <ymin>1179</ymin>
            <xmax>1385</xmax>
            <ymax>1197</ymax>
        </bndbox>
    </object>
    <object>
        <name>he</name>
        <pose>Unspecified</pose>
        <truncated>0</truncated>
        <difficult>0</difficult>
        <bndbox>
            <xmin>1419</xmin>
            <ymin>1045</ymin>
            <xmax>1427</xmax>
            <ymax>1051</ymax>
        </bndbox>
    </object>
    <object>
        <name>he</name>
        <pose>Unspecified</pose>
        <truncated>0</truncated>
        <difficult>0</difficult>
        <bndbox>
            <xmin>1455</xmin>
            <ymin>1027</ymin>
            <xmax>1467</xmax>
            <ymax>1041</ymax>
        </bndbox>
    </object>
    <object>
        <name>he</name>
        <pose>Unspecified</pose>
        <truncated>0</truncated>
        <difficult>0</difficult>
        <bndbox>
            <xmin>1473</xmin>
            <ymin>649</ymin>
            <xmax>1491</xmax>
            <ymax>669</ymax>
        </bndbox>
    </object>
    <object>
        <name>he</name>
        <pose>Unspecified</pose>
        <truncated>0</truncated>
        <difficult>0</difficult>
        <bndbox>
            <xmin>1489</xmin>
            <ymin>1171</ymin>
            <xmax>1501</xmax>
            <ymax>1181</ymax>
        </bndbox>
    </object>
    <object>
        <name>he</name>
        <pose>Unspecified</pose>
        <truncated>0</truncated>
        <difficult>0</difficult>
        <bndbox>
            <xmin>1547</xmin>
            <ymin>919</ymin>
            <xmax>1565</xmax>
            <ymax>935</ymax>
        </bndbox>
    </object>
    <object>
        <name>he</name>
        <pose>Unspecified</pose>
        <truncated>0</truncated>
        <difficult>0</difficult>
        <bndbox>
            <xmin>1567</xmin>
            <ymin>1137</ymin>
            <xmax>1573</xmax>
            <ymax>1149</ymax>
        </bndbox>
    </object>
    <object>
        <name>he</name>
        <pose>Unspecified</pose>
        <truncated>0</truncated>
        <difficult>0</difficult>
        <bndbox>
            <xmin>1581</xmin>
            <ymin>1101</ymin>
            <xmax>1595</xmax>
            <ymax>1127</ymax>
        </bndbox>
    </object>
    <object>
        <name>he</name>
        <pose>Unspecified</pose>
        <truncated>0</truncated>
        <difficult>0</difficult>
        <bndbox>
            <xmin>1625</xmin>
            <ymin>1081</ymin>
            <xmax>1649</xmax>
            <ymax>1111</ymax>
        </bndbox>
    </object>
    <object>
        <name>he</name>
        <pose>Unspecified</pose>
        <truncated>0</truncated>
        <difficult>0</difficult>
        <bndbox>
            <xmin>1645</xmin>
            <ymin>1141</ymin>
            <xmax>1683</xmax>
            <ymax>1173</ymax>
        </bndbox>
    </object>
    <object>
        <name>he</name>
        <pose>Unspecified</pose>
        <truncated>0</truncated>
        <difficult>0</difficult>
        <bndbox>
            <xmin>1729</xmin>
            <ymin>1077</ymin>
            <xmax>1749</xmax>
            <ymax>1107</ymax>
        </bndbox>
    </object>
    <object>
        <name>he</name>
        <pose>Unspecified</pose>
        <truncated>0</truncated>
        <difficult>0</difficult>
        <bndbox>
            <xmin>1811</xmin>
            <ymin>1265</ymin>
            <xmax>1829</xmax>
            <ymax>1295</ymax>
        </bndbox>
    </object>
    <object>
        <name>se</name>
        <pose>Unspecified</pose>
        <truncated>0</truncated>
        <difficult>0</difficult>
        <bndbox>
            <xmin>1339</xmin>
            <ymin>369</ymin>
            <xmax>1387</xmax>
            <ymax>403</ymax>
        </bndbox>
    </object>
    <object>
        <name>se</name>
        <pose>Unspecified</pose>
        <truncated>0</truncated>
        <difficult>0</difficult>
        <bndbox>
            <xmin>1407</xmin>
            <ymin>799</ymin>
            <xmax>1441</xmax>
            <ymax>841</ymax>
        </bndbox>
    </object>
    <object>
        <name>se</name>
        <pose>Unspecified</pose>
        <truncated>0</truncated>
        <difficult>0</difficult>
        <bndbox>
            <xmin>1745</xmin>
            <ymin>1133</ymin>
            <xmax>1771</xmax>
            <ymax>1177</ymax>
        </bndbox>
    </object>
    <object>
        <name>ma</name>
        <pose>Unspecified</pose>
        <truncated>0</truncated>
        <difficult>0</difficult>
        <bndbox>
            <xmin>1303</xmin>
            <ymin>345</ymin>
            <xmax>1315</xmax>
            <ymax>361</ymax>
        </bndbox>
    </object>
    <object>
        <name>ma</name>
        <pose>Unspecified</pose>
        <truncated>0</truncated>
        <difficult>0</difficult>
        <bndbox>
            <xmin>1305</xmin>
            <ymin>427</ymin>
            <xmax>1319</xmax>
            <ymax>437</ymax>
        </bndbox>
    </object>
    <object>
        <name>ma</name>
        <pose>Unspecified</pose>
        <truncated>0</truncated>
        <difficult>0</difficult>
        <bndbox>
            <xmin>1311</xmin>
            <ymin>1123</ymin>
            <xmax>1321</xmax>
            <ymax>1133</ymax>
        </bndbox>
    </object>
    <object>
        <name>ma</name>
        <pose>Unspecified</pose>
        <truncated>0</truncated>
        <difficult>0</difficult>
        <bndbox>
            <xmin>1329</xmin>
            <ymin>1239</ymin>
            <xmax>1339</xmax>
            <ymax>1249</ymax>
        </bndbox>
    </object>
    <object>
        <name>ma</name>
        <pose>Unspecified</pose>
        <truncated>0</truncated>
        <difficult>0</difficult>
        <bndbox>
            <xmin>1361</xmin>
            <ymin>1159</ymin>
            <xmax>1375</xmax>
            <ymax>1169</ymax>
        </bndbox>
    </object>
    <object>
        <name>ma</name>
        <pose>Unspecified</pose>
        <truncated>0</truncated>
        <difficult>0</difficult>
        <bndbox>
            <xmin>1453</xmin>
            <ymin>457</ymin>
            <xmax>1469</xmax>
            <ymax>473</ymax>
        </bndbox>
    </object>
    <object>
        <name>ma</name>
        <pose>Unspecified</pose>
        <truncated>0</truncated>
        <difficult>0</difficult>
        <bndbox>
            <xmin>1707</xmin>
            <ymin>1107</ymin>
            <xmax>1711</xmax>
            <ymax>1113</ymax>
        </bndbox>
    </object>
    <object>
        <name>ma</name>
        <pose>Unspecified</pose>
        <truncated>0</truncated>
        <difficult>0</difficult>
        <bndbox>
            <xmin>1715</xmin>
            <ymin>1131</ymin>
            <xmax>1719</xmax>
            <ymax>1135</ymax>
        </bndbox>
    </object>
    <object>
        <name>ma</name>
        <pose>Unspecified</pose>
        <truncated>0</truncated>
        <difficult>0</difficult>
        <bndbox>
            <xmin>1765</xmin>
            <ymin>1121</ymin>
            <xmax>1769</xmax>
            <ymax>1123</ymax>
        </bndbox>
    </object>
    <object>
        <name>ma</name>
        <pose>Unspecified</pose>
        <truncated>0</truncated>
        <difficult>0</difficult>
        <bndbox>
            <xmin>1859</xmin>
            <ymin>1187</ymin>
            <xmax>1867</xmax>
            <ymax>1193</ymax>
        </bndbox>
    </object>
    <object>
        <name>ma</name>
        <pose>Unspecified</pose>
        <truncated>0</truncated>
        <difficult>0</difficult>
        <bndbox>
            <xmin>1929</xmin>
            <ymin>1147</ymin>
            <xmax>1937</xmax>
            <ymax>1153</ymax>
        </bndbox>
    </object>
    <object>
        <name>he</name>
        <pose>Unspecified</pose>
        <truncated>0</truncated>
        <difficult>0</difficult>
        <bndbox>
            <xmin>999</xmin>
            <ymin>631</ymin>
            <xmax>1105</xmax>
            <ymax>685</ymax>
        </bndbox>
    </object>
    <object>
        <name>he</name>
        <pose>Unspecified</pose>
        <truncated>0</truncated>
        <difficult>0</difficult>
        <bndbox>
            <xmin>1303</xmin>
            <ymin>837</ymin>
            <xmax>1415</xmax>
            <ymax>881</ymax>
        </bndbox>
    </object>
    <object>
        <name>he</name>
        <pose>Unspecified</pose>
        <truncated>0</truncated>
        <difficult>0</difficult>
        <bndbox>
            <xmin>1369</xmin>
            <ymin>1179</ymin>
            <xmax>1385</xmax>
            <ymax>1197</ymax>
        </bndbox>
    </object>
    <object>
        <name>he</name>
        <pose>Unspecified</pose>
        <truncated>0</truncated>
        <difficult>0</difficult>
        <bndbox>
            <xmin>1419</xmin>
            <ymin>1045</ymin>
            <xmax>1427</xmax>
            <ymax>1051</ymax>
        </bndbox>
    </object>
    <object>
        <name>he</name>
        <pose>Unspecified</pose>
        <truncated>0</truncated>
        <difficult>0</difficult>
        <bndbox>
            <xmin>1455</xmin>
            <ymin>1027</ymin>
            <xmax>1467</xmax>
            <ymax>1041</ymax>
        </bndbox>
    </object>
    <object>
        <name>he</name>
        <pose>Unspecified</pose>
        <truncated>0</truncated>
        <difficult>0</difficult>
        <bndbox>
            <xmin>1473</xmin>
            <ymin>649</ymin>
            <xmax>1491</xmax>
            <ymax>669</ymax>
        </bndbox>
    </object>
    <object>
        <name>he</name>
        <pose>Unspecified</pose>
        <truncated>0</truncated>
        <difficult>0</difficult>
        <bndbox>
            <xmin>1489</xmin>
            <ymin>1171</ymin>
            <xmax>1501</xmax>
            <ymax>1181</ymax>
        </bndbox>
    </object>
    <object>
        <name>he</name>
        <pose>Unspecified</pose>
        <truncated>0</truncated>
        <difficult>0</difficult>
        <bndbox>
            <xmin>1547</xmin>
            <ymin>919</ymin>
            <xmax>1565</xmax>
            <ymax>935</ymax>
        </bndbox>
    </object>
    <object>
        <name>he</name>
        <pose>Unspecified</pose>
        <truncated>0</truncated>
        <difficult>0</difficult>
        <bndbox>
            <xmin>1567</xmin>
            <ymin>1137</ymin>
            <xmax>1573</xmax>
            <ymax>1149</ymax>
        </bndbox>
    </object>
    <object>
        <name>he</name>
        <pose>Unspecified</pose>
        <truncated>0</truncated>
        <difficult>0</difficult>
        <bndbox>
            <xmin>1581</xmin>
            <ymin>1101</ymin>
            <xmax>1595</xmax>
            <ymax>1127</ymax>
        </bndbox>
    </object>
    <object>
        <name>he</name>
        <pose>Unspecified</pose>
        <truncated>0</truncated>
        <difficult>0</difficult>
        <bndbox>
            <xmin>1625</xmin>
            <ymin>1081</ymin>
            <xmax>1649</xmax>
            <ymax>1111</ymax>
        </bndbox>
    </object>
    <object>
        <name>he</name>
        <pose>Unspecified</pose>
        <truncated>0</truncated>
        <difficult>0</difficult>
        <bndbox>
            <xmin>1645</xmin>
            <ymin>1141</ymin>
            <xmax>1683</xmax>
            <ymax>1173</ymax>
        </bndbox>
    </object>
    <object>
        <name>he</name>
        <pose>Unspecified</pose>
        <truncated>0</truncated>
        <difficult>0</difficult>
        <bndbox>
            <xmin>1729</xmin>
            <ymin>1077</ymin>
            <xmax>1749</xmax>
            <ymax>1107</ymax>
        </bndbox>
    </object>
    <object>
        <name>he</name>
        <pose>Unspecified</pose>
        <truncated>0</truncated>
        <difficult>0</difficult>
        <bndbox>
            <xmin>1811</xmin>
            <ymin>1265</ymin>
            <xmax>1829</xmax>
            <ymax>1295</ymax>
        </bndbox>
    </object>
</annotation>