<annotation>
    <folder>OurDataset</folder>
    <filename>007-3499-200.jpg</filename>
    <size>
        <width>2048</width>
        <height>1536</height>
        <depth>3</depth>
    </size>
    <object>
        <name>ex</name>
        <pose>Unspecified</pose>
        <truncated>0</truncated>
        <difficult>0</difficult>
        <bndbox>
            <xmin>799</xmin>
            <ymin>166</ymin>
            <xmax>812</xmax>
            <ymax>178</ymax>
        </bndbox>
    </object>
    <object>
        <name>ex</name>
        <pose>Unspecified</pose>
        <truncated>0</truncated>
        <difficult>0</difficult>
        <bndbox>
            <xmin>1374</xmin>
            <ymin>387</ymin>
            <xmax>1387</xmax>
            <ymax>403</ymax>
        </bndbox>
    </object>
    <object>
        <name>ex</name>
        <pose>Unspecified</pose>
        <truncated>0</truncated>
        <difficult>0</difficult>
        <bndbox>
            <xmin>1591</xmin>
            <ymin>522</ymin>
            <xmax>1602</xmax>
            <ymax>535</ymax>
        </bndbox>
    </object>
    <object>
        <name>ex</name>
        <pose>Unspecified</pose>
        <truncated>0</truncated>
        <difficult>0</difficult>
        <bndbox>
            <xmin>1598</xmin>
            <ymin>515</ymin>
            <xmax>1604</xmax>
            <ymax>519</ymax>
        </bndbox>
    </object>
    <object>
        <name>ma</name>
        <pose>Unspecified</pose>
        <truncated>0</truncated>
        <difficult>0</difficult>
        <bndbox>
            <xmin>462</xmin>
            <ymin>828</ymin>
            <xmax>466</xmax>
            <ymax>832</ymax>
        </bndbox>
    </object>
    <object>
        <name>ma</name>
        <pose>Unspecified</pose>
        <truncated>0</truncated>
        <difficult>0</difficult>
        <bndbox>
            <xmin>869</xmin>
            <ymin>224</ymin>
            <xmax>876</xmax>
            <ymax>232</ymax>
        </bndbox>
    </object>
    <object>
        <name>ma</name>
        <pose>Unspecified</pose>
        <truncated>0</truncated>
        <difficult>0</difficult>
        <bndbox>
            <xmin>1041</xmin>
            <ymin>1338</ymin>
            <xmax>1046</xmax>
            <ymax>1346</ymax>
        </bndbox>
    </object>
    <object>
        <name>ma</name>
        <pose>Unspecified</pose>
        <truncated>0</truncated>
        <difficult>0</difficult>
        <bndbox>
            <xmin>1070</xmin>
            <ymin>1083</ymin>
            <xmax>1081</xmax>
            <ymax>1092</ymax>
        </bndbox>
    </object>
    <object>
        <name>ma</name>
        <pose>Unspecified</pose>
        <truncated>0</truncated>
        <difficult>0</difficult>
        <bndbox>
            <xmin>1102</xmin>
            <ymin>1080</ymin>
            <xmax>1112</xmax>
            <ymax>1092</ymax>
        </bndbox>
    </object>
    <object>
        <name>ma</name>
        <pose>Unspecified</pose>
        <truncated>0</truncated>
        <difficult>0</difficult>
        <bndbox>
            <xmin>1199</xmin>
            <ymin>1136</ymin>
            <xmax>1206</xmax>
            <ymax>1141</ymax>
        </bndbox>
    </object>
    <object>
        <name>ma</name>
        <pose>Unspecified</pose>
        <truncated>0</truncated>
        <difficult>0</difficult>
        <bndbox>
            <xmin>1231</xmin>
            <ymin>423</ymin>
            <xmax>1238</xmax>
            <ymax>435</ymax>
        </bndbox>
    </object>
    <object>
        <name>ma</name>
        <pose>Unspecified</pose>
        <truncated>0</truncated>
        <difficult>0</difficult>
        <bndbox>
            <xmin>1409</xmin>
            <ymin>1074</ymin>
            <xmax>1419</xmax>
            <ymax>1082</ymax>
        </bndbox>
    </object>
    <object>
        <name>ma</name>
        <pose>Unspecified</pose>
        <truncated>0</truncated>
        <difficult>0</difficult>
        <bndbox>
            <xmin>1411</xmin>
            <ymin>1110</ymin>
            <xmax>1417</xmax>
            <ymax>1116</ymax>
        </bndbox>
    </object>
    <object>
        <name>ma</name>
        <pose>Unspecified</pose>
        <truncated>0</truncated>
        <difficult>0</difficult>
        <bndbox>
            <xmin>1485</xmin>
            <ymin>934</ymin>
            <xmax>1492</xmax>
            <ymax>942</ymax>
        </bndbox>
    </object>
    <object>
        <name>ma</name>
        <pose>Unspecified</pose>
        <truncated>0</truncated>
        <difficult>0</difficult>
        <bndbox>
            <xmin>1532</xmin>
            <ymin>684</ymin>
            <xmax>1543</xmax>
            <ymax>694</ymax>
        </bndbox>
    </object>
    <object>
        <name>he</name>
        <pose>Unspecified</pose>
        <truncated>0</truncated>
        <difficult>0</difficult>
        <bndbox>
            <xmin>1246</xmin>
            <ymin>77</ymin>
            <xmax>1261</xmax>
            <ymax>86</ymax>
        </bndbox>
    </object>
    <object>
        <name>he</name>
        <pose>Unspecified</pose>
        <truncated>0</truncated>
        <difficult>0</difficult>
        <bndbox>
            <xmin>1305</xmin>
            <ymin>823</ymin>
            <xmax>1330</xmax>
            <ymax>844</ymax>
        </bndbox>
    </object>
    <object>
        <name>he</name>
        <pose>Unspecified</pose>
        <truncated>0</truncated>
        <difficult>0</difficult>
        <bndbox>
            <xmin>1345</xmin>
            <ymin>1244</ymin>
            <xmax>1361</xmax>
            <ymax>1255</ymax>
        </bndbox>
    </object>
    <object>
        <name>he</name>
        <pose>Unspecified</pose>
        <truncated>0</truncated>
        <difficult>0</difficult>
        <bndbox>
            <xmin>1347</xmin>
            <ymin>1235</ymin>
            <xmax>1353</xmax>
            <ymax>1241</ymax>
        </bndbox>
    </object>
    <object>
        <name>he</name>
        <pose>Unspecified</pose>
        <truncated>0</truncated>
        <difficult>0</difficult>
        <bndbox>
            <xmin>1373</xmin>
            <ymin>1228</ymin>
            <xmax>1380</xmax>
            <ymax>1241</ymax>
        </bndbox>
    </object>
    <object>
        <name>he</name>
        <pose>Unspecified</pose>
        <truncated>0</truncated>
        <difficult>0</difficult>
        <bndbox>
            <xmin>1386</xmin>
            <ymin>1356</ymin>
            <xmax>1414</xmax>
            <ymax>1377</ymax>
        </bndbox>
    </object>
    <object>
        <name>he</name>
        <pose>Unspecified</pose>
        <truncated>0</truncated>
        <difficult>0</difficult>
        <bndbox>
            <xmin>1629</xmin>
            <ymin>494</ymin>
            <xmax>1657</xmax>
            <ymax>544</ymax>
        </bndbox>
    </object>
    <object>
        <name>ex</name>
        <pose>Unspecified</pose>
        <truncated>0</truncated>
        <difficult>0</difficult>
        <bndbox>
            <xmin>799</xmin>
            <ymin>166</ymin>
            <xmax>812</xmax>
            <ymax>178</ymax>
        </bndbox>
    </object>
    <object>
        <name>ex</name>
        <pose>Unspecified</pose>
        <truncated>0</truncated>
        <difficult>0</difficult>
        <bndbox>
            <xmin>1374</xmin>
            <ymin>387</ymin>
            <xmax>1387</xmax>
            <ymax>403</ymax>
        </bndbox>
    </object>
    <object>
        <name>ex</name>
        <pose>Unspecified</pose>
        <truncated>0</truncated>
        <difficult>0</difficult>
        <bndbox>
            <xmin>1591</xmin>
            <ymin>522</ymin>
            <xmax>1602</xmax>
            <ymax>535</ymax>
        </bndbox>
    </object>
    <object>
        <name>ex</name>
        <pose>Unspecified</pose>
        <truncated>0</truncated>
        <difficult>0</difficult>
        <bndbox>
            <xmin>1598</xmin>
            <ymin>515</ymin>
            <xmax>1604</xmax>
            <ymax>519</ymax>
        </bndbox>
    </object>
    <object>
        <name>ma</name>
        <pose>Unspecified</pose>
        <truncated>0</truncated>
        <difficult>0</difficult>
        <bndbox>
            <xmin>462</xmin>
            <ymin>828</ymin>
            <xmax>466</xmax>
            <ymax>832</ymax>
        </bndbox>
    </object>
    <object>
        <name>ma</name>
        <pose>Unspecified</pose>
        <truncated>0</truncated>
        <difficult>0</difficult>
        <bndbox>
            <xmin>869</xmin>
            <ymin>224</ymin>
            <xmax>876</xmax>
            <ymax>232</ymax>
        </bndbox>
    </object>
    <object>
        <name>ma</name>
        <pose>Unspecified</pose>
        <truncated>0</truncated>
        <difficult>0</difficult>
        <bndbox>
            <xmin>1041</xmin>
            <ymin>1338</ymin>
            <xmax>1046</xmax>
            <ymax>1346</ymax>
        </bndbox>
    </object>
    <object>
        <name>ma</name>
        <pose>Unspecified</pose>
        <truncated>0</truncated>
        <difficult>0</difficult>
        <bndbox>
            <xmin>1070</xmin>
            <ymin>1083</ymin>
            <xmax>1081</xmax>
            <ymax>1092</ymax>
        </bndbox>
    </object>
    <object>
        <name>ma</name>
        <pose>Unspecified</pose>
        <truncated>0</truncated>
        <difficult>0</difficult>
        <bndbox>
            <xmin>1102</xmin>
            <ymin>1080</ymin>
            <xmax>1112</xmax>
            <ymax>1092</ymax>
        </bndbox>
    </object>
    <object>
        <name>ma</name>
        <pose>Unspecified</pose>
        <truncated>0</truncated>
        <difficult>0</difficult>
        <bndbox>
            <xmin>1199</xmin>
            <ymin>1136</ymin>
            <xmax>1206</xmax>
            <ymax>1141</ymax>
        </bndbox>
    </object>
    <object>
        <name>ma</name>
        <pose>Unspecified</pose>
        <truncated>0</truncated>
        <difficult>0</difficult>
        <bndbox>
            <xmin>1231</xmin>
            <ymin>423</ymin>
            <xmax>1238</xmax>
            <ymax>435</ymax>
        </bndbox>
    </object>
    <object>
        <name>ma</name>
        <pose>Unspecified</pose>
        <truncated>0</truncated>
        <difficult>0</difficult>
        <bndbox>
            <xmin>1409</xmin>
            <ymin>1074</ymin>
            <xmax>1419</xmax>
            <ymax>1082</ymax>
        </bndbox>
    </object>
    <object>
        <name>ma</name>
        <pose>Unspecified</pose>
        <truncated>0</truncated>
        <difficult>0</difficult>
        <bndbox>
            <xmin>1411</xmin>
            <ymin>1110</ymin>
            <xmax>1417</xmax>
            <ymax>1116</ymax>
        </bndbox>
    </object>
    <object>
        <name>ma</name>
        <pose>Unspecified</pose>
        <truncated>0</truncated>
        <difficult>0</difficult>
        <bndbox>
            <xmin>1485</xmin>
            <ymin>934</ymin>
            <xmax>1492</xmax>
            <ymax>942</ymax>
        </bndbox>
    </object>
    <object>
        <name>ma</name>
        <pose>Unspecified</pose>
        <truncated>0</truncated>
        <difficult>0</difficult>
        <bndbox>
            <xmin>1532</xmin>
            <ymin>684</ymin>
            <xmax>1543</xmax>
            <ymax>694</ymax>
        </bndbox>
    </object>
    <object>
        <name>he</name>
        <pose>Unspecified</pose>
        <truncated>0</truncated>
        <difficult>0</difficult>
        <bndbox>
            <xmin>1246</xmin>
            <ymin>77</ymin>
            <xmax>1261</xmax>
            <ymax>86</ymax>
        </bndbox>
    </object>
    <object>
        <name>he</name>
        <pose>Unspecified</pose>
        <truncated>0</truncated>
        <difficult>0</difficult>
        <bndbox>
            <xmin>1305</xmin>
            <ymin>823</ymin>
            <xmax>1330</xmax>
            <ymax>844</ymax>
        </bndbox>
    </object>
    <object>
        <name>he</name>
        <pose>Unspecified</pose>
        <truncated>0</truncated>
        <difficult>0</difficult>
        <bndbox>
            <xmin>1345</xmin>
            <ymin>1244</ymin>
            <xmax>1361</xmax>
            <ymax>1255</ymax>
        </bndbox>
    </object>
    <object>
        <name>he</name>
        <pose>Unspecified</pose>
        <truncated>0</truncated>
        <difficult>0</difficult>
        <bndbox>
            <xmin>1347</xmin>
            <ymin>1235</ymin>
            <xmax>1353</xmax>
            <ymax>1241</ymax>
        </bndbox>
    </object>
    <object>
        <name>he</name>
        <pose>Unspecified</pose>
        <truncated>0</truncated>
        <difficult>0</difficult>
        <bndbox>
            <xmin>1373</xmin>
            <ymin>1228</ymin>
            <xmax>1380</xmax>
            <ymax>1241</ymax>
        </bndbox>
    </object>
    <object>
        <name>he</name>
        <pose>Unspecified</pose>
        <truncated>0</truncated>
        <difficult>0</difficult>
        <bndbox>
            <xmin>1386</xmin>
            <ymin>1356</ymin>
            <xmax>1414</xmax>
            <ymax>1377</ymax>
        </bndbox>
    </object>
    <object>
        <name>he</name>
        <pose>Unspecified</pose>
        <truncated>0</truncated>
        <difficult>0</difficult>
        <bndbox>
            <xmin>1629</xmin>
            <ymin>494</ymin>
            <xmax>1657</xmax>
            <ymax>544</ymax>
        </bndbox>
    </object>
    <object>
        <name>ex</name>
        <pose>Unspecified</pose>
        <truncated>0</truncated>
        <difficult>0</difficult>
        <bndbox>
            <xmin>799</xmin>
            <ymin>166</ymin>
            <xmax>812</xmax>
            <ymax>178</ymax>
        </bndbox>
    </object>
    <object>
        <name>ex</name>
        <pose>Unspecified</pose>
        <truncated>0</truncated>
        <difficult>0</difficult>
        <bndbox>
            <xmin>1374</xmin>
            <ymin>387</ymin>
            <xmax>1387</xmax>
            <ymax>403</ymax>
        </bndbox>
    </object>
    <object>
        <name>ex</name>
        <pose>Unspecified</pose>
        <truncated>0</truncated>
        <difficult>0</difficult>
        <bndbox>
            <xmin>1591</xmin>
            <ymin>522</ymin>
            <xmax>1602</xmax>
            <ymax>535</ymax>
        </bndbox>
    </object>
    <object>
        <name>ex</name>
        <pose>Unspecified</pose>
        <truncated>0</truncated>
        <difficult>0</difficult>
        <bndbox>
            <xmin>1598</xmin>
            <ymin>515</ymin>
            <xmax>1604</xmax>
            <ymax>519</ymax>
        </bndbox>
    </object>
</annotation>