<annotation>
    <folder>OurDataset</folder>
    <filename>007-3492-200.jpg</filename>
    <size>
        <width>2048</width>
        <height>1536</height>
        <depth>3</depth>
    </size>
    <object>
        <name>ex</name>
        <pose>Unspecified</pose>
        <truncated>0</truncated>
        <difficult>0</difficult>
        <bndbox>
            <xmin>1242</xmin>
            <ymin>552</ymin>
            <xmax>1277</xmax>
            <ymax>575</ymax>
        </bndbox>
    </object>
    <object>
        <name>ex</name>
        <pose>Unspecified</pose>
        <truncated>0</truncated>
        <difficult>0</difficult>
        <bndbox>
            <xmin>1269</xmin>
            <ymin>520</ymin>
            <xmax>1319</xmax>
            <ymax>559</ymax>
        </bndbox>
    </object>
    <object>
        <name>ex</name>
        <pose>Unspecified</pose>
        <truncated>0</truncated>
        <difficult>0</difficult>
        <bndbox>
            <xmin>1279</xmin>
            <ymin>503</ymin>
            <xmax>1292</xmax>
            <ymax>512</ymax>
        </bndbox>
    </object>
    <object>
        <name>ex</name>
        <pose>Unspecified</pose>
        <truncated>0</truncated>
        <difficult>0</difficult>
        <bndbox>
            <xmin>1281</xmin>
            <ymin>582</ymin>
            <xmax>1289</xmax>
            <ymax>586</ymax>
        </bndbox>
    </object>
    <object>
        <name>ex</name>
        <pose>Unspecified</pose>
        <truncated>0</truncated>
        <difficult>0</difficult>
        <bndbox>
            <xmin>1291</xmin>
            <ymin>586</ymin>
            <xmax>1298</xmax>
            <ymax>592</ymax>
        </bndbox>
    </object>
    <object>
        <name>ex</name>
        <pose>Unspecified</pose>
        <truncated>0</truncated>
        <difficult>0</difficult>
        <bndbox>
            <xmin>1298</xmin>
            <ymin>569</ymin>
            <xmax>1320</xmax>
            <ymax>601</ymax>
        </bndbox>
    </object>
    <object>
        <name>ex</name>
        <pose>Unspecified</pose>
        <truncated>0</truncated>
        <difficult>0</difficult>
        <bndbox>
            <xmin>1307</xmin>
            <ymin>529</ymin>
            <xmax>1308</xmax>
            <ymax>532</ymax>
        </bndbox>
    </object>
    <object>
        <name>ex</name>
        <pose>Unspecified</pose>
        <truncated>0</truncated>
        <difficult>0</difficult>
        <bndbox>
            <xmin>1313</xmin>
            <ymin>498</ymin>
            <xmax>1318</xmax>
            <ymax>503</ymax>
        </bndbox>
    </object>
    <object>
        <name>ex</name>
        <pose>Unspecified</pose>
        <truncated>0</truncated>
        <difficult>0</difficult>
        <bndbox>
            <xmin>1331</xmin>
            <ymin>562</ymin>
            <xmax>1344</xmax>
            <ymax>582</ymax>
        </bndbox>
    </object>
    <object>
        <name>ex</name>
        <pose>Unspecified</pose>
        <truncated>0</truncated>
        <difficult>0</difficult>
        <bndbox>
            <xmin>1357</xmin>
            <ymin>509</ymin>
            <xmax>1358</xmax>
            <ymax>512</ymax>
        </bndbox>
    </object>
    <object>
        <name>ex</name>
        <pose>Unspecified</pose>
        <truncated>0</truncated>
        <difficult>0</difficult>
        <bndbox>
            <xmin>1360</xmin>
            <ymin>543</ymin>
            <xmax>1367</xmax>
            <ymax>548</ymax>
        </bndbox>
    </object>
    <object>
        <name>ex</name>
        <pose>Unspecified</pose>
        <truncated>0</truncated>
        <difficult>0</difficult>
        <bndbox>
            <xmin>1363</xmin>
            <ymin>519</ymin>
            <xmax>1365</xmax>
            <ymax>522</ymax>
        </bndbox>
    </object>
    <object>
        <name>ex</name>
        <pose>Unspecified</pose>
        <truncated>0</truncated>
        <difficult>0</difficult>
        <bndbox>
            <xmin>1363</xmin>
            <ymin>533</ymin>
            <xmax>1364</xmax>
            <ymax>536</ymax>
        </bndbox>
    </object>
    <object>
        <name>ma</name>
        <pose>Unspecified</pose>
        <truncated>0</truncated>
        <difficult>0</difficult>
        <bndbox>
            <xmin>644</xmin>
            <ymin>559</ymin>
            <xmax>651</xmax>
            <ymax>568</ymax>
        </bndbox>
    </object>
    <object>
        <name>ma</name>
        <pose>Unspecified</pose>
        <truncated>0</truncated>
        <difficult>0</difficult>
        <bndbox>
            <xmin>707</xmin>
            <ymin>542</ymin>
            <xmax>720</xmax>
            <ymax>552</ymax>
        </bndbox>
    </object>
    <object>
        <name>ma</name>
        <pose>Unspecified</pose>
        <truncated>0</truncated>
        <difficult>0</difficult>
        <bndbox>
            <xmin>717</xmin>
            <ymin>833</ymin>
            <xmax>723</xmax>
            <ymax>837</ymax>
        </bndbox>
    </object>
    <object>
        <name>ma</name>
        <pose>Unspecified</pose>
        <truncated>0</truncated>
        <difficult>0</difficult>
        <bndbox>
            <xmin>717</xmin>
            <ymin>847</ymin>
            <xmax>720</xmax>
            <ymax>852</ymax>
        </bndbox>
    </object>
    <object>
        <name>ma</name>
        <pose>Unspecified</pose>
        <truncated>0</truncated>
        <difficult>0</difficult>
        <bndbox>
            <xmin>719</xmin>
            <ymin>863</ymin>
            <xmax>731</xmax>
            <ymax>870</ymax>
        </bndbox>
    </object>
    <object>
        <name>ma</name>
        <pose>Unspecified</pose>
        <truncated>0</truncated>
        <difficult>0</difficult>
        <bndbox>
            <xmin>762</xmin>
            <ymin>492</ymin>
            <xmax>773</xmax>
            <ymax>496</ymax>
        </bndbox>
    </object>
    <object>
        <name>ma</name>
        <pose>Unspecified</pose>
        <truncated>0</truncated>
        <difficult>0</difficult>
        <bndbox>
            <xmin>1173</xmin>
            <ymin>711</ymin>
            <xmax>1178</xmax>
            <ymax>716</ymax>
        </bndbox>
    </object>
    <object>
        <name>ma</name>
        <pose>Unspecified</pose>
        <truncated>0</truncated>
        <difficult>0</difficult>
        <bndbox>
            <xmin>1188</xmin>
            <ymin>728</ymin>
            <xmax>1201</xmax>
            <ymax>744</ymax>
        </bndbox>
    </object>
    <object>
        <name>ma</name>
        <pose>Unspecified</pose>
        <truncated>0</truncated>
        <difficult>0</difficult>
        <bndbox>
            <xmin>1193</xmin>
            <ymin>753</ymin>
            <xmax>1203</xmax>
            <ymax>766</ymax>
        </bndbox>
    </object>
    <object>
        <name>ma</name>
        <pose>Unspecified</pose>
        <truncated>0</truncated>
        <difficult>0</difficult>
        <bndbox>
            <xmin>1206</xmin>
            <ymin>665</ymin>
            <xmax>1213</xmax>
            <ymax>671</ymax>
        </bndbox>
    </object>
    <object>
        <name>ma</name>
        <pose>Unspecified</pose>
        <truncated>0</truncated>
        <difficult>0</difficult>
        <bndbox>
            <xmin>1235</xmin>
            <ymin>761</ymin>
            <xmax>1245</xmax>
            <ymax>774</ymax>
        </bndbox>
    </object>
    <object>
        <name>ma</name>
        <pose>Unspecified</pose>
        <truncated>0</truncated>
        <difficult>0</difficult>
        <bndbox>
            <xmin>1272</xmin>
            <ymin>379</ymin>
            <xmax>1277</xmax>
            <ymax>384</ymax>
        </bndbox>
    </object>
    <object>
        <name>ma</name>
        <pose>Unspecified</pose>
        <truncated>0</truncated>
        <difficult>0</difficult>
        <bndbox>
            <xmin>1308</xmin>
            <ymin>698</ymin>
            <xmax>1317</xmax>
            <ymax>708</ymax>
        </bndbox>
    </object>
    <object>
        <name>he</name>
        <pose>Unspecified</pose>
        <truncated>0</truncated>
        <difficult>0</difficult>
        <bndbox>
            <xmin>1037</xmin>
            <ymin>922</ymin>
            <xmax>1053</xmax>
            <ymax>933</ymax>
        </bndbox>
    </object>
    <object>
        <name>he</name>
        <pose>Unspecified</pose>
        <truncated>0</truncated>
        <difficult>0</difficult>
        <bndbox>
            <xmin>1119</xmin>
            <ymin>816</ymin>
            <xmax>1140</xmax>
            <ymax>837</ymax>
        </bndbox>
    </object>
    <object>
        <name>he</name>
        <pose>Unspecified</pose>
        <truncated>0</truncated>
        <difficult>0</difficult>
        <bndbox>
            <xmin>1304</xmin>
            <ymin>777</ymin>
            <xmax>1332</xmax>
            <ymax>797</ymax>
        </bndbox>
    </object>
    <object>
        <name>he</name>
        <pose>Unspecified</pose>
        <truncated>0</truncated>
        <difficult>0</difficult>
        <bndbox>
            <xmin>1307</xmin>
            <ymin>469</ymin>
            <xmax>1341</xmax>
            <ymax>495</ymax>
        </bndbox>
    </object>
    <object>
        <name>he</name>
        <pose>Unspecified</pose>
        <truncated>0</truncated>
        <difficult>0</difficult>
        <bndbox>
            <xmin>1351</xmin>
            <ymin>442</ymin>
            <xmax>1373</xmax>
            <ymax>459</ymax>
        </bndbox>
    </object>
    <object>
        <name>he</name>
        <pose>Unspecified</pose>
        <truncated>0</truncated>
        <difficult>0</difficult>
        <bndbox>
            <xmin>1377</xmin>
            <ymin>443</ymin>
            <xmax>1383</xmax>
            <ymax>453</ymax>
        </bndbox>
    </object>
    <object>
        <name>he</name>
        <pose>Unspecified</pose>
        <truncated>0</truncated>
        <difficult>0</difficult>
        <bndbox>
            <xmin>1410</xmin>
            <ymin>479</ymin>
            <xmax>1433</xmax>
            <ymax>510</ymax>
        </bndbox>
    </object>
    <object>
        <name>he</name>
        <pose>Unspecified</pose>
        <truncated>0</truncated>
        <difficult>0</difficult>
        <bndbox>
            <xmin>1490</xmin>
            <ymin>680</ymin>
            <xmax>1515</xmax>
            <ymax>713</ymax>
        </bndbox>
    </object>
    <object>
        <name>ex</name>
        <pose>Unspecified</pose>
        <truncated>0</truncated>
        <difficult>0</difficult>
        <bndbox>
            <xmin>1242</xmin>
            <ymin>552</ymin>
            <xmax>1277</xmax>
            <ymax>575</ymax>
        </bndbox>
    </object>
    <object>
        <name>ex</name>
        <pose>Unspecified</pose>
        <truncated>0</truncated>
        <difficult>0</difficult>
        <bndbox>
            <xmin>1269</xmin>
            <ymin>520</ymin>
            <xmax>1319</xmax>
            <ymax>559</ymax>
        </bndbox>
    </object>
    <object>
        <name>ex</name>
        <pose>Unspecified</pose>
        <truncated>0</truncated>
        <difficult>0</difficult>
        <bndbox>
            <xmin>1279</xmin>
            <ymin>503</ymin>
            <xmax>1292</xmax>
            <ymax>512</ymax>
        </bndbox>
    </object>
    <object>
        <name>ex</name>
        <pose>Unspecified</pose>
        <truncated>0</truncated>
        <difficult>0</difficult>
        <bndbox>
            <xmin>1281</xmin>
            <ymin>582</ymin>
            <xmax>1289</xmax>
            <ymax>586</ymax>
        </bndbox>
    </object>
    <object>
        <name>ex</name>
        <pose>Unspecified</pose>
        <truncated>0</truncated>
        <difficult>0</difficult>
        <bndbox>
            <xmin>1291</xmin>
            <ymin>586</ymin>
            <xmax>1298</xmax>
            <ymax>592</ymax>
        </bndbox>
    </object>
    <object>
        <name>ex</name>
        <pose>Unspecified</pose>
        <truncated>0</truncated>
        <difficult>0</difficult>
        <bndbox>
            <xmin>1298</xmin>
            <ymin>569</ymin>
            <xmax>1320</xmax>
            <ymax>601</ymax>
        </bndbox>
    </object>
    <object>
        <name>ex</name>
        <pose>Unspecified</pose>
        <truncated>0</truncated>
        <difficult>0</difficult>
        <bndbox>
            <xmin>1307</xmin>
            <ymin>529</ymin>
            <xmax>1308</xmax>
            <ymax>532</ymax>
        </bndbox>
    </object>
    <object>
        <name>ex</name>
        <pose>Unspecified</pose>
        <truncated>0</truncated>
        <difficult>0</difficult>
        <bndbox>
            <xmin>1313</xmin>
            <ymin>498</ymin>
            <xmax>1318</xmax>
            <ymax>503</ymax>
        </bndbox>
    </object>
    <object>
        <name>ex</name>
        <pose>Unspecified</pose>
        <truncated>0</truncated>
        <difficult>0</difficult>
        <bndbox>
            <xmin>1331</xmin>
            <ymin>562</ymin>
            <xmax>1344</xmax>
            <ymax>582</ymax>
        </bndbox>
    </object>
    <object>
        <name>ex</name>
        <pose>Unspecified</pose>
        <truncated>0</truncated>
        <difficult>0</difficult>
        <bndbox>
            <xmin>1357</xmin>
            <ymin>509</ymin>
            <xmax>1358</xmax>
            <ymax>512</ymax>
        </bndbox>
    </object>
    <object>
        <name>ex</name>
        <pose>Unspecified</pose>
        <truncated>0</truncated>
        <difficult>0</difficult>
        <bndbox>
            <xmin>1360</xmin>
            <ymin>543</ymin>
            <xmax>1367</xmax>
            <ymax>548</ymax>
        </bndbox>
    </object>
    <object>
        <name>ex</name>
        <pose>Unspecified</pose>
        <truncated>0</truncated>
        <difficult>0</difficult>
        <bndbox>
            <xmin>1363</xmin>
            <ymin>519</ymin>
            <xmax>1365</xmax>
            <ymax>522</ymax>
        </bndbox>
    </object>
    <object>
        <name>ex</name>
        <pose>Unspecified</pose>
        <truncated>0</truncated>
        <difficult>0</difficult>
        <bndbox>
            <xmin>1363</xmin>
            <ymin>533</ymin>
            <xmax>1364</xmax>
            <ymax>536</ymax>
        </bndbox>
    </object>
    <object>
        <name>ma</name>
        <pose>Unspecified</pose>
        <truncated>0</truncated>
        <difficult>0</difficult>
        <bndbox>
            <xmin>644</xmin>
            <ymin>559</ymin>
            <xmax>651</xmax>
            <ymax>568</ymax>
        </bndbox>
    </object>
    <object>
        <name>ma</name>
        <pose>Unspecified</pose>
        <truncated>0</truncated>
        <difficult>0</difficult>
        <bndbox>
            <xmin>707</xmin>
            <ymin>542</ymin>
            <xmax>720</xmax>
            <ymax>552</ymax>
        </bndbox>
    </object>
    <object>
        <name>ma</name>
        <pose>Unspecified</pose>
        <truncated>0</truncated>
        <difficult>0</difficult>
        <bndbox>
            <xmin>717</xmin>
            <ymin>833</ymin>
            <xmax>723</xmax>
            <ymax>837</ymax>
        </bndbox>
    </object>
    <object>
        <name>ma</name>
        <pose>Unspecified</pose>
        <truncated>0</truncated>
        <difficult>0</difficult>
        <bndbox>
            <xmin>717</xmin>
            <ymin>847</ymin>
            <xmax>720</xmax>
            <ymax>852</ymax>
        </bndbox>
    </object>
    <object>
        <name>ma</name>
        <pose>Unspecified</pose>
        <truncated>0</truncated>
        <difficult>0</difficult>
        <bndbox>
            <xmin>719</xmin>
            <ymin>863</ymin>
            <xmax>731</xmax>
            <ymax>870</ymax>
        </bndbox>
    </object>
    <object>
        <name>ma</name>
        <pose>Unspecified</pose>
        <truncated>0</truncated>
        <difficult>0</difficult>
        <bndbox>
            <xmin>762</xmin>
            <ymin>492</ymin>
            <xmax>773</xmax>
            <ymax>496</ymax>
        </bndbox>
    </object>
    <object>
        <name>ma</name>
        <pose>Unspecified</pose>
        <truncated>0</truncated>
        <difficult>0</difficult>
        <bndbox>
            <xmin>1173</xmin>
            <ymin>711</ymin>
            <xmax>1178</xmax>
            <ymax>716</ymax>
        </bndbox>
    </object>
    <object>
        <name>ma</name>
        <pose>Unspecified</pose>
        <truncated>0</truncated>
        <difficult>0</difficult>
        <bndbox>
            <xmin>1188</xmin>
            <ymin>728</ymin>
            <xmax>1201</xmax>
            <ymax>744</ymax>
        </bndbox>
    </object>
    <object>
        <name>ma</name>
        <pose>Unspecified</pose>
        <truncated>0</truncated>
        <difficult>0</difficult>
        <bndbox>
            <xmin>1193</xmin>
            <ymin>753</ymin>
            <xmax>1203</xmax>
            <ymax>766</ymax>
        </bndbox>
    </object>
    <object>
        <name>ma</name>
        <pose>Unspecified</pose>
        <truncated>0</truncated>
        <difficult>0</difficult>
        <bndbox>
            <xmin>1206</xmin>
            <ymin>665</ymin>
            <xmax>1213</xmax>
            <ymax>671</ymax>
        </bndbox>
    </object>
    <object>
        <name>ma</name>
        <pose>Unspecified</pose>
        <truncated>0</truncated>
        <difficult>0</difficult>
        <bndbox>
            <xmin>1235</xmin>
            <ymin>761</ymin>
            <xmax>1245</xmax>
            <ymax>774</ymax>
        </bndbox>
    </object>
    <object>
        <name>ma</name>
        <pose>Unspecified</pose>
        <truncated>0</truncated>
        <difficult>0</difficult>
        <bndbox>
            <xmin>1272</xmin>
            <ymin>379</ymin>
            <xmax>1277</xmax>
            <ymax>384</ymax>
        </bndbox>
    </object>
    <object>
        <name>ma</name>
        <pose>Unspecified</pose>
        <truncated>0</truncated>
        <difficult>0</difficult>
        <bndbox>
            <xmin>1308</xmin>
            <ymin>698</ymin>
            <xmax>1317</xmax>
            <ymax>708</ymax>
        </bndbox>
    </object>
    <object>
        <name>he</name>
        <pose>Unspecified</pose>
        <truncated>0</truncated>
        <difficult>0</difficult>
        <bndbox>
            <xmin>1037</xmin>
            <ymin>922</ymin>
            <xmax>1053</xmax>
            <ymax>933</ymax>
        </bndbox>
    </object>
    <object>
        <name>he</name>
        <pose>Unspecified</pose>
        <truncated>0</truncated>
        <difficult>0</difficult>
        <bndbox>
            <xmin>1119</xmin>
            <ymin>816</ymin>
            <xmax>1140</xmax>
            <ymax>837</ymax>
        </bndbox>
    </object>
    <object>
        <name>he</name>
        <pose>Unspecified</pose>
        <truncated>0</truncated>
        <difficult>0</difficult>
        <bndbox>
            <xmin>1304</xmin>
            <ymin>777</ymin>
            <xmax>1332</xmax>
            <ymax>797</ymax>
        </bndbox>
    </object>
    <object>
        <name>he</name>
        <pose>Unspecified</pose>
        <truncated>0</truncated>
        <difficult>0</difficult>
        <bndbox>
            <xmin>1307</xmin>
            <ymin>469</ymin>
            <xmax>1341</xmax>
            <ymax>495</ymax>
        </bndbox>
    </object>
    <object>
        <name>he</name>
        <pose>Unspecified</pose>
        <truncated>0</truncated>
        <difficult>0</difficult>
        <bndbox>
            <xmin>1351</xmin>
            <ymin>442</ymin>
            <xmax>1373</xmax>
            <ymax>459</ymax>
        </bndbox>
    </object>
    <object>
        <name>he</name>
        <pose>Unspecified</pose>
        <truncated>0</truncated>
        <difficult>0</difficult>
        <bndbox>
            <xmin>1377</xmin>
            <ymin>443</ymin>
            <xmax>1383</xmax>
            <ymax>453</ymax>
        </bndbox>
    </object>
    <object>
        <name>he</name>
        <pose>Unspecified</pose>
        <truncated>0</truncated>
        <difficult>0</difficult>
        <bndbox>
            <xmin>1410</xmin>
            <ymin>479</ymin>
            <xmax>1433</xmax>
            <ymax>510</ymax>
        </bndbox>
    </object>
    <object>
        <name>he</name>
        <pose>Unspecified</pose>
        <truncated>0</truncated>
        <difficult>0</difficult>
        <bndbox>
            <xmin>1490</xmin>
            <ymin>680</ymin>
            <xmax>1515</xmax>
            <ymax>713</ymax>
        </bndbox>
    </object>
    <object>
        <name>ex</name>
        <pose>Unspecified</pose>
        <truncated>0</truncated>
        <difficult>0</difficult>
        <bndbox>
            <xmin>1242</xmin>
            <ymin>552</ymin>
            <xmax>1277</xmax>
            <ymax>575</ymax>
        </bndbox>
    </object>
    <object>
        <name>ex</name>
        <pose>Unspecified</pose>
        <truncated>0</truncated>
        <difficult>0</difficult>
        <bndbox>
            <xmin>1269</xmin>
            <ymin>520</ymin>
            <xmax>1319</xmax>
            <ymax>559</ymax>
        </bndbox>
    </object>
    <object>
        <name>ex</name>
        <pose>Unspecified</pose>
        <truncated>0</truncated>
        <difficult>0</difficult>
        <bndbox>
            <xmin>1279</xmin>
            <ymin>503</ymin>
            <xmax>1292</xmax>
            <ymax>512</ymax>
        </bndbox>
    </object>
    <object>
        <name>ex</name>
        <pose>Unspecified</pose>
        <truncated>0</truncated>
        <difficult>0</difficult>
        <bndbox>
            <xmin>1281</xmin>
            <ymin>582</ymin>
            <xmax>1289</xmax>
            <ymax>586</ymax>
        </bndbox>
    </object>
    <object>
        <name>ex</name>
        <pose>Unspecified</pose>
        <truncated>0</truncated>
        <difficult>0</difficult>
        <bndbox>
            <xmin>1291</xmin>
            <ymin>586</ymin>
            <xmax>1298</xmax>
            <ymax>592</ymax>
        </bndbox>
    </object>
    <object>
        <name>ex</name>
        <pose>Unspecified</pose>
        <truncated>0</truncated>
        <difficult>0</difficult>
        <bndbox>
            <xmin>1298</xmin>
            <ymin>569</ymin>
            <xmax>1320</xmax>
            <ymax>601</ymax>
        </bndbox>
    </object>
    <object>
        <name>ex</name>
        <pose>Unspecified</pose>
        <truncated>0</truncated>
        <difficult>0</difficult>
        <bndbox>
            <xmin>1307</xmin>
            <ymin>529</ymin>
            <xmax>1308</xmax>
            <ymax>532</ymax>
        </bndbox>
    </object>
    <object>
        <name>ex</name>
        <pose>Unspecified</pose>
        <truncated>0</truncated>
        <difficult>0</difficult>
        <bndbox>
            <xmin>1313</xmin>
            <ymin>498</ymin>
            <xmax>1318</xmax>
            <ymax>503</ymax>
        </bndbox>
    </object>
    <object>
        <name>ex</name>
        <pose>Unspecified</pose>
        <truncated>0</truncated>
        <difficult>0</difficult>
        <bndbox>
            <xmin>1331</xmin>
            <ymin>562</ymin>
            <xmax>1344</xmax>
            <ymax>582</ymax>
        </bndbox>
    </object>
    <object>
        <name>ex</name>
        <pose>Unspecified</pose>
        <truncated>0</truncated>
        <difficult>0</difficult>
        <bndbox>
            <xmin>1357</xmin>
            <ymin>509</ymin>
            <xmax>1358</xmax>
            <ymax>512</ymax>
        </bndbox>
    </object>
    <object>
        <name>ex</name>
        <pose>Unspecified</pose>
        <truncated>0</truncated>
        <difficult>0</difficult>
        <bndbox>
            <xmin>1360</xmin>
            <ymin>543</ymin>
            <xmax>1367</xmax>
            <ymax>548</ymax>
        </bndbox>
    </object>
    <object>
        <name>ex</name>
        <pose>Unspecified</pose>
        <truncated>0</truncated>
        <difficult>0</difficult>
        <bndbox>
            <xmin>1363</xmin>
            <ymin>519</ymin>
            <xmax>1365</xmax>
            <ymax>522</ymax>
        </bndbox>
    </object>
    <object>
        <name>ex</name>
        <pose>Unspecified</pose>
        <truncated>0</truncated>
        <difficult>0</difficult>
        <bndbox>
            <xmin>1363</xmin>
            <ymin>533</ymin>
            <xmax>1364</xmax>
            <ymax>536</ymax>
        </bndbox>
    </object>
</annotation>