<annotation>
    <folder>OurDataset</folder>
    <filename>007-5640-300.jpg</filename>
    <size>
        <width>1380</width>
        <height>1382</height>
        <depth>3</depth>
    </size>
    <object>
        <name>ex</name>
        <pose>Unspecified</pose>
        <truncated>0</truncated>
        <difficult>0</difficult>
        <bndbox>
            <xmin>353</xmin>
            <ymin>608</ymin>
            <xmax>357</xmax>
            <ymax>615</ymax>
        </bndbox>
    </object>
    <object>
        <name>ex</name>
        <pose>Unspecified</pose>
        <truncated>0</truncated>
        <difficult>0</difficult>
        <bndbox>
            <xmin>364</xmin>
            <ymin>576</ymin>
            <xmax>368</xmax>
            <ymax>580</ymax>
        </bndbox>
    </object>
    <object>
        <name>ex</name>
        <pose>Unspecified</pose>
        <truncated>0</truncated>
        <difficult>0</difficult>
        <bndbox>
            <xmin>368</xmin>
            <ymin>591</ymin>
            <xmax>377</xmax>
            <ymax>600</ymax>
        </bndbox>
    </object>
    <object>
        <name>ex</name>
        <pose>Unspecified</pose>
        <truncated>0</truncated>
        <difficult>0</difficult>
        <bndbox>
            <xmin>373</xmin>
            <ymin>624</ymin>
            <xmax>376</xmax>
            <ymax>627</ymax>
        </bndbox>
    </object>
    <object>
        <name>ex</name>
        <pose>Unspecified</pose>
        <truncated>0</truncated>
        <difficult>0</difficult>
        <bndbox>
            <xmin>384</xmin>
            <ymin>596</ymin>
            <xmax>390</xmax>
            <ymax>602</ymax>
        </bndbox>
    </object>
    <object>
        <name>ex</name>
        <pose>Unspecified</pose>
        <truncated>0</truncated>
        <difficult>0</difficult>
        <bndbox>
            <xmin>454</xmin>
            <ymin>963</ymin>
            <xmax>468</xmax>
            <ymax>981</ymax>
        </bndbox>
    </object>
    <object>
        <name>ex</name>
        <pose>Unspecified</pose>
        <truncated>0</truncated>
        <difficult>0</difficult>
        <bndbox>
            <xmin>496</xmin>
            <ymin>896</ymin>
            <xmax>501</xmax>
            <ymax>902</ymax>
        </bndbox>
    </object>
    <object>
        <name>ex</name>
        <pose>Unspecified</pose>
        <truncated>0</truncated>
        <difficult>0</difficult>
        <bndbox>
            <xmin>507</xmin>
            <ymin>891</ymin>
            <xmax>512</xmax>
            <ymax>899</ymax>
        </bndbox>
    </object>
    <object>
        <name>ex</name>
        <pose>Unspecified</pose>
        <truncated>0</truncated>
        <difficult>0</difficult>
        <bndbox>
            <xmin>516</xmin>
            <ymin>1037</ymin>
            <xmax>524</xmax>
            <ymax>1043</ymax>
        </bndbox>
    </object>
    <object>
        <name>ex</name>
        <pose>Unspecified</pose>
        <truncated>0</truncated>
        <difficult>0</difficult>
        <bndbox>
            <xmin>519</xmin>
            <ymin>934</ymin>
            <xmax>523</xmax>
            <ymax>939</ymax>
        </bndbox>
    </object>
    <object>
        <name>ex</name>
        <pose>Unspecified</pose>
        <truncated>0</truncated>
        <difficult>0</difficult>
        <bndbox>
            <xmin>519</xmin>
            <ymin>953</ymin>
            <xmax>525</xmax>
            <ymax>962</ymax>
        </bndbox>
    </object>
    <object>
        <name>ex</name>
        <pose>Unspecified</pose>
        <truncated>0</truncated>
        <difficult>0</difficult>
        <bndbox>
            <xmin>520</xmin>
            <ymin>826</ymin>
            <xmax>536</xmax>
            <ymax>850</ymax>
        </bndbox>
    </object>
    <object>
        <name>ex</name>
        <pose>Unspecified</pose>
        <truncated>0</truncated>
        <difficult>0</difficult>
        <bndbox>
            <xmin>523</xmin>
            <ymin>1027</ymin>
            <xmax>527</xmax>
            <ymax>1032</ymax>
        </bndbox>
    </object>
    <object>
        <name>ex</name>
        <pose>Unspecified</pose>
        <truncated>0</truncated>
        <difficult>0</difficult>
        <bndbox>
            <xmin>527</xmin>
            <ymin>758</ymin>
            <xmax>583</xmax>
            <ymax>811</ymax>
        </bndbox>
    </object>
    <object>
        <name>ex</name>
        <pose>Unspecified</pose>
        <truncated>0</truncated>
        <difficult>0</difficult>
        <bndbox>
            <xmin>532</xmin>
            <ymin>959</ymin>
            <xmax>535</xmax>
            <ymax>962</ymax>
        </bndbox>
    </object>
    <object>
        <name>ex</name>
        <pose>Unspecified</pose>
        <truncated>0</truncated>
        <difficult>0</difficult>
        <bndbox>
            <xmin>532</xmin>
            <ymin>986</ymin>
            <xmax>535</xmax>
            <ymax>988</ymax>
        </bndbox>
    </object>
    <object>
        <name>ex</name>
        <pose>Unspecified</pose>
        <truncated>0</truncated>
        <difficult>0</difficult>
        <bndbox>
            <xmin>534</xmin>
            <ymin>965</ymin>
            <xmax>547</xmax>
            <ymax>982</ymax>
        </bndbox>
    </object>
    <object>
        <name>ex</name>
        <pose>Unspecified</pose>
        <truncated>0</truncated>
        <difficult>0</difficult>
        <bndbox>
            <xmin>535</xmin>
            <ymin>467</ymin>
            <xmax>555</xmax>
            <ymax>506</ymax>
        </bndbox>
    </object>
    <object>
        <name>ex</name>
        <pose>Unspecified</pose>
        <truncated>0</truncated>
        <difficult>0</difficult>
        <bndbox>
            <xmin>536</xmin>
            <ymin>1011</ymin>
            <xmax>538</xmax>
            <ymax>1013</ymax>
        </bndbox>
    </object>
    <object>
        <name>ex</name>
        <pose>Unspecified</pose>
        <truncated>0</truncated>
        <difficult>0</difficult>
        <bndbox>
            <xmin>538</xmin>
            <ymin>926</ymin>
            <xmax>546</xmax>
            <ymax>930</ymax>
        </bndbox>
    </object>
    <object>
        <name>ex</name>
        <pose>Unspecified</pose>
        <truncated>0</truncated>
        <difficult>0</difficult>
        <bndbox>
            <xmin>538</xmin>
            <ymin>961</ymin>
            <xmax>543</xmax>
            <ymax>963</ymax>
        </bndbox>
    </object>
    <object>
        <name>ex</name>
        <pose>Unspecified</pose>
        <truncated>0</truncated>
        <difficult>0</difficult>
        <bndbox>
            <xmin>539</xmin>
            <ymin>819</ymin>
            <xmax>550</xmax>
            <ymax>842</ymax>
        </bndbox>
    </object>
    <object>
        <name>ex</name>
        <pose>Unspecified</pose>
        <truncated>0</truncated>
        <difficult>0</difficult>
        <bndbox>
            <xmin>547</xmin>
            <ymin>958</ymin>
            <xmax>552</xmax>
            <ymax>963</ymax>
        </bndbox>
    </object>
    <object>
        <name>ex</name>
        <pose>Unspecified</pose>
        <truncated>0</truncated>
        <difficult>0</difficult>
        <bndbox>
            <xmin>555</xmin>
            <ymin>936</ymin>
            <xmax>573</xmax>
            <ymax>958</ymax>
        </bndbox>
    </object>
    <object>
        <name>ex</name>
        <pose>Unspecified</pose>
        <truncated>0</truncated>
        <difficult>0</difficult>
        <bndbox>
            <xmin>558</xmin>
            <ymin>798</ymin>
            <xmax>562</xmax>
            <ymax>801</ymax>
        </bndbox>
    </object>
    <object>
        <name>ex</name>
        <pose>Unspecified</pose>
        <truncated>0</truncated>
        <difficult>0</difficult>
        <bndbox>
            <xmin>563</xmin>
            <ymin>806</ymin>
            <xmax>566</xmax>
            <ymax>807</ymax>
        </bndbox>
    </object>
    <object>
        <name>ex</name>
        <pose>Unspecified</pose>
        <truncated>0</truncated>
        <difficult>0</difficult>
        <bndbox>
            <xmin>567</xmin>
            <ymin>830</ymin>
            <xmax>605</xmax>
            <ymax>861</ymax>
        </bndbox>
    </object>
    <object>
        <name>ex</name>
        <pose>Unspecified</pose>
        <truncated>0</truncated>
        <difficult>0</difficult>
        <bndbox>
            <xmin>582</xmin>
            <ymin>971</ymin>
            <xmax>591</xmax>
            <ymax>984</ymax>
        </bndbox>
    </object>
    <object>
        <name>ex</name>
        <pose>Unspecified</pose>
        <truncated>0</truncated>
        <difficult>0</difficult>
        <bndbox>
            <xmin>583</xmin>
            <ymin>768</ymin>
            <xmax>598</xmax>
            <ymax>785</ymax>
        </bndbox>
    </object>
    <object>
        <name>ex</name>
        <pose>Unspecified</pose>
        <truncated>0</truncated>
        <difficult>0</difficult>
        <bndbox>
            <xmin>590</xmin>
            <ymin>863</ymin>
            <xmax>591</xmax>
            <ymax>865</ymax>
        </bndbox>
    </object>
    <object>
        <name>ex</name>
        <pose>Unspecified</pose>
        <truncated>0</truncated>
        <difficult>0</difficult>
        <bndbox>
            <xmin>630</xmin>
            <ymin>884</ymin>
            <xmax>639</xmax>
            <ymax>895</ymax>
        </bndbox>
    </object>
    <object>
        <name>ex</name>
        <pose>Unspecified</pose>
        <truncated>0</truncated>
        <difficult>0</difficult>
        <bndbox>
            <xmin>637</xmin>
            <ymin>865</ymin>
            <xmax>640</xmax>
            <ymax>869</ymax>
        </bndbox>
    </object>
    <object>
        <name>ex</name>
        <pose>Unspecified</pose>
        <truncated>0</truncated>
        <difficult>0</difficult>
        <bndbox>
            <xmin>637</xmin>
            <ymin>875</ymin>
            <xmax>641</xmax>
            <ymax>880</ymax>
        </bndbox>
    </object>
    <object>
        <name>ex</name>
        <pose>Unspecified</pose>
        <truncated>0</truncated>
        <difficult>0</difficult>
        <bndbox>
            <xmin>645</xmin>
            <ymin>884</ymin>
            <xmax>647</xmax>
            <ymax>887</ymax>
        </bndbox>
    </object>
    <object>
        <name>ex</name>
        <pose>Unspecified</pose>
        <truncated>0</truncated>
        <difficult>0</difficult>
        <bndbox>
            <xmin>652</xmin>
            <ymin>888</ymin>
            <xmax>661</xmax>
            <ymax>896</ymax>
        </bndbox>
    </object>
    <object>
        <name>ex</name>
        <pose>Unspecified</pose>
        <truncated>0</truncated>
        <difficult>0</difficult>
        <bndbox>
            <xmin>663</xmin>
            <ymin>880</ymin>
            <xmax>669</xmax>
            <ymax>888</ymax>
        </bndbox>
    </object>
    <object>
        <name>ex</name>
        <pose>Unspecified</pose>
        <truncated>0</truncated>
        <difficult>0</difficult>
        <bndbox>
            <xmin>664</xmin>
            <ymin>901</ymin>
            <xmax>672</xmax>
            <ymax>912</ymax>
        </bndbox>
    </object>
    <object>
        <name>ex</name>
        <pose>Unspecified</pose>
        <truncated>0</truncated>
        <difficult>0</difficult>
        <bndbox>
            <xmin>703</xmin>
            <ymin>1036</ymin>
            <xmax>714</xmax>
            <ymax>1041</ymax>
        </bndbox>
    </object>
    <object>
        <name>ex</name>
        <pose>Unspecified</pose>
        <truncated>0</truncated>
        <difficult>0</difficult>
        <bndbox>
            <xmin>721</xmin>
            <ymin>996</ymin>
            <xmax>735</xmax>
            <ymax>1010</ymax>
        </bndbox>
    </object>
    <object>
        <name>ex</name>
        <pose>Unspecified</pose>
        <truncated>0</truncated>
        <difficult>0</difficult>
        <bndbox>
            <xmin>754</xmin>
            <ymin>931</ymin>
            <xmax>768</xmax>
            <ymax>947</ymax>
        </bndbox>
    </object>
    <object>
        <name>ex</name>
        <pose>Unspecified</pose>
        <truncated>0</truncated>
        <difficult>0</difficult>
        <bndbox>
            <xmin>1243</xmin>
            <ymin>690</ymin>
            <xmax>1252</xmax>
            <ymax>697</ymax>
        </bndbox>
    </object>
    <object>
        <name>ex</name>
        <pose>Unspecified</pose>
        <truncated>0</truncated>
        <difficult>0</difficult>
        <bndbox>
            <xmin>1243</xmin>
            <ymin>698</ymin>
            <xmax>1244</xmax>
            <ymax>702</ymax>
        </bndbox>
    </object>
    <object>
        <name>ex</name>
        <pose>Unspecified</pose>
        <truncated>0</truncated>
        <difficult>0</difficult>
        <bndbox>
            <xmin>1243</xmin>
            <ymin>712</ymin>
            <xmax>1247</xmax>
            <ymax>715</ymax>
        </bndbox>
    </object>
    <object>
        <name>ex</name>
        <pose>Unspecified</pose>
        <truncated>0</truncated>
        <difficult>0</difficult>
        <bndbox>
            <xmin>1243</xmin>
            <ymin>748</ymin>
            <xmax>1248</xmax>
            <ymax>752</ymax>
        </bndbox>
    </object>
    <object>
        <name>ex</name>
        <pose>Unspecified</pose>
        <truncated>0</truncated>
        <difficult>0</difficult>
        <bndbox>
            <xmin>1245</xmin>
            <ymin>758</ymin>
            <xmax>1262</xmax>
            <ymax>764</ymax>
        </bndbox>
    </object>
    <object>
        <name>ex</name>
        <pose>Unspecified</pose>
        <truncated>0</truncated>
        <difficult>0</difficult>
        <bndbox>
            <xmin>1249</xmin>
            <ymin>653</ymin>
            <xmax>1260</xmax>
            <ymax>670</ymax>
        </bndbox>
    </object>
    <object>
        <name>ex</name>
        <pose>Unspecified</pose>
        <truncated>0</truncated>
        <difficult>0</difficult>
        <bndbox>
            <xmin>1256</xmin>
            <ymin>678</ymin>
            <xmax>1268</xmax>
            <ymax>689</ymax>
        </bndbox>
    </object>
    <object>
        <name>ex</name>
        <pose>Unspecified</pose>
        <truncated>0</truncated>
        <difficult>0</difficult>
        <bndbox>
            <xmin>1256</xmin>
            <ymin>711</ymin>
            <xmax>1258</xmax>
            <ymax>713</ymax>
        </bndbox>
    </object>
    <object>
        <name>ex</name>
        <pose>Unspecified</pose>
        <truncated>0</truncated>
        <difficult>0</difficult>
        <bndbox>
            <xmin>1259</xmin>
            <ymin>747</ymin>
            <xmax>1266</xmax>
            <ymax>751</ymax>
        </bndbox>
    </object>
    <object>
        <name>ex</name>
        <pose>Unspecified</pose>
        <truncated>0</truncated>
        <difficult>0</difficult>
        <bndbox>
            <xmin>1270</xmin>
            <ymin>659</ymin>
            <xmax>1272</xmax>
            <ymax>661</ymax>
        </bndbox>
    </object>
    <object>
        <name>ex</name>
        <pose>Unspecified</pose>
        <truncated>0</truncated>
        <difficult>0</difficult>
        <bndbox>
            <xmin>1272</xmin>
            <ymin>771</ymin>
            <xmax>1274</xmax>
            <ymax>774</ymax>
        </bndbox>
    </object>
    <object>
        <name>ex</name>
        <pose>Unspecified</pose>
        <truncated>0</truncated>
        <difficult>0</difficult>
        <bndbox>
            <xmin>1274</xmin>
            <ymin>671</ymin>
            <xmax>1278</xmax>
            <ymax>674</ymax>
        </bndbox>
    </object>
    <object>
        <name>ex</name>
        <pose>Unspecified</pose>
        <truncated>0</truncated>
        <difficult>0</difficult>
        <bndbox>
            <xmin>1280</xmin>
            <ymin>668</ymin>
            <xmax>1282</xmax>
            <ymax>669</ymax>
        </bndbox>
    </object>
    <object>
        <name>ex</name>
        <pose>Unspecified</pose>
        <truncated>0</truncated>
        <difficult>0</difficult>
        <bndbox>
            <xmin>1283</xmin>
            <ymin>653</ymin>
            <xmax>1286</xmax>
            <ymax>654</ymax>
        </bndbox>
    </object>
    <object>
        <name>ex</name>
        <pose>Unspecified</pose>
        <truncated>0</truncated>
        <difficult>0</difficult>
        <bndbox>
            <xmin>1295</xmin>
            <ymin>684</ymin>
            <xmax>1298</xmax>
            <ymax>686</ymax>
        </bndbox>
    </object>
    <object>
        <name>ex</name>
        <pose>Unspecified</pose>
        <truncated>0</truncated>
        <difficult>0</difficult>
        <bndbox>
            <xmin>1298</xmin>
            <ymin>665</ymin>
            <xmax>1309</xmax>
            <ymax>674</ymax>
        </bndbox>
    </object>
    <object>
        <name>ex</name>
        <pose>Unspecified</pose>
        <truncated>0</truncated>
        <difficult>0</difficult>
        <bndbox>
            <xmin>1310</xmin>
            <ymin>688</ymin>
            <xmax>1318</xmax>
            <ymax>696</ymax>
        </bndbox>
    </object>
    <object>
        <name>ex</name>
        <pose>Unspecified</pose>
        <truncated>0</truncated>
        <difficult>0</difficult>
        <bndbox>
            <xmin>1313</xmin>
            <ymin>676</ymin>
            <xmax>1314</xmax>
            <ymax>678</ymax>
        </bndbox>
    </object>
    <object>
        <name>ex</name>
        <pose>Unspecified</pose>
        <truncated>0</truncated>
        <difficult>0</difficult>
        <bndbox>
            <xmin>1314</xmin>
            <ymin>669</ymin>
            <xmax>1321</xmax>
            <ymax>674</ymax>
        </bndbox>
    </object>
    <object>
        <name>ex</name>
        <pose>Unspecified</pose>
        <truncated>0</truncated>
        <difficult>0</difficult>
        <bndbox>
            <xmin>1317</xmin>
            <ymin>704</ymin>
            <xmax>1326</xmax>
            <ymax>712</ymax>
        </bndbox>
    </object>
    <object>
        <name>ex</name>
        <pose>Unspecified</pose>
        <truncated>0</truncated>
        <difficult>0</difficult>
        <bndbox>
            <xmin>1318</xmin>
            <ymin>662</ymin>
            <xmax>1340</xmax>
            <ymax>685</ymax>
        </bndbox>
    </object>
    <object>
        <name>ex</name>
        <pose>Unspecified</pose>
        <truncated>0</truncated>
        <difficult>0</difficult>
        <bndbox>
            <xmin>1318</xmin>
            <ymin>744</ymin>
            <xmax>1321</xmax>
            <ymax>748</ymax>
        </bndbox>
    </object>
    <object>
        <name>se</name>
        <pose>Unspecified</pose>
        <truncated>0</truncated>
        <difficult>0</difficult>
        <bndbox>
            <xmin>473</xmin>
            <ymin>209</ymin>
            <xmax>581</xmax>
            <ymax>351</ymax>
        </bndbox>
    </object>
    <object>
        <name>ma</name>
        <pose>Unspecified</pose>
        <truncated>0</truncated>
        <difficult>0</difficult>
        <bndbox>
            <xmin>107</xmin>
            <ymin>747</ymin>
            <xmax>118</xmax>
            <ymax>758</ymax>
        </bndbox>
    </object>
    <object>
        <name>ma</name>
        <pose>Unspecified</pose>
        <truncated>0</truncated>
        <difficult>0</difficult>
        <bndbox>
            <xmin>294</xmin>
            <ymin>633</ymin>
            <xmax>306</xmax>
            <ymax>642</ymax>
        </bndbox>
    </object>
    <object>
        <name>ma</name>
        <pose>Unspecified</pose>
        <truncated>0</truncated>
        <difficult>0</difficult>
        <bndbox>
            <xmin>345</xmin>
            <ymin>583</ymin>
            <xmax>368</xmax>
            <ymax>596</ymax>
        </bndbox>
    </object>
    <object>
        <name>ma</name>
        <pose>Unspecified</pose>
        <truncated>0</truncated>
        <difficult>0</difficult>
        <bndbox>
            <xmin>456</xmin>
            <ymin>1018</ymin>
            <xmax>466</xmax>
            <ymax>1027</ymax>
        </bndbox>
    </object>
    <object>
        <name>ma</name>
        <pose>Unspecified</pose>
        <truncated>0</truncated>
        <difficult>0</difficult>
        <bndbox>
            <xmin>566</xmin>
            <ymin>242</ymin>
            <xmax>574</xmax>
            <ymax>249</ymax>
        </bndbox>
    </object>
    <object>
        <name>ma</name>
        <pose>Unspecified</pose>
        <truncated>0</truncated>
        <difficult>0</difficult>
        <bndbox>
            <xmin>590</xmin>
            <ymin>245</ymin>
            <xmax>598</xmax>
            <ymax>250</ymax>
        </bndbox>
    </object>
    <object>
        <name>ma</name>
        <pose>Unspecified</pose>
        <truncated>0</truncated>
        <difficult>0</difficult>
        <bndbox>
            <xmin>636</xmin>
            <ymin>969</ymin>
            <xmax>640</xmax>
            <ymax>971</ymax>
        </bndbox>
    </object>
    <object>
        <name>ma</name>
        <pose>Unspecified</pose>
        <truncated>0</truncated>
        <difficult>0</difficult>
        <bndbox>
            <xmin>639</xmin>
            <ymin>631</ymin>
            <xmax>644</xmax>
            <ymax>637</ymax>
        </bndbox>
    </object>
    <object>
        <name>ma</name>
        <pose>Unspecified</pose>
        <truncated>0</truncated>
        <difficult>0</difficult>
        <bndbox>
            <xmin>659</xmin>
            <ymin>1162</ymin>
            <xmax>668</xmax>
            <ymax>1169</ymax>
        </bndbox>
    </object>
    <object>
        <name>ma</name>
        <pose>Unspecified</pose>
        <truncated>0</truncated>
        <difficult>0</difficult>
        <bndbox>
            <xmin>687</xmin>
            <ymin>736</ymin>
            <xmax>690</xmax>
            <ymax>741</ymax>
        </bndbox>
    </object>
    <object>
        <name>ma</name>
        <pose>Unspecified</pose>
        <truncated>0</truncated>
        <difficult>0</difficult>
        <bndbox>
            <xmin>737</xmin>
            <ymin>900</ymin>
            <xmax>739</xmax>
            <ymax>904</ymax>
        </bndbox>
    </object>
    <object>
        <name>ma</name>
        <pose>Unspecified</pose>
        <truncated>0</truncated>
        <difficult>0</difficult>
        <bndbox>
            <xmin>746</xmin>
            <ymin>815</ymin>
            <xmax>750</xmax>
            <ymax>819</ymax>
        </bndbox>
    </object>
    <object>
        <name>ma</name>
        <pose>Unspecified</pose>
        <truncated>0</truncated>
        <difficult>0</difficult>
        <bndbox>
            <xmin>768</xmin>
            <ymin>1185</ymin>
            <xmax>777</xmax>
            <ymax>1191</ymax>
        </bndbox>
    </object>
    <object>
        <name>ma</name>
        <pose>Unspecified</pose>
        <truncated>0</truncated>
        <difficult>0</difficult>
        <bndbox>
            <xmin>800</xmin>
            <ymin>1204</ymin>
            <xmax>816</xmax>
            <ymax>1214</ymax>
        </bndbox>
    </object>
    <object>
        <name>ma</name>
        <pose>Unspecified</pose>
        <truncated>0</truncated>
        <difficult>0</difficult>
        <bndbox>
            <xmin>804</xmin>
            <ymin>1253</ymin>
            <xmax>817</xmax>
            <ymax>1263</ymax>
        </bndbox>
    </object>
    <object>
        <name>ma</name>
        <pose>Unspecified</pose>
        <truncated>0</truncated>
        <difficult>0</difficult>
        <bndbox>
            <xmin>857</xmin>
            <ymin>1222</ymin>
            <xmax>863</xmax>
            <ymax>1228</ymax>
        </bndbox>
    </object>
    <object>
        <name>ma</name>
        <pose>Unspecified</pose>
        <truncated>0</truncated>
        <difficult>0</difficult>
        <bndbox>
            <xmin>867</xmin>
            <ymin>1218</ymin>
            <xmax>879</xmax>
            <ymax>1232</ymax>
        </bndbox>
    </object>
    <object>
        <name>ma</name>
        <pose>Unspecified</pose>
        <truncated>0</truncated>
        <difficult>0</difficult>
        <bndbox>
            <xmin>878</xmin>
            <ymin>542</ymin>
            <xmax>894</xmax>
            <ymax>565</ymax>
        </bndbox>
    </object>
    <object>
        <name>ma</name>
        <pose>Unspecified</pose>
        <truncated>0</truncated>
        <difficult>0</difficult>
        <bndbox>
            <xmin>948</xmin>
            <ymin>957</ymin>
            <xmax>959</xmax>
            <ymax>965</ymax>
        </bndbox>
    </object>
    <object>
        <name>ma</name>
        <pose>Unspecified</pose>
        <truncated>0</truncated>
        <difficult>0</difficult>
        <bndbox>
            <xmin>982</xmin>
            <ymin>151</ymin>
            <xmax>987</xmax>
            <ymax>158</ymax>
        </bndbox>
    </object>
    <object>
        <name>ma</name>
        <pose>Unspecified</pose>
        <truncated>0</truncated>
        <difficult>0</difficult>
        <bndbox>
            <xmin>992</xmin>
            <ymin>1199</ymin>
            <xmax>995</xmax>
            <ymax>1200</ymax>
        </bndbox>
    </object>
    <object>
        <name>ma</name>
        <pose>Unspecified</pose>
        <truncated>0</truncated>
        <difficult>0</difficult>
        <bndbox>
            <xmin>997</xmin>
            <ymin>1197</ymin>
            <xmax>1005</xmax>
            <ymax>1206</ymax>
        </bndbox>
    </object>
    <object>
        <name>ma</name>
        <pose>Unspecified</pose>
        <truncated>0</truncated>
        <difficult>0</difficult>
        <bndbox>
            <xmin>1002</xmin>
            <ymin>121</ymin>
            <xmax>1011</xmax>
            <ymax>132</ymax>
        </bndbox>
    </object>
    <object>
        <name>ma</name>
        <pose>Unspecified</pose>
        <truncated>0</truncated>
        <difficult>0</difficult>
        <bndbox>
            <xmin>1034</xmin>
            <ymin>1087</ymin>
            <xmax>1042</xmax>
            <ymax>1094</ymax>
        </bndbox>
    </object>
    <object>
        <name>ma</name>
        <pose>Unspecified</pose>
        <truncated>0</truncated>
        <difficult>0</difficult>
        <bndbox>
            <xmin>1072</xmin>
            <ymin>1109</ymin>
            <xmax>1080</xmax>
            <ymax>1117</ymax>
        </bndbox>
    </object>
    <object>
        <name>ma</name>
        <pose>Unspecified</pose>
        <truncated>0</truncated>
        <difficult>0</difficult>
        <bndbox>
            <xmin>1128</xmin>
            <ymin>1049</ymin>
            <xmax>1131</xmax>
            <ymax>1052</ymax>
        </bndbox>
    </object>
    <object>
        <name>ma</name>
        <pose>Unspecified</pose>
        <truncated>0</truncated>
        <difficult>0</difficult>
        <bndbox>
            <xmin>1150</xmin>
            <ymin>1056</ymin>
            <xmax>1157</xmax>
            <ymax>1063</ymax>
        </bndbox>
    </object>
    <object>
        <name>ma</name>
        <pose>Unspecified</pose>
        <truncated>0</truncated>
        <difficult>0</difficult>
        <bndbox>
            <xmin>1165</xmin>
            <ymin>1048</ymin>
            <xmax>1169</xmax>
            <ymax>1054</ymax>
        </bndbox>
    </object>
    <object>
        <name>ma</name>
        <pose>Unspecified</pose>
        <truncated>0</truncated>
        <difficult>0</difficult>
        <bndbox>
            <xmin>1179</xmin>
            <ymin>1037</ymin>
            <xmax>1193</xmax>
            <ymax>1049</ymax>
        </bndbox>
    </object>
    <object>
        <name>ma</name>
        <pose>Unspecified</pose>
        <truncated>0</truncated>
        <difficult>0</difficult>
        <bndbox>
            <xmin>1184</xmin>
            <ymin>1049</ymin>
            <xmax>1192</xmax>
            <ymax>1058</ymax>
        </bndbox>
    </object>
    <object>
        <name>ma</name>
        <pose>Unspecified</pose>
        <truncated>0</truncated>
        <difficult>0</difficult>
        <bndbox>
            <xmin>1231</xmin>
            <ymin>306</ymin>
            <xmax>1236</xmax>
            <ymax>312</ymax>
        </bndbox>
    </object>
    <object>
        <name>ma</name>
        <pose>Unspecified</pose>
        <truncated>0</truncated>
        <difficult>0</difficult>
        <bndbox>
            <xmin>1343</xmin>
            <ymin>805</ymin>
            <xmax>1349</xmax>
            <ymax>815</ymax>
        </bndbox>
    </object>
    <object>
        <name>he</name>
        <pose>Unspecified</pose>
        <truncated>0</truncated>
        <difficult>0</difficult>
        <bndbox>
            <xmin>158</xmin>
            <ymin>1099</ymin>
            <xmax>220</xmax>
            <ymax>1158</ymax>
        </bndbox>
    </object>
    <object>
        <name>he</name>
        <pose>Unspecified</pose>
        <truncated>0</truncated>
        <difficult>0</difficult>
        <bndbox>
            <xmin>668</xmin>
            <ymin>953</ymin>
            <xmax>695</xmax>
            <ymax>984</ymax>
        </bndbox>
    </object>
    <object>
        <name>he</name>
        <pose>Unspecified</pose>
        <truncated>0</truncated>
        <difficult>0</difficult>
        <bndbox>
            <xmin>679</xmin>
            <ymin>990</ymin>
            <xmax>713</xmax>
            <ymax>1016</ymax>
        </bndbox>
    </object>
    <object>
        <name>he</name>
        <pose>Unspecified</pose>
        <truncated>0</truncated>
        <difficult>0</difficult>
        <bndbox>
            <xmin>757</xmin>
            <ymin>440</ymin>
            <xmax>827</xmax>
            <ymax>470</ymax>
        </bndbox>
    </object>
    <object>
        <name>he</name>
        <pose>Unspecified</pose>
        <truncated>0</truncated>
        <difficult>0</difficult>
        <bndbox>
            <xmin>1262</xmin>
            <ymin>694</ymin>
            <xmax>1294</xmax>
            <ymax>731</ymax>
        </bndbox>
    </object>
    <object>
        <name>ex</name>
        <pose>Unspecified</pose>
        <truncated>0</truncated>
        <difficult>0</difficult>
        <bndbox>
            <xmin>353</xmin>
            <ymin>608</ymin>
            <xmax>357</xmax>
            <ymax>615</ymax>
        </bndbox>
    </object>
    <object>
        <name>ex</name>
        <pose>Unspecified</pose>
        <truncated>0</truncated>
        <difficult>0</difficult>
        <bndbox>
            <xmin>364</xmin>
            <ymin>576</ymin>
            <xmax>368</xmax>
            <ymax>580</ymax>
        </bndbox>
    </object>
    <object>
        <name>ex</name>
        <pose>Unspecified</pose>
        <truncated>0</truncated>
        <difficult>0</difficult>
        <bndbox>
            <xmin>368</xmin>
            <ymin>591</ymin>
            <xmax>377</xmax>
            <ymax>600</ymax>
        </bndbox>
    </object>
    <object>
        <name>ex</name>
        <pose>Unspecified</pose>
        <truncated>0</truncated>
        <difficult>0</difficult>
        <bndbox>
            <xmin>373</xmin>
            <ymin>624</ymin>
            <xmax>376</xmax>
            <ymax>627</ymax>
        </bndbox>
    </object>
    <object>
        <name>ex</name>
        <pose>Unspecified</pose>
        <truncated>0</truncated>
        <difficult>0</difficult>
        <bndbox>
            <xmin>384</xmin>
            <ymin>596</ymin>
            <xmax>390</xmax>
            <ymax>602</ymax>
        </bndbox>
    </object>
    <object>
        <name>ex</name>
        <pose>Unspecified</pose>
        <truncated>0</truncated>
        <difficult>0</difficult>
        <bndbox>
            <xmin>454</xmin>
            <ymin>963</ymin>
            <xmax>468</xmax>
            <ymax>981</ymax>
        </bndbox>
    </object>
    <object>
        <name>ex</name>
        <pose>Unspecified</pose>
        <truncated>0</truncated>
        <difficult>0</difficult>
        <bndbox>
            <xmin>496</xmin>
            <ymin>896</ymin>
            <xmax>501</xmax>
            <ymax>902</ymax>
        </bndbox>
    </object>
    <object>
        <name>ex</name>
        <pose>Unspecified</pose>
        <truncated>0</truncated>
        <difficult>0</difficult>
        <bndbox>
            <xmin>507</xmin>
            <ymin>891</ymin>
            <xmax>512</xmax>
            <ymax>899</ymax>
        </bndbox>
    </object>
    <object>
        <name>ex</name>
        <pose>Unspecified</pose>
        <truncated>0</truncated>
        <difficult>0</difficult>
        <bndbox>
            <xmin>516</xmin>
            <ymin>1037</ymin>
            <xmax>524</xmax>
            <ymax>1043</ymax>
        </bndbox>
    </object>
    <object>
        <name>ex</name>
        <pose>Unspecified</pose>
        <truncated>0</truncated>
        <difficult>0</difficult>
        <bndbox>
            <xmin>519</xmin>
            <ymin>934</ymin>
            <xmax>523</xmax>
            <ymax>939</ymax>
        </bndbox>
    </object>
    <object>
        <name>ex</name>
        <pose>Unspecified</pose>
        <truncated>0</truncated>
        <difficult>0</difficult>
        <bndbox>
            <xmin>519</xmin>
            <ymin>953</ymin>
            <xmax>525</xmax>
            <ymax>962</ymax>
        </bndbox>
    </object>
    <object>
        <name>ex</name>
        <pose>Unspecified</pose>
        <truncated>0</truncated>
        <difficult>0</difficult>
        <bndbox>
            <xmin>520</xmin>
            <ymin>826</ymin>
            <xmax>536</xmax>
            <ymax>850</ymax>
        </bndbox>
    </object>
    <object>
        <name>ex</name>
        <pose>Unspecified</pose>
        <truncated>0</truncated>
        <difficult>0</difficult>
        <bndbox>
            <xmin>523</xmin>
            <ymin>1027</ymin>
            <xmax>527</xmax>
            <ymax>1032</ymax>
        </bndbox>
    </object>
    <object>
        <name>ex</name>
        <pose>Unspecified</pose>
        <truncated>0</truncated>
        <difficult>0</difficult>
        <bndbox>
            <xmin>527</xmin>
            <ymin>758</ymin>
            <xmax>583</xmax>
            <ymax>811</ymax>
        </bndbox>
    </object>
    <object>
        <name>ex</name>
        <pose>Unspecified</pose>
        <truncated>0</truncated>
        <difficult>0</difficult>
        <bndbox>
            <xmin>532</xmin>
            <ymin>959</ymin>
            <xmax>535</xmax>
            <ymax>962</ymax>
        </bndbox>
    </object>
    <object>
        <name>ex</name>
        <pose>Unspecified</pose>
        <truncated>0</truncated>
        <difficult>0</difficult>
        <bndbox>
            <xmin>532</xmin>
            <ymin>986</ymin>
            <xmax>535</xmax>
            <ymax>988</ymax>
        </bndbox>
    </object>
    <object>
        <name>ex</name>
        <pose>Unspecified</pose>
        <truncated>0</truncated>
        <difficult>0</difficult>
        <bndbox>
            <xmin>534</xmin>
            <ymin>965</ymin>
            <xmax>547</xmax>
            <ymax>982</ymax>
        </bndbox>
    </object>
    <object>
        <name>ex</name>
        <pose>Unspecified</pose>
        <truncated>0</truncated>
        <difficult>0</difficult>
        <bndbox>
            <xmin>535</xmin>
            <ymin>467</ymin>
            <xmax>555</xmax>
            <ymax>506</ymax>
        </bndbox>
    </object>
    <object>
        <name>ex</name>
        <pose>Unspecified</pose>
        <truncated>0</truncated>
        <difficult>0</difficult>
        <bndbox>
            <xmin>536</xmin>
            <ymin>1011</ymin>
            <xmax>538</xmax>
            <ymax>1013</ymax>
        </bndbox>
    </object>
    <object>
        <name>ex</name>
        <pose>Unspecified</pose>
        <truncated>0</truncated>
        <difficult>0</difficult>
        <bndbox>
            <xmin>538</xmin>
            <ymin>926</ymin>
            <xmax>546</xmax>
            <ymax>930</ymax>
        </bndbox>
    </object>
    <object>
        <name>ex</name>
        <pose>Unspecified</pose>
        <truncated>0</truncated>
        <difficult>0</difficult>
        <bndbox>
            <xmin>538</xmin>
            <ymin>961</ymin>
            <xmax>543</xmax>
            <ymax>963</ymax>
        </bndbox>
    </object>
    <object>
        <name>ex</name>
        <pose>Unspecified</pose>
        <truncated>0</truncated>
        <difficult>0</difficult>
        <bndbox>
            <xmin>539</xmin>
            <ymin>819</ymin>
            <xmax>550</xmax>
            <ymax>842</ymax>
        </bndbox>
    </object>
    <object>
        <name>ex</name>
        <pose>Unspecified</pose>
        <truncated>0</truncated>
        <difficult>0</difficult>
        <bndbox>
            <xmin>547</xmin>
            <ymin>958</ymin>
            <xmax>552</xmax>
            <ymax>963</ymax>
        </bndbox>
    </object>
    <object>
        <name>ex</name>
        <pose>Unspecified</pose>
        <truncated>0</truncated>
        <difficult>0</difficult>
        <bndbox>
            <xmin>555</xmin>
            <ymin>936</ymin>
            <xmax>573</xmax>
            <ymax>958</ymax>
        </bndbox>
    </object>
    <object>
        <name>ex</name>
        <pose>Unspecified</pose>
        <truncated>0</truncated>
        <difficult>0</difficult>
        <bndbox>
            <xmin>558</xmin>
            <ymin>798</ymin>
            <xmax>562</xmax>
            <ymax>801</ymax>
        </bndbox>
    </object>
    <object>
        <name>ex</name>
        <pose>Unspecified</pose>
        <truncated>0</truncated>
        <difficult>0</difficult>
        <bndbox>
            <xmin>563</xmin>
            <ymin>806</ymin>
            <xmax>566</xmax>
            <ymax>807</ymax>
        </bndbox>
    </object>
    <object>
        <name>ex</name>
        <pose>Unspecified</pose>
        <truncated>0</truncated>
        <difficult>0</difficult>
        <bndbox>
            <xmin>567</xmin>
            <ymin>830</ymin>
            <xmax>605</xmax>
            <ymax>861</ymax>
        </bndbox>
    </object>
    <object>
        <name>ex</name>
        <pose>Unspecified</pose>
        <truncated>0</truncated>
        <difficult>0</difficult>
        <bndbox>
            <xmin>582</xmin>
            <ymin>971</ymin>
            <xmax>591</xmax>
            <ymax>984</ymax>
        </bndbox>
    </object>
    <object>
        <name>ex</name>
        <pose>Unspecified</pose>
        <truncated>0</truncated>
        <difficult>0</difficult>
        <bndbox>
            <xmin>583</xmin>
            <ymin>768</ymin>
            <xmax>598</xmax>
            <ymax>785</ymax>
        </bndbox>
    </object>
    <object>
        <name>ex</name>
        <pose>Unspecified</pose>
        <truncated>0</truncated>
        <difficult>0</difficult>
        <bndbox>
            <xmin>590</xmin>
            <ymin>863</ymin>
            <xmax>591</xmax>
            <ymax>865</ymax>
        </bndbox>
    </object>
    <object>
        <name>ex</name>
        <pose>Unspecified</pose>
        <truncated>0</truncated>
        <difficult>0</difficult>
        <bndbox>
            <xmin>630</xmin>
            <ymin>884</ymin>
            <xmax>639</xmax>
            <ymax>895</ymax>
        </bndbox>
    </object>
    <object>
        <name>ex</name>
        <pose>Unspecified</pose>
        <truncated>0</truncated>
        <difficult>0</difficult>
        <bndbox>
            <xmin>637</xmin>
            <ymin>865</ymin>
            <xmax>640</xmax>
            <ymax>869</ymax>
        </bndbox>
    </object>
    <object>
        <name>ex</name>
        <pose>Unspecified</pose>
        <truncated>0</truncated>
        <difficult>0</difficult>
        <bndbox>
            <xmin>637</xmin>
            <ymin>875</ymin>
            <xmax>641</xmax>
            <ymax>880</ymax>
        </bndbox>
    </object>
    <object>
        <name>ex</name>
        <pose>Unspecified</pose>
        <truncated>0</truncated>
        <difficult>0</difficult>
        <bndbox>
            <xmin>645</xmin>
            <ymin>884</ymin>
            <xmax>647</xmax>
            <ymax>887</ymax>
        </bndbox>
    </object>
    <object>
        <name>ex</name>
        <pose>Unspecified</pose>
        <truncated>0</truncated>
        <difficult>0</difficult>
        <bndbox>
            <xmin>652</xmin>
            <ymin>888</ymin>
            <xmax>661</xmax>
            <ymax>896</ymax>
        </bndbox>
    </object>
    <object>
        <name>ex</name>
        <pose>Unspecified</pose>
        <truncated>0</truncated>
        <difficult>0</difficult>
        <bndbox>
            <xmin>663</xmin>
            <ymin>880</ymin>
            <xmax>669</xmax>
            <ymax>888</ymax>
        </bndbox>
    </object>
    <object>
        <name>ex</name>
        <pose>Unspecified</pose>
        <truncated>0</truncated>
        <difficult>0</difficult>
        <bndbox>
            <xmin>664</xmin>
            <ymin>901</ymin>
            <xmax>672</xmax>
            <ymax>912</ymax>
        </bndbox>
    </object>
    <object>
        <name>ex</name>
        <pose>Unspecified</pose>
        <truncated>0</truncated>
        <difficult>0</difficult>
        <bndbox>
            <xmin>703</xmin>
            <ymin>1036</ymin>
            <xmax>714</xmax>
            <ymax>1041</ymax>
        </bndbox>
    </object>
    <object>
        <name>ex</name>
        <pose>Unspecified</pose>
        <truncated>0</truncated>
        <difficult>0</difficult>
        <bndbox>
            <xmin>721</xmin>
            <ymin>996</ymin>
            <xmax>735</xmax>
            <ymax>1010</ymax>
        </bndbox>
    </object>
    <object>
        <name>ex</name>
        <pose>Unspecified</pose>
        <truncated>0</truncated>
        <difficult>0</difficult>
        <bndbox>
            <xmin>754</xmin>
            <ymin>931</ymin>
            <xmax>768</xmax>
            <ymax>947</ymax>
        </bndbox>
    </object>
    <object>
        <name>ex</name>
        <pose>Unspecified</pose>
        <truncated>0</truncated>
        <difficult>0</difficult>
        <bndbox>
            <xmin>1243</xmin>
            <ymin>690</ymin>
            <xmax>1252</xmax>
            <ymax>697</ymax>
        </bndbox>
    </object>
    <object>
        <name>ex</name>
        <pose>Unspecified</pose>
        <truncated>0</truncated>
        <difficult>0</difficult>
        <bndbox>
            <xmin>1243</xmin>
            <ymin>698</ymin>
            <xmax>1244</xmax>
            <ymax>702</ymax>
        </bndbox>
    </object>
    <object>
        <name>ex</name>
        <pose>Unspecified</pose>
        <truncated>0</truncated>
        <difficult>0</difficult>
        <bndbox>
            <xmin>1243</xmin>
            <ymin>712</ymin>
            <xmax>1247</xmax>
            <ymax>715</ymax>
        </bndbox>
    </object>
    <object>
        <name>ex</name>
        <pose>Unspecified</pose>
        <truncated>0</truncated>
        <difficult>0</difficult>
        <bndbox>
            <xmin>1243</xmin>
            <ymin>748</ymin>
            <xmax>1248</xmax>
            <ymax>752</ymax>
        </bndbox>
    </object>
    <object>
        <name>ex</name>
        <pose>Unspecified</pose>
        <truncated>0</truncated>
        <difficult>0</difficult>
        <bndbox>
            <xmin>1245</xmin>
            <ymin>758</ymin>
            <xmax>1262</xmax>
            <ymax>764</ymax>
        </bndbox>
    </object>
    <object>
        <name>ex</name>
        <pose>Unspecified</pose>
        <truncated>0</truncated>
        <difficult>0</difficult>
        <bndbox>
            <xmin>1249</xmin>
            <ymin>653</ymin>
            <xmax>1260</xmax>
            <ymax>670</ymax>
        </bndbox>
    </object>
    <object>
        <name>ex</name>
        <pose>Unspecified</pose>
        <truncated>0</truncated>
        <difficult>0</difficult>
        <bndbox>
            <xmin>1256</xmin>
            <ymin>678</ymin>
            <xmax>1268</xmax>
            <ymax>689</ymax>
        </bndbox>
    </object>
    <object>
        <name>ex</name>
        <pose>Unspecified</pose>
        <truncated>0</truncated>
        <difficult>0</difficult>
        <bndbox>
            <xmin>1256</xmin>
            <ymin>711</ymin>
            <xmax>1258</xmax>
            <ymax>713</ymax>
        </bndbox>
    </object>
    <object>
        <name>ex</name>
        <pose>Unspecified</pose>
        <truncated>0</truncated>
        <difficult>0</difficult>
        <bndbox>
            <xmin>1259</xmin>
            <ymin>747</ymin>
            <xmax>1266</xmax>
            <ymax>751</ymax>
        </bndbox>
    </object>
    <object>
        <name>ex</name>
        <pose>Unspecified</pose>
        <truncated>0</truncated>
        <difficult>0</difficult>
        <bndbox>
            <xmin>1270</xmin>
            <ymin>659</ymin>
            <xmax>1272</xmax>
            <ymax>661</ymax>
        </bndbox>
    </object>
    <object>
        <name>ex</name>
        <pose>Unspecified</pose>
        <truncated>0</truncated>
        <difficult>0</difficult>
        <bndbox>
            <xmin>1272</xmin>
            <ymin>771</ymin>
            <xmax>1274</xmax>
            <ymax>774</ymax>
        </bndbox>
    </object>
    <object>
        <name>ex</name>
        <pose>Unspecified</pose>
        <truncated>0</truncated>
        <difficult>0</difficult>
        <bndbox>
            <xmin>1274</xmin>
            <ymin>671</ymin>
            <xmax>1278</xmax>
            <ymax>674</ymax>
        </bndbox>
    </object>
    <object>
        <name>ex</name>
        <pose>Unspecified</pose>
        <truncated>0</truncated>
        <difficult>0</difficult>
        <bndbox>
            <xmin>1280</xmin>
            <ymin>668</ymin>
            <xmax>1282</xmax>
            <ymax>669</ymax>
        </bndbox>
    </object>
    <object>
        <name>ex</name>
        <pose>Unspecified</pose>
        <truncated>0</truncated>
        <difficult>0</difficult>
        <bndbox>
            <xmin>1283</xmin>
            <ymin>653</ymin>
            <xmax>1286</xmax>
            <ymax>654</ymax>
        </bndbox>
    </object>
    <object>
        <name>ex</name>
        <pose>Unspecified</pose>
        <truncated>0</truncated>
        <difficult>0</difficult>
        <bndbox>
            <xmin>1295</xmin>
            <ymin>684</ymin>
            <xmax>1298</xmax>
            <ymax>686</ymax>
        </bndbox>
    </object>
    <object>
        <name>ex</name>
        <pose>Unspecified</pose>
        <truncated>0</truncated>
        <difficult>0</difficult>
        <bndbox>
            <xmin>1298</xmin>
            <ymin>665</ymin>
            <xmax>1309</xmax>
            <ymax>674</ymax>
        </bndbox>
    </object>
    <object>
        <name>ex</name>
        <pose>Unspecified</pose>
        <truncated>0</truncated>
        <difficult>0</difficult>
        <bndbox>
            <xmin>1310</xmin>
            <ymin>688</ymin>
            <xmax>1318</xmax>
            <ymax>696</ymax>
        </bndbox>
    </object>
    <object>
        <name>ex</name>
        <pose>Unspecified</pose>
        <truncated>0</truncated>
        <difficult>0</difficult>
        <bndbox>
            <xmin>1313</xmin>
            <ymin>676</ymin>
            <xmax>1314</xmax>
            <ymax>678</ymax>
        </bndbox>
    </object>
    <object>
        <name>ex</name>
        <pose>Unspecified</pose>
        <truncated>0</truncated>
        <difficult>0</difficult>
        <bndbox>
            <xmin>1314</xmin>
            <ymin>669</ymin>
            <xmax>1321</xmax>
            <ymax>674</ymax>
        </bndbox>
    </object>
    <object>
        <name>ex</name>
        <pose>Unspecified</pose>
        <truncated>0</truncated>
        <difficult>0</difficult>
        <bndbox>
            <xmin>1317</xmin>
            <ymin>704</ymin>
            <xmax>1326</xmax>
            <ymax>712</ymax>
        </bndbox>
    </object>
    <object>
        <name>ex</name>
        <pose>Unspecified</pose>
        <truncated>0</truncated>
        <difficult>0</difficult>
        <bndbox>
            <xmin>1318</xmin>
            <ymin>662</ymin>
            <xmax>1340</xmax>
            <ymax>685</ymax>
        </bndbox>
    </object>
    <object>
        <name>ex</name>
        <pose>Unspecified</pose>
        <truncated>0</truncated>
        <difficult>0</difficult>
        <bndbox>
            <xmin>1318</xmin>
            <ymin>744</ymin>
            <xmax>1321</xmax>
            <ymax>748</ymax>
        </bndbox>
    </object>
    <object>
        <name>se</name>
        <pose>Unspecified</pose>
        <truncated>0</truncated>
        <difficult>0</difficult>
        <bndbox>
            <xmin>473</xmin>
            <ymin>209</ymin>
            <xmax>581</xmax>
            <ymax>351</ymax>
        </bndbox>
    </object>
    <object>
        <name>ma</name>
        <pose>Unspecified</pose>
        <truncated>0</truncated>
        <difficult>0</difficult>
        <bndbox>
            <xmin>107</xmin>
            <ymin>747</ymin>
            <xmax>118</xmax>
            <ymax>758</ymax>
        </bndbox>
    </object>
    <object>
        <name>ma</name>
        <pose>Unspecified</pose>
        <truncated>0</truncated>
        <difficult>0</difficult>
        <bndbox>
            <xmin>294</xmin>
            <ymin>633</ymin>
            <xmax>306</xmax>
            <ymax>642</ymax>
        </bndbox>
    </object>
    <object>
        <name>ma</name>
        <pose>Unspecified</pose>
        <truncated>0</truncated>
        <difficult>0</difficult>
        <bndbox>
            <xmin>345</xmin>
            <ymin>583</ymin>
            <xmax>368</xmax>
            <ymax>596</ymax>
        </bndbox>
    </object>
    <object>
        <name>ma</name>
        <pose>Unspecified</pose>
        <truncated>0</truncated>
        <difficult>0</difficult>
        <bndbox>
            <xmin>456</xmin>
            <ymin>1018</ymin>
            <xmax>466</xmax>
            <ymax>1027</ymax>
        </bndbox>
    </object>
    <object>
        <name>ma</name>
        <pose>Unspecified</pose>
        <truncated>0</truncated>
        <difficult>0</difficult>
        <bndbox>
            <xmin>566</xmin>
            <ymin>242</ymin>
            <xmax>574</xmax>
            <ymax>249</ymax>
        </bndbox>
    </object>
    <object>
        <name>ma</name>
        <pose>Unspecified</pose>
        <truncated>0</truncated>
        <difficult>0</difficult>
        <bndbox>
            <xmin>590</xmin>
            <ymin>245</ymin>
            <xmax>598</xmax>
            <ymax>250</ymax>
        </bndbox>
    </object>
    <object>
        <name>ma</name>
        <pose>Unspecified</pose>
        <truncated>0</truncated>
        <difficult>0</difficult>
        <bndbox>
            <xmin>636</xmin>
            <ymin>969</ymin>
            <xmax>640</xmax>
            <ymax>971</ymax>
        </bndbox>
    </object>
    <object>
        <name>ma</name>
        <pose>Unspecified</pose>
        <truncated>0</truncated>
        <difficult>0</difficult>
        <bndbox>
            <xmin>639</xmin>
            <ymin>631</ymin>
            <xmax>644</xmax>
            <ymax>637</ymax>
        </bndbox>
    </object>
    <object>
        <name>ma</name>
        <pose>Unspecified</pose>
        <truncated>0</truncated>
        <difficult>0</difficult>
        <bndbox>
            <xmin>659</xmin>
            <ymin>1162</ymin>
            <xmax>668</xmax>
            <ymax>1169</ymax>
        </bndbox>
    </object>
    <object>
        <name>ma</name>
        <pose>Unspecified</pose>
        <truncated>0</truncated>
        <difficult>0</difficult>
        <bndbox>
            <xmin>687</xmin>
            <ymin>736</ymin>
            <xmax>690</xmax>
            <ymax>741</ymax>
        </bndbox>
    </object>
    <object>
        <name>ma</name>
        <pose>Unspecified</pose>
        <truncated>0</truncated>
        <difficult>0</difficult>
        <bndbox>
            <xmin>737</xmin>
            <ymin>900</ymin>
            <xmax>739</xmax>
            <ymax>904</ymax>
        </bndbox>
    </object>
    <object>
        <name>ma</name>
        <pose>Unspecified</pose>
        <truncated>0</truncated>
        <difficult>0</difficult>
        <bndbox>
            <xmin>746</xmin>
            <ymin>815</ymin>
            <xmax>750</xmax>
            <ymax>819</ymax>
        </bndbox>
    </object>
    <object>
        <name>ma</name>
        <pose>Unspecified</pose>
        <truncated>0</truncated>
        <difficult>0</difficult>
        <bndbox>
            <xmin>768</xmin>
            <ymin>1185</ymin>
            <xmax>777</xmax>
            <ymax>1191</ymax>
        </bndbox>
    </object>
    <object>
        <name>ma</name>
        <pose>Unspecified</pose>
        <truncated>0</truncated>
        <difficult>0</difficult>
        <bndbox>
            <xmin>800</xmin>
            <ymin>1204</ymin>
            <xmax>816</xmax>
            <ymax>1214</ymax>
        </bndbox>
    </object>
    <object>
        <name>ma</name>
        <pose>Unspecified</pose>
        <truncated>0</truncated>
        <difficult>0</difficult>
        <bndbox>
            <xmin>804</xmin>
            <ymin>1253</ymin>
            <xmax>817</xmax>
            <ymax>1263</ymax>
        </bndbox>
    </object>
    <object>
        <name>ma</name>
        <pose>Unspecified</pose>
        <truncated>0</truncated>
        <difficult>0</difficult>
        <bndbox>
            <xmin>857</xmin>
            <ymin>1222</ymin>
            <xmax>863</xmax>
            <ymax>1228</ymax>
        </bndbox>
    </object>
    <object>
        <name>ma</name>
        <pose>Unspecified</pose>
        <truncated>0</truncated>
        <difficult>0</difficult>
        <bndbox>
            <xmin>867</xmin>
            <ymin>1218</ymin>
            <xmax>879</xmax>
            <ymax>1232</ymax>
        </bndbox>
    </object>
    <object>
        <name>ma</name>
        <pose>Unspecified</pose>
        <truncated>0</truncated>
        <difficult>0</difficult>
        <bndbox>
            <xmin>878</xmin>
            <ymin>542</ymin>
            <xmax>894</xmax>
            <ymax>565</ymax>
        </bndbox>
    </object>
    <object>
        <name>ma</name>
        <pose>Unspecified</pose>
        <truncated>0</truncated>
        <difficult>0</difficult>
        <bndbox>
            <xmin>948</xmin>
            <ymin>957</ymin>
            <xmax>959</xmax>
            <ymax>965</ymax>
        </bndbox>
    </object>
    <object>
        <name>ma</name>
        <pose>Unspecified</pose>
        <truncated>0</truncated>
        <difficult>0</difficult>
        <bndbox>
            <xmin>982</xmin>
            <ymin>151</ymin>
            <xmax>987</xmax>
            <ymax>158</ymax>
        </bndbox>
    </object>
    <object>
        <name>ma</name>
        <pose>Unspecified</pose>
        <truncated>0</truncated>
        <difficult>0</difficult>
        <bndbox>
            <xmin>992</xmin>
            <ymin>1199</ymin>
            <xmax>995</xmax>
            <ymax>1200</ymax>
        </bndbox>
    </object>
    <object>
        <name>ma</name>
        <pose>Unspecified</pose>
        <truncated>0</truncated>
        <difficult>0</difficult>
        <bndbox>
            <xmin>997</xmin>
            <ymin>1197</ymin>
            <xmax>1005</xmax>
            <ymax>1206</ymax>
        </bndbox>
    </object>
    <object>
        <name>ma</name>
        <pose>Unspecified</pose>
        <truncated>0</truncated>
        <difficult>0</difficult>
        <bndbox>
            <xmin>1002</xmin>
            <ymin>121</ymin>
            <xmax>1011</xmax>
            <ymax>132</ymax>
        </bndbox>
    </object>
    <object>
        <name>ma</name>
        <pose>Unspecified</pose>
        <truncated>0</truncated>
        <difficult>0</difficult>
        <bndbox>
            <xmin>1034</xmin>
            <ymin>1087</ymin>
            <xmax>1042</xmax>
            <ymax>1094</ymax>
        </bndbox>
    </object>
    <object>
        <name>ma</name>
        <pose>Unspecified</pose>
        <truncated>0</truncated>
        <difficult>0</difficult>
        <bndbox>
            <xmin>1072</xmin>
            <ymin>1109</ymin>
            <xmax>1080</xmax>
            <ymax>1117</ymax>
        </bndbox>
    </object>
    <object>
        <name>ma</name>
        <pose>Unspecified</pose>
        <truncated>0</truncated>
        <difficult>0</difficult>
        <bndbox>
            <xmin>1128</xmin>
            <ymin>1049</ymin>
            <xmax>1131</xmax>
            <ymax>1052</ymax>
        </bndbox>
    </object>
    <object>
        <name>ma</name>
        <pose>Unspecified</pose>
        <truncated>0</truncated>
        <difficult>0</difficult>
        <bndbox>
            <xmin>1150</xmin>
            <ymin>1056</ymin>
            <xmax>1157</xmax>
            <ymax>1063</ymax>
        </bndbox>
    </object>
    <object>
        <name>ma</name>
        <pose>Unspecified</pose>
        <truncated>0</truncated>
        <difficult>0</difficult>
        <bndbox>
            <xmin>1165</xmin>
            <ymin>1048</ymin>
            <xmax>1169</xmax>
            <ymax>1054</ymax>
        </bndbox>
    </object>
    <object>
        <name>ma</name>
        <pose>Unspecified</pose>
        <truncated>0</truncated>
        <difficult>0</difficult>
        <bndbox>
            <xmin>1179</xmin>
            <ymin>1037</ymin>
            <xmax>1193</xmax>
            <ymax>1049</ymax>
        </bndbox>
    </object>
    <object>
        <name>ma</name>
        <pose>Unspecified</pose>
        <truncated>0</truncated>
        <difficult>0</difficult>
        <bndbox>
            <xmin>1184</xmin>
            <ymin>1049</ymin>
            <xmax>1192</xmax>
            <ymax>1058</ymax>
        </bndbox>
    </object>
    <object>
        <name>ma</name>
        <pose>Unspecified</pose>
        <truncated>0</truncated>
        <difficult>0</difficult>
        <bndbox>
            <xmin>1231</xmin>
            <ymin>306</ymin>
            <xmax>1236</xmax>
            <ymax>312</ymax>
        </bndbox>
    </object>
    <object>
        <name>ma</name>
        <pose>Unspecified</pose>
        <truncated>0</truncated>
        <difficult>0</difficult>
        <bndbox>
            <xmin>1343</xmin>
            <ymin>805</ymin>
            <xmax>1349</xmax>
            <ymax>815</ymax>
        </bndbox>
    </object>
    <object>
        <name>he</name>
        <pose>Unspecified</pose>
        <truncated>0</truncated>
        <difficult>0</difficult>
        <bndbox>
            <xmin>158</xmin>
            <ymin>1099</ymin>
            <xmax>220</xmax>
            <ymax>1158</ymax>
        </bndbox>
    </object>
    <object>
        <name>he</name>
        <pose>Unspecified</pose>
        <truncated>0</truncated>
        <difficult>0</difficult>
        <bndbox>
            <xmin>668</xmin>
            <ymin>953</ymin>
            <xmax>695</xmax>
            <ymax>984</ymax>
        </bndbox>
    </object>
    <object>
        <name>he</name>
        <pose>Unspecified</pose>
        <truncated>0</truncated>
        <difficult>0</difficult>
        <bndbox>
            <xmin>679</xmin>
            <ymin>990</ymin>
            <xmax>713</xmax>
            <ymax>1016</ymax>
        </bndbox>
    </object>
    <object>
        <name>he</name>
        <pose>Unspecified</pose>
        <truncated>0</truncated>
        <difficult>0</difficult>
        <bndbox>
            <xmin>757</xmin>
            <ymin>440</ymin>
            <xmax>827</xmax>
            <ymax>470</ymax>
        </bndbox>
    </object>
    <object>
        <name>he</name>
        <pose>Unspecified</pose>
        <truncated>0</truncated>
        <difficult>0</difficult>
        <bndbox>
            <xmin>1262</xmin>
            <ymin>694</ymin>
            <xmax>1294</xmax>
            <ymax>731</ymax>
        </bndbox>
    </object>
    <object>
        <name>ex</name>
        <pose>Unspecified</pose>
        <truncated>0</truncated>
        <difficult>0</difficult>
        <bndbox>
            <xmin>353</xmin>
            <ymin>608</ymin>
            <xmax>357</xmax>
            <ymax>615</ymax>
        </bndbox>
    </object>
    <object>
        <name>ex</name>
        <pose>Unspecified</pose>
        <truncated>0</truncated>
        <difficult>0</difficult>
        <bndbox>
            <xmin>364</xmin>
            <ymin>576</ymin>
            <xmax>368</xmax>
            <ymax>580</ymax>
        </bndbox>
    </object>
    <object>
        <name>ex</name>
        <pose>Unspecified</pose>
        <truncated>0</truncated>
        <difficult>0</difficult>
        <bndbox>
            <xmin>368</xmin>
            <ymin>591</ymin>
            <xmax>377</xmax>
            <ymax>600</ymax>
        </bndbox>
    </object>
    <object>
        <name>ex</name>
        <pose>Unspecified</pose>
        <truncated>0</truncated>
        <difficult>0</difficult>
        <bndbox>
            <xmin>373</xmin>
            <ymin>624</ymin>
            <xmax>376</xmax>
            <ymax>627</ymax>
        </bndbox>
    </object>
    <object>
        <name>ex</name>
        <pose>Unspecified</pose>
        <truncated>0</truncated>
        <difficult>0</difficult>
        <bndbox>
            <xmin>384</xmin>
            <ymin>596</ymin>
            <xmax>390</xmax>
            <ymax>602</ymax>
        </bndbox>
    </object>
    <object>
        <name>ex</name>
        <pose>Unspecified</pose>
        <truncated>0</truncated>
        <difficult>0</difficult>
        <bndbox>
            <xmin>454</xmin>
            <ymin>963</ymin>
            <xmax>468</xmax>
            <ymax>981</ymax>
        </bndbox>
    </object>
    <object>
        <name>ex</name>
        <pose>Unspecified</pose>
        <truncated>0</truncated>
        <difficult>0</difficult>
        <bndbox>
            <xmin>496</xmin>
            <ymin>896</ymin>
            <xmax>501</xmax>
            <ymax>902</ymax>
        </bndbox>
    </object>
    <object>
        <name>ex</name>
        <pose>Unspecified</pose>
        <truncated>0</truncated>
        <difficult>0</difficult>
        <bndbox>
            <xmin>507</xmin>
            <ymin>891</ymin>
            <xmax>512</xmax>
            <ymax>899</ymax>
        </bndbox>
    </object>
    <object>
        <name>ex</name>
        <pose>Unspecified</pose>
        <truncated>0</truncated>
        <difficult>0</difficult>
        <bndbox>
            <xmin>516</xmin>
            <ymin>1037</ymin>
            <xmax>524</xmax>
            <ymax>1043</ymax>
        </bndbox>
    </object>
    <object>
        <name>ex</name>
        <pose>Unspecified</pose>
        <truncated>0</truncated>
        <difficult>0</difficult>
        <bndbox>
            <xmin>519</xmin>
            <ymin>934</ymin>
            <xmax>523</xmax>
            <ymax>939</ymax>
        </bndbox>
    </object>
    <object>
        <name>ex</name>
        <pose>Unspecified</pose>
        <truncated>0</truncated>
        <difficult>0</difficult>
        <bndbox>
            <xmin>519</xmin>
            <ymin>953</ymin>
            <xmax>525</xmax>
            <ymax>962</ymax>
        </bndbox>
    </object>
    <object>
        <name>ex</name>
        <pose>Unspecified</pose>
        <truncated>0</truncated>
        <difficult>0</difficult>
        <bndbox>
            <xmin>520</xmin>
            <ymin>826</ymin>
            <xmax>536</xmax>
            <ymax>850</ymax>
        </bndbox>
    </object>
    <object>
        <name>ex</name>
        <pose>Unspecified</pose>
        <truncated>0</truncated>
        <difficult>0</difficult>
        <bndbox>
            <xmin>523</xmin>
            <ymin>1027</ymin>
            <xmax>527</xmax>
            <ymax>1032</ymax>
        </bndbox>
    </object>
    <object>
        <name>ex</name>
        <pose>Unspecified</pose>
        <truncated>0</truncated>
        <difficult>0</difficult>
        <bndbox>
            <xmin>527</xmin>
            <ymin>758</ymin>
            <xmax>583</xmax>
            <ymax>811</ymax>
        </bndbox>
    </object>
    <object>
        <name>ex</name>
        <pose>Unspecified</pose>
        <truncated>0</truncated>
        <difficult>0</difficult>
        <bndbox>
            <xmin>532</xmin>
            <ymin>959</ymin>
            <xmax>535</xmax>
            <ymax>962</ymax>
        </bndbox>
    </object>
    <object>
        <name>ex</name>
        <pose>Unspecified</pose>
        <truncated>0</truncated>
        <difficult>0</difficult>
        <bndbox>
            <xmin>532</xmin>
            <ymin>986</ymin>
            <xmax>535</xmax>
            <ymax>988</ymax>
        </bndbox>
    </object>
    <object>
        <name>ex</name>
        <pose>Unspecified</pose>
        <truncated>0</truncated>
        <difficult>0</difficult>
        <bndbox>
            <xmin>534</xmin>
            <ymin>965</ymin>
            <xmax>547</xmax>
            <ymax>982</ymax>
        </bndbox>
    </object>
    <object>
        <name>ex</name>
        <pose>Unspecified</pose>
        <truncated>0</truncated>
        <difficult>0</difficult>
        <bndbox>
            <xmin>535</xmin>
            <ymin>467</ymin>
            <xmax>555</xmax>
            <ymax>506</ymax>
        </bndbox>
    </object>
    <object>
        <name>ex</name>
        <pose>Unspecified</pose>
        <truncated>0</truncated>
        <difficult>0</difficult>
        <bndbox>
            <xmin>536</xmin>
            <ymin>1011</ymin>
            <xmax>538</xmax>
            <ymax>1013</ymax>
        </bndbox>
    </object>
    <object>
        <name>ex</name>
        <pose>Unspecified</pose>
        <truncated>0</truncated>
        <difficult>0</difficult>
        <bndbox>
            <xmin>538</xmin>
            <ymin>926</ymin>
            <xmax>546</xmax>
            <ymax>930</ymax>
        </bndbox>
    </object>
    <object>
        <name>ex</name>
        <pose>Unspecified</pose>
        <truncated>0</truncated>
        <difficult>0</difficult>
        <bndbox>
            <xmin>538</xmin>
            <ymin>961</ymin>
            <xmax>543</xmax>
            <ymax>963</ymax>
        </bndbox>
    </object>
    <object>
        <name>ex</name>
        <pose>Unspecified</pose>
        <truncated>0</truncated>
        <difficult>0</difficult>
        <bndbox>
            <xmin>539</xmin>
            <ymin>819</ymin>
            <xmax>550</xmax>
            <ymax>842</ymax>
        </bndbox>
    </object>
    <object>
        <name>ex</name>
        <pose>Unspecified</pose>
        <truncated>0</truncated>
        <difficult>0</difficult>
        <bndbox>
            <xmin>547</xmin>
            <ymin>958</ymin>
            <xmax>552</xmax>
            <ymax>963</ymax>
        </bndbox>
    </object>
    <object>
        <name>ex</name>
        <pose>Unspecified</pose>
        <truncated>0</truncated>
        <difficult>0</difficult>
        <bndbox>
            <xmin>555</xmin>
            <ymin>936</ymin>
            <xmax>573</xmax>
            <ymax>958</ymax>
        </bndbox>
    </object>
    <object>
        <name>ex</name>
        <pose>Unspecified</pose>
        <truncated>0</truncated>
        <difficult>0</difficult>
        <bndbox>
            <xmin>558</xmin>
            <ymin>798</ymin>
            <xmax>562</xmax>
            <ymax>801</ymax>
        </bndbox>
    </object>
    <object>
        <name>ex</name>
        <pose>Unspecified</pose>
        <truncated>0</truncated>
        <difficult>0</difficult>
        <bndbox>
            <xmin>563</xmin>
            <ymin>806</ymin>
            <xmax>566</xmax>
            <ymax>807</ymax>
        </bndbox>
    </object>
    <object>
        <name>ex</name>
        <pose>Unspecified</pose>
        <truncated>0</truncated>
        <difficult>0</difficult>
        <bndbox>
            <xmin>567</xmin>
            <ymin>830</ymin>
            <xmax>605</xmax>
            <ymax>861</ymax>
        </bndbox>
    </object>
    <object>
        <name>ex</name>
        <pose>Unspecified</pose>
        <truncated>0</truncated>
        <difficult>0</difficult>
        <bndbox>
            <xmin>582</xmin>
            <ymin>971</ymin>
            <xmax>591</xmax>
            <ymax>984</ymax>
        </bndbox>
    </object>
    <object>
        <name>ex</name>
        <pose>Unspecified</pose>
        <truncated>0</truncated>
        <difficult>0</difficult>
        <bndbox>
            <xmin>583</xmin>
            <ymin>768</ymin>
            <xmax>598</xmax>
            <ymax>785</ymax>
        </bndbox>
    </object>
    <object>
        <name>ex</name>
        <pose>Unspecified</pose>
        <truncated>0</truncated>
        <difficult>0</difficult>
        <bndbox>
            <xmin>590</xmin>
            <ymin>863</ymin>
            <xmax>591</xmax>
            <ymax>865</ymax>
        </bndbox>
    </object>
    <object>
        <name>ex</name>
        <pose>Unspecified</pose>
        <truncated>0</truncated>
        <difficult>0</difficult>
        <bndbox>
            <xmin>630</xmin>
            <ymin>884</ymin>
            <xmax>639</xmax>
            <ymax>895</ymax>
        </bndbox>
    </object>
    <object>
        <name>ex</name>
        <pose>Unspecified</pose>
        <truncated>0</truncated>
        <difficult>0</difficult>
        <bndbox>
            <xmin>637</xmin>
            <ymin>865</ymin>
            <xmax>640</xmax>
            <ymax>869</ymax>
        </bndbox>
    </object>
    <object>
        <name>ex</name>
        <pose>Unspecified</pose>
        <truncated>0</truncated>
        <difficult>0</difficult>
        <bndbox>
            <xmin>637</xmin>
            <ymin>875</ymin>
            <xmax>641</xmax>
            <ymax>880</ymax>
        </bndbox>
    </object>
    <object>
        <name>ex</name>
        <pose>Unspecified</pose>
        <truncated>0</truncated>
        <difficult>0</difficult>
        <bndbox>
            <xmin>645</xmin>
            <ymin>884</ymin>
            <xmax>647</xmax>
            <ymax>887</ymax>
        </bndbox>
    </object>
    <object>
        <name>ex</name>
        <pose>Unspecified</pose>
        <truncated>0</truncated>
        <difficult>0</difficult>
        <bndbox>
            <xmin>652</xmin>
            <ymin>888</ymin>
            <xmax>661</xmax>
            <ymax>896</ymax>
        </bndbox>
    </object>
    <object>
        <name>ex</name>
        <pose>Unspecified</pose>
        <truncated>0</truncated>
        <difficult>0</difficult>
        <bndbox>
            <xmin>663</xmin>
            <ymin>880</ymin>
            <xmax>669</xmax>
            <ymax>888</ymax>
        </bndbox>
    </object>
    <object>
        <name>ex</name>
        <pose>Unspecified</pose>
        <truncated>0</truncated>
        <difficult>0</difficult>
        <bndbox>
            <xmin>664</xmin>
            <ymin>901</ymin>
            <xmax>672</xmax>
            <ymax>912</ymax>
        </bndbox>
    </object>
    <object>
        <name>ex</name>
        <pose>Unspecified</pose>
        <truncated>0</truncated>
        <difficult>0</difficult>
        <bndbox>
            <xmin>703</xmin>
            <ymin>1036</ymin>
            <xmax>714</xmax>
            <ymax>1041</ymax>
        </bndbox>
    </object>
    <object>
        <name>ex</name>
        <pose>Unspecified</pose>
        <truncated>0</truncated>
        <difficult>0</difficult>
        <bndbox>
            <xmin>721</xmin>
            <ymin>996</ymin>
            <xmax>735</xmax>
            <ymax>1010</ymax>
        </bndbox>
    </object>
    <object>
        <name>ex</name>
        <pose>Unspecified</pose>
        <truncated>0</truncated>
        <difficult>0</difficult>
        <bndbox>
            <xmin>754</xmin>
            <ymin>931</ymin>
            <xmax>768</xmax>
            <ymax>947</ymax>
        </bndbox>
    </object>
    <object>
        <name>ex</name>
        <pose>Unspecified</pose>
        <truncated>0</truncated>
        <difficult>0</difficult>
        <bndbox>
            <xmin>1243</xmin>
            <ymin>690</ymin>
            <xmax>1252</xmax>
            <ymax>697</ymax>
        </bndbox>
    </object>
    <object>
        <name>ex</name>
        <pose>Unspecified</pose>
        <truncated>0</truncated>
        <difficult>0</difficult>
        <bndbox>
            <xmin>1243</xmin>
            <ymin>698</ymin>
            <xmax>1244</xmax>
            <ymax>702</ymax>
        </bndbox>
    </object>
    <object>
        <name>ex</name>
        <pose>Unspecified</pose>
        <truncated>0</truncated>
        <difficult>0</difficult>
        <bndbox>
            <xmin>1243</xmin>
            <ymin>712</ymin>
            <xmax>1247</xmax>
            <ymax>715</ymax>
        </bndbox>
    </object>
    <object>
        <name>ex</name>
        <pose>Unspecified</pose>
        <truncated>0</truncated>
        <difficult>0</difficult>
        <bndbox>
            <xmin>1243</xmin>
            <ymin>748</ymin>
            <xmax>1248</xmax>
            <ymax>752</ymax>
        </bndbox>
    </object>
    <object>
        <name>ex</name>
        <pose>Unspecified</pose>
        <truncated>0</truncated>
        <difficult>0</difficult>
        <bndbox>
            <xmin>1245</xmin>
            <ymin>758</ymin>
            <xmax>1262</xmax>
            <ymax>764</ymax>
        </bndbox>
    </object>
    <object>
        <name>ex</name>
        <pose>Unspecified</pose>
        <truncated>0</truncated>
        <difficult>0</difficult>
        <bndbox>
            <xmin>1249</xmin>
            <ymin>653</ymin>
            <xmax>1260</xmax>
            <ymax>670</ymax>
        </bndbox>
    </object>
    <object>
        <name>ex</name>
        <pose>Unspecified</pose>
        <truncated>0</truncated>
        <difficult>0</difficult>
        <bndbox>
            <xmin>1256</xmin>
            <ymin>678</ymin>
            <xmax>1268</xmax>
            <ymax>689</ymax>
        </bndbox>
    </object>
    <object>
        <name>ex</name>
        <pose>Unspecified</pose>
        <truncated>0</truncated>
        <difficult>0</difficult>
        <bndbox>
            <xmin>1256</xmin>
            <ymin>711</ymin>
            <xmax>1258</xmax>
            <ymax>713</ymax>
        </bndbox>
    </object>
    <object>
        <name>ex</name>
        <pose>Unspecified</pose>
        <truncated>0</truncated>
        <difficult>0</difficult>
        <bndbox>
            <xmin>1259</xmin>
            <ymin>747</ymin>
            <xmax>1266</xmax>
            <ymax>751</ymax>
        </bndbox>
    </object>
    <object>
        <name>ex</name>
        <pose>Unspecified</pose>
        <truncated>0</truncated>
        <difficult>0</difficult>
        <bndbox>
            <xmin>1270</xmin>
            <ymin>659</ymin>
            <xmax>1272</xmax>
            <ymax>661</ymax>
        </bndbox>
    </object>
    <object>
        <name>ex</name>
        <pose>Unspecified</pose>
        <truncated>0</truncated>
        <difficult>0</difficult>
        <bndbox>
            <xmin>1272</xmin>
            <ymin>771</ymin>
            <xmax>1274</xmax>
            <ymax>774</ymax>
        </bndbox>
    </object>
    <object>
        <name>ex</name>
        <pose>Unspecified</pose>
        <truncated>0</truncated>
        <difficult>0</difficult>
        <bndbox>
            <xmin>1274</xmin>
            <ymin>671</ymin>
            <xmax>1278</xmax>
            <ymax>674</ymax>
        </bndbox>
    </object>
    <object>
        <name>ex</name>
        <pose>Unspecified</pose>
        <truncated>0</truncated>
        <difficult>0</difficult>
        <bndbox>
            <xmin>1280</xmin>
            <ymin>668</ymin>
            <xmax>1282</xmax>
            <ymax>669</ymax>
        </bndbox>
    </object>
    <object>
        <name>ex</name>
        <pose>Unspecified</pose>
        <truncated>0</truncated>
        <difficult>0</difficult>
        <bndbox>
            <xmin>1283</xmin>
            <ymin>653</ymin>
            <xmax>1286</xmax>
            <ymax>654</ymax>
        </bndbox>
    </object>
    <object>
        <name>ex</name>
        <pose>Unspecified</pose>
        <truncated>0</truncated>
        <difficult>0</difficult>
        <bndbox>
            <xmin>1295</xmin>
            <ymin>684</ymin>
            <xmax>1298</xmax>
            <ymax>686</ymax>
        </bndbox>
    </object>
    <object>
        <name>ex</name>
        <pose>Unspecified</pose>
        <truncated>0</truncated>
        <difficult>0</difficult>
        <bndbox>
            <xmin>1298</xmin>
            <ymin>665</ymin>
            <xmax>1309</xmax>
            <ymax>674</ymax>
        </bndbox>
    </object>
    <object>
        <name>ex</name>
        <pose>Unspecified</pose>
        <truncated>0</truncated>
        <difficult>0</difficult>
        <bndbox>
            <xmin>1310</xmin>
            <ymin>688</ymin>
            <xmax>1318</xmax>
            <ymax>696</ymax>
        </bndbox>
    </object>
    <object>
        <name>ex</name>
        <pose>Unspecified</pose>
        <truncated>0</truncated>
        <difficult>0</difficult>
        <bndbox>
            <xmin>1313</xmin>
            <ymin>676</ymin>
            <xmax>1314</xmax>
            <ymax>678</ymax>
        </bndbox>
    </object>
    <object>
        <name>ex</name>
        <pose>Unspecified</pose>
        <truncated>0</truncated>
        <difficult>0</difficult>
        <bndbox>
            <xmin>1314</xmin>
            <ymin>669</ymin>
            <xmax>1321</xmax>
            <ymax>674</ymax>
        </bndbox>
    </object>
    <object>
        <name>ex</name>
        <pose>Unspecified</pose>
        <truncated>0</truncated>
        <difficult>0</difficult>
        <bndbox>
            <xmin>1317</xmin>
            <ymin>704</ymin>
            <xmax>1326</xmax>
            <ymax>712</ymax>
        </bndbox>
    </object>
    <object>
        <name>ex</name>
        <pose>Unspecified</pose>
        <truncated>0</truncated>
        <difficult>0</difficult>
        <bndbox>
            <xmin>1318</xmin>
            <ymin>662</ymin>
            <xmax>1340</xmax>
            <ymax>685</ymax>
        </bndbox>
    </object>
    <object>
        <name>ex</name>
        <pose>Unspecified</pose>
        <truncated>0</truncated>
        <difficult>0</difficult>
        <bndbox>
            <xmin>1318</xmin>
            <ymin>744</ymin>
            <xmax>1321</xmax>
            <ymax>748</ymax>
        </bndbox>
    </object>
</annotation>