<annotation>
    <folder>OurDataset</folder>
    <filename>007-3629-200.jpg</filename>
    <size>
        <width>2992</width>
        <height>2000</height>
        <depth>3</depth>
    </size>
    <object>
        <name>ex</name>
        <pose>Unspecified</pose>
        <truncated>0</truncated>
        <difficult>0</difficult>
        <bndbox>
            <xmin>755</xmin>
            <ymin>721</ymin>
            <xmax>767</xmax>
            <ymax>727</ymax>
        </bndbox>
    </object>
    <object>
        <name>ex</name>
        <pose>Unspecified</pose>
        <truncated>0</truncated>
        <difficult>0</difficult>
        <bndbox>
            <xmin>1151</xmin>
            <ymin>875</ymin>
            <xmax>1159</xmax>
            <ymax>881</ymax>
        </bndbox>
    </object>
    <object>
        <name>ex</name>
        <pose>Unspecified</pose>
        <truncated>0</truncated>
        <difficult>0</difficult>
        <bndbox>
            <xmin>1195</xmin>
            <ymin>1581</ymin>
            <xmax>1209</xmax>
            <ymax>1589</ymax>
        </bndbox>
    </object>
    <object>
        <name>ex</name>
        <pose>Unspecified</pose>
        <truncated>0</truncated>
        <difficult>0</difficult>
        <bndbox>
            <xmin>1263</xmin>
            <ymin>1597</ymin>
            <xmax>1291</xmax>
            <ymax>1617</ymax>
        </bndbox>
    </object>
    <object>
        <name>ex</name>
        <pose>Unspecified</pose>
        <truncated>0</truncated>
        <difficult>0</difficult>
        <bndbox>
            <xmin>1277</xmin>
            <ymin>1559</ymin>
            <xmax>1291</xmax>
            <ymax>1575</ymax>
        </bndbox>
    </object>
    <object>
        <name>ex</name>
        <pose>Unspecified</pose>
        <truncated>0</truncated>
        <difficult>0</difficult>
        <bndbox>
            <xmin>1283</xmin>
            <ymin>1655</ymin>
            <xmax>1317</xmax>
            <ymax>1675</ymax>
        </bndbox>
    </object>
    <object>
        <name>ex</name>
        <pose>Unspecified</pose>
        <truncated>0</truncated>
        <difficult>0</difficult>
        <bndbox>
            <xmin>1297</xmin>
            <ymin>1285</ymin>
            <xmax>1315</xmax>
            <ymax>1305</ymax>
        </bndbox>
    </object>
    <object>
        <name>ex</name>
        <pose>Unspecified</pose>
        <truncated>0</truncated>
        <difficult>0</difficult>
        <bndbox>
            <xmin>1297</xmin>
            <ymin>1575</ymin>
            <xmax>1313</xmax>
            <ymax>1587</ymax>
        </bndbox>
    </object>
    <object>
        <name>ex</name>
        <pose>Unspecified</pose>
        <truncated>0</truncated>
        <difficult>0</difficult>
        <bndbox>
            <xmin>1297</xmin>
            <ymin>1621</ymin>
            <xmax>1309</xmax>
            <ymax>1629</ymax>
        </bndbox>
    </object>
    <object>
        <name>ex</name>
        <pose>Unspecified</pose>
        <truncated>0</truncated>
        <difficult>0</difficult>
        <bndbox>
            <xmin>1299</xmin>
            <ymin>1453</ymin>
            <xmax>1303</xmax>
            <ymax>1457</ymax>
        </bndbox>
    </object>
    <object>
        <name>ex</name>
        <pose>Unspecified</pose>
        <truncated>0</truncated>
        <difficult>0</difficult>
        <bndbox>
            <xmin>1307</xmin>
            <ymin>1701</ymin>
            <xmax>1315</xmax>
            <ymax>1707</ymax>
        </bndbox>
    </object>
    <object>
        <name>ex</name>
        <pose>Unspecified</pose>
        <truncated>0</truncated>
        <difficult>0</difficult>
        <bndbox>
            <xmin>1311</xmin>
            <ymin>1455</ymin>
            <xmax>1331</xmax>
            <ymax>1469</ymax>
        </bndbox>
    </object>
    <object>
        <name>ex</name>
        <pose>Unspecified</pose>
        <truncated>0</truncated>
        <difficult>0</difficult>
        <bndbox>
            <xmin>1317</xmin>
            <ymin>1687</ymin>
            <xmax>1335</xmax>
            <ymax>1705</ymax>
        </bndbox>
    </object>
    <object>
        <name>ex</name>
        <pose>Unspecified</pose>
        <truncated>0</truncated>
        <difficult>0</difficult>
        <bndbox>
            <xmin>1319</xmin>
            <ymin>1239</ymin>
            <xmax>1351</xmax>
            <ymax>1283</ymax>
        </bndbox>
    </object>
    <object>
        <name>ex</name>
        <pose>Unspecified</pose>
        <truncated>0</truncated>
        <difficult>0</difficult>
        <bndbox>
            <xmin>1319</xmin>
            <ymin>1385</ymin>
            <xmax>1333</xmax>
            <ymax>1395</ymax>
        </bndbox>
    </object>
    <object>
        <name>ex</name>
        <pose>Unspecified</pose>
        <truncated>0</truncated>
        <difficult>0</difficult>
        <bndbox>
            <xmin>1321</xmin>
            <ymin>1483</ymin>
            <xmax>1365</xmax>
            <ymax>1527</ymax>
        </bndbox>
    </object>
    <object>
        <name>ex</name>
        <pose>Unspecified</pose>
        <truncated>0</truncated>
        <difficult>0</difficult>
        <bndbox>
            <xmin>1321</xmin>
            <ymin>1613</ymin>
            <xmax>1337</xmax>
            <ymax>1623</ymax>
        </bndbox>
    </object>
    <object>
        <name>ex</name>
        <pose>Unspecified</pose>
        <truncated>0</truncated>
        <difficult>0</difficult>
        <bndbox>
            <xmin>1331</xmin>
            <ymin>1401</ymin>
            <xmax>1353</xmax>
            <ymax>1419</ymax>
        </bndbox>
    </object>
    <object>
        <name>ex</name>
        <pose>Unspecified</pose>
        <truncated>0</truncated>
        <difficult>0</difficult>
        <bndbox>
            <xmin>1343</xmin>
            <ymin>1449</ymin>
            <xmax>1353</xmax>
            <ymax>1463</ymax>
        </bndbox>
    </object>
    <object>
        <name>ex</name>
        <pose>Unspecified</pose>
        <truncated>0</truncated>
        <difficult>0</difficult>
        <bndbox>
            <xmin>1343</xmin>
            <ymin>1599</ymin>
            <xmax>1351</xmax>
            <ymax>1607</ymax>
        </bndbox>
    </object>
    <object>
        <name>ex</name>
        <pose>Unspecified</pose>
        <truncated>0</truncated>
        <difficult>0</difficult>
        <bndbox>
            <xmin>1353</xmin>
            <ymin>1427</ymin>
            <xmax>1371</xmax>
            <ymax>1437</ymax>
        </bndbox>
    </object>
    <object>
        <name>ex</name>
        <pose>Unspecified</pose>
        <truncated>0</truncated>
        <difficult>0</difficult>
        <bndbox>
            <xmin>1353</xmin>
            <ymin>1507</ymin>
            <xmax>1403</xmax>
            <ymax>1559</ymax>
        </bndbox>
    </object>
    <object>
        <name>ex</name>
        <pose>Unspecified</pose>
        <truncated>0</truncated>
        <difficult>0</difficult>
        <bndbox>
            <xmin>1353</xmin>
            <ymin>1699</ymin>
            <xmax>1361</xmax>
            <ymax>1703</ymax>
        </bndbox>
    </object>
    <object>
        <name>ex</name>
        <pose>Unspecified</pose>
        <truncated>0</truncated>
        <difficult>0</difficult>
        <bndbox>
            <xmin>1357</xmin>
            <ymin>1737</ymin>
            <xmax>1363</xmax>
            <ymax>1741</ymax>
        </bndbox>
    </object>
    <object>
        <name>ex</name>
        <pose>Unspecified</pose>
        <truncated>0</truncated>
        <difficult>0</difficult>
        <bndbox>
            <xmin>1371</xmin>
            <ymin>1607</ymin>
            <xmax>1385</xmax>
            <ymax>1615</ymax>
        </bndbox>
    </object>
    <object>
        <name>ex</name>
        <pose>Unspecified</pose>
        <truncated>0</truncated>
        <difficult>0</difficult>
        <bndbox>
            <xmin>1375</xmin>
            <ymin>1487</ymin>
            <xmax>1383</xmax>
            <ymax>1497</ymax>
        </bndbox>
    </object>
    <object>
        <name>ex</name>
        <pose>Unspecified</pose>
        <truncated>0</truncated>
        <difficult>0</difficult>
        <bndbox>
            <xmin>1383</xmin>
            <ymin>1365</ymin>
            <xmax>1407</xmax>
            <ymax>1381</ymax>
        </bndbox>
    </object>
    <object>
        <name>ex</name>
        <pose>Unspecified</pose>
        <truncated>0</truncated>
        <difficult>0</difficult>
        <bndbox>
            <xmin>1385</xmin>
            <ymin>1137</ymin>
            <xmax>1419</xmax>
            <ymax>1181</ymax>
        </bndbox>
    </object>
    <object>
        <name>ex</name>
        <pose>Unspecified</pose>
        <truncated>0</truncated>
        <difficult>0</difficult>
        <bndbox>
            <xmin>1385</xmin>
            <ymin>1777</ymin>
            <xmax>1389</xmax>
            <ymax>1781</ymax>
        </bndbox>
    </object>
    <object>
        <name>ex</name>
        <pose>Unspecified</pose>
        <truncated>0</truncated>
        <difficult>0</difficult>
        <bndbox>
            <xmin>1387</xmin>
            <ymin>1339</ymin>
            <xmax>1403</xmax>
            <ymax>1359</ymax>
        </bndbox>
    </object>
    <object>
        <name>ex</name>
        <pose>Unspecified</pose>
        <truncated>0</truncated>
        <difficult>0</difficult>
        <bndbox>
            <xmin>1389</xmin>
            <ymin>1125</ymin>
            <xmax>1391</xmax>
            <ymax>1129</ymax>
        </bndbox>
    </object>
    <object>
        <name>ex</name>
        <pose>Unspecified</pose>
        <truncated>0</truncated>
        <difficult>0</difficult>
        <bndbox>
            <xmin>1389</xmin>
            <ymin>1449</ymin>
            <xmax>1411</xmax>
            <ymax>1465</ymax>
        </bndbox>
    </object>
    <object>
        <name>ex</name>
        <pose>Unspecified</pose>
        <truncated>0</truncated>
        <difficult>0</difficult>
        <bndbox>
            <xmin>1395</xmin>
            <ymin>1131</ymin>
            <xmax>1399</xmax>
            <ymax>1135</ymax>
        </bndbox>
    </object>
    <object>
        <name>ex</name>
        <pose>Unspecified</pose>
        <truncated>0</truncated>
        <difficult>0</difficult>
        <bndbox>
            <xmin>1395</xmin>
            <ymin>1183</ymin>
            <xmax>1401</xmax>
            <ymax>1189</ymax>
        </bndbox>
    </object>
    <object>
        <name>ex</name>
        <pose>Unspecified</pose>
        <truncated>0</truncated>
        <difficult>0</difficult>
        <bndbox>
            <xmin>1399</xmin>
            <ymin>1109</ymin>
            <xmax>1405</xmax>
            <ymax>1115</ymax>
        </bndbox>
    </object>
    <object>
        <name>ex</name>
        <pose>Unspecified</pose>
        <truncated>0</truncated>
        <difficult>0</difficult>
        <bndbox>
            <xmin>1399</xmin>
            <ymin>1415</ymin>
            <xmax>1413</xmax>
            <ymax>1423</ymax>
        </bndbox>
    </object>
    <object>
        <name>ex</name>
        <pose>Unspecified</pose>
        <truncated>0</truncated>
        <difficult>0</difficult>
        <bndbox>
            <xmin>1403</xmin>
            <ymin>1189</ymin>
            <xmax>1409</xmax>
            <ymax>1195</ymax>
        </bndbox>
    </object>
    <object>
        <name>ex</name>
        <pose>Unspecified</pose>
        <truncated>0</truncated>
        <difficult>0</difficult>
        <bndbox>
            <xmin>1405</xmin>
            <ymin>1473</ymin>
            <xmax>1427</xmax>
            <ymax>1499</ymax>
        </bndbox>
    </object>
    <object>
        <name>ex</name>
        <pose>Unspecified</pose>
        <truncated>0</truncated>
        <difficult>0</difficult>
        <bndbox>
            <xmin>1405</xmin>
            <ymin>1741</ymin>
            <xmax>1415</xmax>
            <ymax>1749</ymax>
        </bndbox>
    </object>
    <object>
        <name>ex</name>
        <pose>Unspecified</pose>
        <truncated>0</truncated>
        <difficult>0</difficult>
        <bndbox>
            <xmin>1409</xmin>
            <ymin>1123</ymin>
            <xmax>1417</xmax>
            <ymax>1129</ymax>
        </bndbox>
    </object>
    <object>
        <name>ex</name>
        <pose>Unspecified</pose>
        <truncated>0</truncated>
        <difficult>0</difficult>
        <bndbox>
            <xmin>1409</xmin>
            <ymin>1383</ymin>
            <xmax>1425</xmax>
            <ymax>1397</ymax>
        </bndbox>
    </object>
    <object>
        <name>ex</name>
        <pose>Unspecified</pose>
        <truncated>0</truncated>
        <difficult>0</difficult>
        <bndbox>
            <xmin>1411</xmin>
            <ymin>1169</ymin>
            <xmax>1413</xmax>
            <ymax>1173</ymax>
        </bndbox>
    </object>
    <object>
        <name>ex</name>
        <pose>Unspecified</pose>
        <truncated>0</truncated>
        <difficult>0</difficult>
        <bndbox>
            <xmin>1413</xmin>
            <ymin>1577</ymin>
            <xmax>1431</xmax>
            <ymax>1591</ymax>
        </bndbox>
    </object>
    <object>
        <name>ex</name>
        <pose>Unspecified</pose>
        <truncated>0</truncated>
        <difficult>0</difficult>
        <bndbox>
            <xmin>1415</xmin>
            <ymin>1537</ymin>
            <xmax>1425</xmax>
            <ymax>1545</ymax>
        </bndbox>
    </object>
    <object>
        <name>ex</name>
        <pose>Unspecified</pose>
        <truncated>0</truncated>
        <difficult>0</difficult>
        <bndbox>
            <xmin>1417</xmin>
            <ymin>1733</ymin>
            <xmax>1423</xmax>
            <ymax>1737</ymax>
        </bndbox>
    </object>
    <object>
        <name>ex</name>
        <pose>Unspecified</pose>
        <truncated>0</truncated>
        <difficult>0</difficult>
        <bndbox>
            <xmin>1421</xmin>
            <ymin>1161</ymin>
            <xmax>1439</xmax>
            <ymax>1179</ymax>
        </bndbox>
    </object>
    <object>
        <name>ex</name>
        <pose>Unspecified</pose>
        <truncated>0</truncated>
        <difficult>0</difficult>
        <bndbox>
            <xmin>1423</xmin>
            <ymin>1411</ymin>
            <xmax>1435</xmax>
            <ymax>1423</ymax>
        </bndbox>
    </object>
    <object>
        <name>ex</name>
        <pose>Unspecified</pose>
        <truncated>0</truncated>
        <difficult>0</difficult>
        <bndbox>
            <xmin>1437</xmin>
            <ymin>1355</ymin>
            <xmax>1445</xmax>
            <ymax>1367</ymax>
        </bndbox>
    </object>
    <object>
        <name>ex</name>
        <pose>Unspecified</pose>
        <truncated>0</truncated>
        <difficult>0</difficult>
        <bndbox>
            <xmin>1441</xmin>
            <ymin>1439</ymin>
            <xmax>1449</xmax>
            <ymax>1453</ymax>
        </bndbox>
    </object>
    <object>
        <name>ex</name>
        <pose>Unspecified</pose>
        <truncated>0</truncated>
        <difficult>0</difficult>
        <bndbox>
            <xmin>1445</xmin>
            <ymin>1381</ymin>
            <xmax>1467</xmax>
            <ymax>1399</ymax>
        </bndbox>
    </object>
    <object>
        <name>ex</name>
        <pose>Unspecified</pose>
        <truncated>0</truncated>
        <difficult>0</difficult>
        <bndbox>
            <xmin>1451</xmin>
            <ymin>1465</ymin>
            <xmax>1459</xmax>
            <ymax>1471</ymax>
        </bndbox>
    </object>
    <object>
        <name>ex</name>
        <pose>Unspecified</pose>
        <truncated>0</truncated>
        <difficult>0</difficult>
        <bndbox>
            <xmin>1457</xmin>
            <ymin>1417</ymin>
            <xmax>1463</xmax>
            <ymax>1423</ymax>
        </bndbox>
    </object>
    <object>
        <name>ex</name>
        <pose>Unspecified</pose>
        <truncated>0</truncated>
        <difficult>0</difficult>
        <bndbox>
            <xmin>1461</xmin>
            <ymin>1443</ymin>
            <xmax>1541</xmax>
            <ymax>1511</ymax>
        </bndbox>
    </object>
    <object>
        <name>ex</name>
        <pose>Unspecified</pose>
        <truncated>0</truncated>
        <difficult>0</difficult>
        <bndbox>
            <xmin>1469</xmin>
            <ymin>1399</ymin>
            <xmax>1489</xmax>
            <ymax>1421</ymax>
        </bndbox>
    </object>
    <object>
        <name>ex</name>
        <pose>Unspecified</pose>
        <truncated>0</truncated>
        <difficult>0</difficult>
        <bndbox>
            <xmin>1471</xmin>
            <ymin>1337</ymin>
            <xmax>1479</xmax>
            <ymax>1343</ymax>
        </bndbox>
    </object>
    <object>
        <name>ex</name>
        <pose>Unspecified</pose>
        <truncated>0</truncated>
        <difficult>0</difficult>
        <bndbox>
            <xmin>1479</xmin>
            <ymin>1727</ymin>
            <xmax>1483</xmax>
            <ymax>1731</ymax>
        </bndbox>
    </object>
    <object>
        <name>ex</name>
        <pose>Unspecified</pose>
        <truncated>0</truncated>
        <difficult>0</difficult>
        <bndbox>
            <xmin>1487</xmin>
            <ymin>1723</ymin>
            <xmax>1503</xmax>
            <ymax>1733</ymax>
        </bndbox>
    </object>
    <object>
        <name>ex</name>
        <pose>Unspecified</pose>
        <truncated>0</truncated>
        <difficult>0</difficult>
        <bndbox>
            <xmin>1493</xmin>
            <ymin>1547</ymin>
            <xmax>1527</xmax>
            <ymax>1565</ymax>
        </bndbox>
    </object>
    <object>
        <name>ex</name>
        <pose>Unspecified</pose>
        <truncated>0</truncated>
        <difficult>0</difficult>
        <bndbox>
            <xmin>1503</xmin>
            <ymin>1397</ymin>
            <xmax>1519</xmax>
            <ymax>1409</ymax>
        </bndbox>
    </object>
    <object>
        <name>ex</name>
        <pose>Unspecified</pose>
        <truncated>0</truncated>
        <difficult>0</difficult>
        <bndbox>
            <xmin>1503</xmin>
            <ymin>1507</ymin>
            <xmax>1547</xmax>
            <ymax>1541</ymax>
        </bndbox>
    </object>
    <object>
        <name>ex</name>
        <pose>Unspecified</pose>
        <truncated>0</truncated>
        <difficult>0</difficult>
        <bndbox>
            <xmin>1513</xmin>
            <ymin>1713</ymin>
            <xmax>1521</xmax>
            <ymax>1719</ymax>
        </bndbox>
    </object>
    <object>
        <name>ex</name>
        <pose>Unspecified</pose>
        <truncated>0</truncated>
        <difficult>0</difficult>
        <bndbox>
            <xmin>1521</xmin>
            <ymin>889</ymin>
            <xmax>1529</xmax>
            <ymax>897</ymax>
        </bndbox>
    </object>
    <object>
        <name>ex</name>
        <pose>Unspecified</pose>
        <truncated>0</truncated>
        <difficult>0</difficult>
        <bndbox>
            <xmin>1527</xmin>
            <ymin>1475</ymin>
            <xmax>1553</xmax>
            <ymax>1489</ymax>
        </bndbox>
    </object>
    <object>
        <name>ex</name>
        <pose>Unspecified</pose>
        <truncated>0</truncated>
        <difficult>0</difficult>
        <bndbox>
            <xmin>1529</xmin>
            <ymin>1559</ymin>
            <xmax>1535</xmax>
            <ymax>1569</ymax>
        </bndbox>
    </object>
    <object>
        <name>ex</name>
        <pose>Unspecified</pose>
        <truncated>0</truncated>
        <difficult>0</difficult>
        <bndbox>
            <xmin>1569</xmin>
            <ymin>1511</ymin>
            <xmax>1609</xmax>
            <ymax>1547</ymax>
        </bndbox>
    </object>
    <object>
        <name>ex</name>
        <pose>Unspecified</pose>
        <truncated>0</truncated>
        <difficult>0</difficult>
        <bndbox>
            <xmin>1585</xmin>
            <ymin>979</ymin>
            <xmax>1597</xmax>
            <ymax>1003</ymax>
        </bndbox>
    </object>
    <object>
        <name>ex</name>
        <pose>Unspecified</pose>
        <truncated>0</truncated>
        <difficult>0</difficult>
        <bndbox>
            <xmin>1599</xmin>
            <ymin>1573</ymin>
            <xmax>1609</xmax>
            <ymax>1581</ymax>
        </bndbox>
    </object>
    <object>
        <name>ex</name>
        <pose>Unspecified</pose>
        <truncated>0</truncated>
        <difficult>0</difficult>
        <bndbox>
            <xmin>1619</xmin>
            <ymin>1159</ymin>
            <xmax>1635</xmax>
            <ymax>1169</ymax>
        </bndbox>
    </object>
    <object>
        <name>ex</name>
        <pose>Unspecified</pose>
        <truncated>0</truncated>
        <difficult>0</difficult>
        <bndbox>
            <xmin>1633</xmin>
            <ymin>509</ymin>
            <xmax>1645</xmax>
            <ymax>517</ymax>
        </bndbox>
    </object>
    <object>
        <name>he</name>
        <pose>Unspecified</pose>
        <truncated>0</truncated>
        <difficult>0</difficult>
        <bndbox>
            <xmin>1239</xmin>
            <ymin>277</ymin>
            <xmax>1253</xmax>
            <ymax>287</ymax>
        </bndbox>
    </object>
    <object>
        <name>he</name>
        <pose>Unspecified</pose>
        <truncated>0</truncated>
        <difficult>0</difficult>
        <bndbox>
            <xmin>1447</xmin>
            <ymin>1649</ymin>
            <xmax>1469</xmax>
            <ymax>1657</ymax>
        </bndbox>
    </object>
    <object>
        <name>he</name>
        <pose>Unspecified</pose>
        <truncated>0</truncated>
        <difficult>0</difficult>
        <bndbox>
            <xmin>1473</xmin>
            <ymin>1627</ymin>
            <xmax>1513</xmax>
            <ymax>1635</ymax>
        </bndbox>
    </object>
    <object>
        <name>he</name>
        <pose>Unspecified</pose>
        <truncated>0</truncated>
        <difficult>0</difficult>
        <bndbox>
            <xmin>1747</xmin>
            <ymin>523</ymin>
            <xmax>1767</xmax>
            <ymax>551</ymax>
        </bndbox>
    </object>
    <object>
        <name>he</name>
        <pose>Unspecified</pose>
        <truncated>0</truncated>
        <difficult>0</difficult>
        <bndbox>
            <xmin>1953</xmin>
            <ymin>235</ymin>
            <xmax>1969</xmax>
            <ymax>245</ymax>
        </bndbox>
    </object>
    <object>
        <name>ex</name>
        <pose>Unspecified</pose>
        <truncated>0</truncated>
        <difficult>0</difficult>
        <bndbox>
            <xmin>755</xmin>
            <ymin>721</ymin>
            <xmax>767</xmax>
            <ymax>727</ymax>
        </bndbox>
    </object>
    <object>
        <name>ex</name>
        <pose>Unspecified</pose>
        <truncated>0</truncated>
        <difficult>0</difficult>
        <bndbox>
            <xmin>1151</xmin>
            <ymin>875</ymin>
            <xmax>1159</xmax>
            <ymax>881</ymax>
        </bndbox>
    </object>
    <object>
        <name>ex</name>
        <pose>Unspecified</pose>
        <truncated>0</truncated>
        <difficult>0</difficult>
        <bndbox>
            <xmin>1195</xmin>
            <ymin>1581</ymin>
            <xmax>1209</xmax>
            <ymax>1589</ymax>
        </bndbox>
    </object>
    <object>
        <name>ex</name>
        <pose>Unspecified</pose>
        <truncated>0</truncated>
        <difficult>0</difficult>
        <bndbox>
            <xmin>1263</xmin>
            <ymin>1597</ymin>
            <xmax>1291</xmax>
            <ymax>1617</ymax>
        </bndbox>
    </object>
    <object>
        <name>ex</name>
        <pose>Unspecified</pose>
        <truncated>0</truncated>
        <difficult>0</difficult>
        <bndbox>
            <xmin>1277</xmin>
            <ymin>1559</ymin>
            <xmax>1291</xmax>
            <ymax>1575</ymax>
        </bndbox>
    </object>
    <object>
        <name>ex</name>
        <pose>Unspecified</pose>
        <truncated>0</truncated>
        <difficult>0</difficult>
        <bndbox>
            <xmin>1283</xmin>
            <ymin>1655</ymin>
            <xmax>1317</xmax>
            <ymax>1675</ymax>
        </bndbox>
    </object>
    <object>
        <name>ex</name>
        <pose>Unspecified</pose>
        <truncated>0</truncated>
        <difficult>0</difficult>
        <bndbox>
            <xmin>1297</xmin>
            <ymin>1285</ymin>
            <xmax>1315</xmax>
            <ymax>1305</ymax>
        </bndbox>
    </object>
    <object>
        <name>ex</name>
        <pose>Unspecified</pose>
        <truncated>0</truncated>
        <difficult>0</difficult>
        <bndbox>
            <xmin>1297</xmin>
            <ymin>1575</ymin>
            <xmax>1313</xmax>
            <ymax>1587</ymax>
        </bndbox>
    </object>
    <object>
        <name>ex</name>
        <pose>Unspecified</pose>
        <truncated>0</truncated>
        <difficult>0</difficult>
        <bndbox>
            <xmin>1297</xmin>
            <ymin>1621</ymin>
            <xmax>1309</xmax>
            <ymax>1629</ymax>
        </bndbox>
    </object>
    <object>
        <name>ex</name>
        <pose>Unspecified</pose>
        <truncated>0</truncated>
        <difficult>0</difficult>
        <bndbox>
            <xmin>1299</xmin>
            <ymin>1453</ymin>
            <xmax>1303</xmax>
            <ymax>1457</ymax>
        </bndbox>
    </object>
    <object>
        <name>ex</name>
        <pose>Unspecified</pose>
        <truncated>0</truncated>
        <difficult>0</difficult>
        <bndbox>
            <xmin>1307</xmin>
            <ymin>1701</ymin>
            <xmax>1315</xmax>
            <ymax>1707</ymax>
        </bndbox>
    </object>
    <object>
        <name>ex</name>
        <pose>Unspecified</pose>
        <truncated>0</truncated>
        <difficult>0</difficult>
        <bndbox>
            <xmin>1311</xmin>
            <ymin>1455</ymin>
            <xmax>1331</xmax>
            <ymax>1469</ymax>
        </bndbox>
    </object>
    <object>
        <name>ex</name>
        <pose>Unspecified</pose>
        <truncated>0</truncated>
        <difficult>0</difficult>
        <bndbox>
            <xmin>1317</xmin>
            <ymin>1687</ymin>
            <xmax>1335</xmax>
            <ymax>1705</ymax>
        </bndbox>
    </object>
    <object>
        <name>ex</name>
        <pose>Unspecified</pose>
        <truncated>0</truncated>
        <difficult>0</difficult>
        <bndbox>
            <xmin>1319</xmin>
            <ymin>1239</ymin>
            <xmax>1351</xmax>
            <ymax>1283</ymax>
        </bndbox>
    </object>
    <object>
        <name>ex</name>
        <pose>Unspecified</pose>
        <truncated>0</truncated>
        <difficult>0</difficult>
        <bndbox>
            <xmin>1319</xmin>
            <ymin>1385</ymin>
            <xmax>1333</xmax>
            <ymax>1395</ymax>
        </bndbox>
    </object>
    <object>
        <name>ex</name>
        <pose>Unspecified</pose>
        <truncated>0</truncated>
        <difficult>0</difficult>
        <bndbox>
            <xmin>1321</xmin>
            <ymin>1483</ymin>
            <xmax>1365</xmax>
            <ymax>1527</ymax>
        </bndbox>
    </object>
    <object>
        <name>ex</name>
        <pose>Unspecified</pose>
        <truncated>0</truncated>
        <difficult>0</difficult>
        <bndbox>
            <xmin>1321</xmin>
            <ymin>1613</ymin>
            <xmax>1337</xmax>
            <ymax>1623</ymax>
        </bndbox>
    </object>
    <object>
        <name>ex</name>
        <pose>Unspecified</pose>
        <truncated>0</truncated>
        <difficult>0</difficult>
        <bndbox>
            <xmin>1331</xmin>
            <ymin>1401</ymin>
            <xmax>1353</xmax>
            <ymax>1419</ymax>
        </bndbox>
    </object>
    <object>
        <name>ex</name>
        <pose>Unspecified</pose>
        <truncated>0</truncated>
        <difficult>0</difficult>
        <bndbox>
            <xmin>1343</xmin>
            <ymin>1449</ymin>
            <xmax>1353</xmax>
            <ymax>1463</ymax>
        </bndbox>
    </object>
    <object>
        <name>ex</name>
        <pose>Unspecified</pose>
        <truncated>0</truncated>
        <difficult>0</difficult>
        <bndbox>
            <xmin>1343</xmin>
            <ymin>1599</ymin>
            <xmax>1351</xmax>
            <ymax>1607</ymax>
        </bndbox>
    </object>
    <object>
        <name>ex</name>
        <pose>Unspecified</pose>
        <truncated>0</truncated>
        <difficult>0</difficult>
        <bndbox>
            <xmin>1353</xmin>
            <ymin>1427</ymin>
            <xmax>1371</xmax>
            <ymax>1437</ymax>
        </bndbox>
    </object>
    <object>
        <name>ex</name>
        <pose>Unspecified</pose>
        <truncated>0</truncated>
        <difficult>0</difficult>
        <bndbox>
            <xmin>1353</xmin>
            <ymin>1507</ymin>
            <xmax>1403</xmax>
            <ymax>1559</ymax>
        </bndbox>
    </object>
    <object>
        <name>ex</name>
        <pose>Unspecified</pose>
        <truncated>0</truncated>
        <difficult>0</difficult>
        <bndbox>
            <xmin>1353</xmin>
            <ymin>1699</ymin>
            <xmax>1361</xmax>
            <ymax>1703</ymax>
        </bndbox>
    </object>
    <object>
        <name>ex</name>
        <pose>Unspecified</pose>
        <truncated>0</truncated>
        <difficult>0</difficult>
        <bndbox>
            <xmin>1357</xmin>
            <ymin>1737</ymin>
            <xmax>1363</xmax>
            <ymax>1741</ymax>
        </bndbox>
    </object>
    <object>
        <name>ex</name>
        <pose>Unspecified</pose>
        <truncated>0</truncated>
        <difficult>0</difficult>
        <bndbox>
            <xmin>1371</xmin>
            <ymin>1607</ymin>
            <xmax>1385</xmax>
            <ymax>1615</ymax>
        </bndbox>
    </object>
    <object>
        <name>ex</name>
        <pose>Unspecified</pose>
        <truncated>0</truncated>
        <difficult>0</difficult>
        <bndbox>
            <xmin>1375</xmin>
            <ymin>1487</ymin>
            <xmax>1383</xmax>
            <ymax>1497</ymax>
        </bndbox>
    </object>
    <object>
        <name>ex</name>
        <pose>Unspecified</pose>
        <truncated>0</truncated>
        <difficult>0</difficult>
        <bndbox>
            <xmin>1383</xmin>
            <ymin>1365</ymin>
            <xmax>1407</xmax>
            <ymax>1381</ymax>
        </bndbox>
    </object>
    <object>
        <name>ex</name>
        <pose>Unspecified</pose>
        <truncated>0</truncated>
        <difficult>0</difficult>
        <bndbox>
            <xmin>1385</xmin>
            <ymin>1137</ymin>
            <xmax>1419</xmax>
            <ymax>1181</ymax>
        </bndbox>
    </object>
    <object>
        <name>ex</name>
        <pose>Unspecified</pose>
        <truncated>0</truncated>
        <difficult>0</difficult>
        <bndbox>
            <xmin>1385</xmin>
            <ymin>1777</ymin>
            <xmax>1389</xmax>
            <ymax>1781</ymax>
        </bndbox>
    </object>
    <object>
        <name>ex</name>
        <pose>Unspecified</pose>
        <truncated>0</truncated>
        <difficult>0</difficult>
        <bndbox>
            <xmin>1387</xmin>
            <ymin>1339</ymin>
            <xmax>1403</xmax>
            <ymax>1359</ymax>
        </bndbox>
    </object>
    <object>
        <name>ex</name>
        <pose>Unspecified</pose>
        <truncated>0</truncated>
        <difficult>0</difficult>
        <bndbox>
            <xmin>1389</xmin>
            <ymin>1125</ymin>
            <xmax>1391</xmax>
            <ymax>1129</ymax>
        </bndbox>
    </object>
    <object>
        <name>ex</name>
        <pose>Unspecified</pose>
        <truncated>0</truncated>
        <difficult>0</difficult>
        <bndbox>
            <xmin>1389</xmin>
            <ymin>1449</ymin>
            <xmax>1411</xmax>
            <ymax>1465</ymax>
        </bndbox>
    </object>
    <object>
        <name>ex</name>
        <pose>Unspecified</pose>
        <truncated>0</truncated>
        <difficult>0</difficult>
        <bndbox>
            <xmin>1395</xmin>
            <ymin>1131</ymin>
            <xmax>1399</xmax>
            <ymax>1135</ymax>
        </bndbox>
    </object>
    <object>
        <name>ex</name>
        <pose>Unspecified</pose>
        <truncated>0</truncated>
        <difficult>0</difficult>
        <bndbox>
            <xmin>1395</xmin>
            <ymin>1183</ymin>
            <xmax>1401</xmax>
            <ymax>1189</ymax>
        </bndbox>
    </object>
    <object>
        <name>ex</name>
        <pose>Unspecified</pose>
        <truncated>0</truncated>
        <difficult>0</difficult>
        <bndbox>
            <xmin>1399</xmin>
            <ymin>1109</ymin>
            <xmax>1405</xmax>
            <ymax>1115</ymax>
        </bndbox>
    </object>
    <object>
        <name>ex</name>
        <pose>Unspecified</pose>
        <truncated>0</truncated>
        <difficult>0</difficult>
        <bndbox>
            <xmin>1399</xmin>
            <ymin>1415</ymin>
            <xmax>1413</xmax>
            <ymax>1423</ymax>
        </bndbox>
    </object>
    <object>
        <name>ex</name>
        <pose>Unspecified</pose>
        <truncated>0</truncated>
        <difficult>0</difficult>
        <bndbox>
            <xmin>1403</xmin>
            <ymin>1189</ymin>
            <xmax>1409</xmax>
            <ymax>1195</ymax>
        </bndbox>
    </object>
    <object>
        <name>ex</name>
        <pose>Unspecified</pose>
        <truncated>0</truncated>
        <difficult>0</difficult>
        <bndbox>
            <xmin>1405</xmin>
            <ymin>1473</ymin>
            <xmax>1427</xmax>
            <ymax>1499</ymax>
        </bndbox>
    </object>
    <object>
        <name>ex</name>
        <pose>Unspecified</pose>
        <truncated>0</truncated>
        <difficult>0</difficult>
        <bndbox>
            <xmin>1405</xmin>
            <ymin>1741</ymin>
            <xmax>1415</xmax>
            <ymax>1749</ymax>
        </bndbox>
    </object>
    <object>
        <name>ex</name>
        <pose>Unspecified</pose>
        <truncated>0</truncated>
        <difficult>0</difficult>
        <bndbox>
            <xmin>1409</xmin>
            <ymin>1123</ymin>
            <xmax>1417</xmax>
            <ymax>1129</ymax>
        </bndbox>
    </object>
    <object>
        <name>ex</name>
        <pose>Unspecified</pose>
        <truncated>0</truncated>
        <difficult>0</difficult>
        <bndbox>
            <xmin>1409</xmin>
            <ymin>1383</ymin>
            <xmax>1425</xmax>
            <ymax>1397</ymax>
        </bndbox>
    </object>
    <object>
        <name>ex</name>
        <pose>Unspecified</pose>
        <truncated>0</truncated>
        <difficult>0</difficult>
        <bndbox>
            <xmin>1411</xmin>
            <ymin>1169</ymin>
            <xmax>1413</xmax>
            <ymax>1173</ymax>
        </bndbox>
    </object>
    <object>
        <name>ex</name>
        <pose>Unspecified</pose>
        <truncated>0</truncated>
        <difficult>0</difficult>
        <bndbox>
            <xmin>1413</xmin>
            <ymin>1577</ymin>
            <xmax>1431</xmax>
            <ymax>1591</ymax>
        </bndbox>
    </object>
    <object>
        <name>ex</name>
        <pose>Unspecified</pose>
        <truncated>0</truncated>
        <difficult>0</difficult>
        <bndbox>
            <xmin>1415</xmin>
            <ymin>1537</ymin>
            <xmax>1425</xmax>
            <ymax>1545</ymax>
        </bndbox>
    </object>
    <object>
        <name>ex</name>
        <pose>Unspecified</pose>
        <truncated>0</truncated>
        <difficult>0</difficult>
        <bndbox>
            <xmin>1417</xmin>
            <ymin>1733</ymin>
            <xmax>1423</xmax>
            <ymax>1737</ymax>
        </bndbox>
    </object>
    <object>
        <name>ex</name>
        <pose>Unspecified</pose>
        <truncated>0</truncated>
        <difficult>0</difficult>
        <bndbox>
            <xmin>1421</xmin>
            <ymin>1161</ymin>
            <xmax>1439</xmax>
            <ymax>1179</ymax>
        </bndbox>
    </object>
    <object>
        <name>ex</name>
        <pose>Unspecified</pose>
        <truncated>0</truncated>
        <difficult>0</difficult>
        <bndbox>
            <xmin>1423</xmin>
            <ymin>1411</ymin>
            <xmax>1435</xmax>
            <ymax>1423</ymax>
        </bndbox>
    </object>
    <object>
        <name>ex</name>
        <pose>Unspecified</pose>
        <truncated>0</truncated>
        <difficult>0</difficult>
        <bndbox>
            <xmin>1437</xmin>
            <ymin>1355</ymin>
            <xmax>1445</xmax>
            <ymax>1367</ymax>
        </bndbox>
    </object>
    <object>
        <name>ex</name>
        <pose>Unspecified</pose>
        <truncated>0</truncated>
        <difficult>0</difficult>
        <bndbox>
            <xmin>1441</xmin>
            <ymin>1439</ymin>
            <xmax>1449</xmax>
            <ymax>1453</ymax>
        </bndbox>
    </object>
    <object>
        <name>ex</name>
        <pose>Unspecified</pose>
        <truncated>0</truncated>
        <difficult>0</difficult>
        <bndbox>
            <xmin>1445</xmin>
            <ymin>1381</ymin>
            <xmax>1467</xmax>
            <ymax>1399</ymax>
        </bndbox>
    </object>
    <object>
        <name>ex</name>
        <pose>Unspecified</pose>
        <truncated>0</truncated>
        <difficult>0</difficult>
        <bndbox>
            <xmin>1451</xmin>
            <ymin>1465</ymin>
            <xmax>1459</xmax>
            <ymax>1471</ymax>
        </bndbox>
    </object>
    <object>
        <name>ex</name>
        <pose>Unspecified</pose>
        <truncated>0</truncated>
        <difficult>0</difficult>
        <bndbox>
            <xmin>1457</xmin>
            <ymin>1417</ymin>
            <xmax>1463</xmax>
            <ymax>1423</ymax>
        </bndbox>
    </object>
    <object>
        <name>ex</name>
        <pose>Unspecified</pose>
        <truncated>0</truncated>
        <difficult>0</difficult>
        <bndbox>
            <xmin>1461</xmin>
            <ymin>1443</ymin>
            <xmax>1541</xmax>
            <ymax>1511</ymax>
        </bndbox>
    </object>
    <object>
        <name>ex</name>
        <pose>Unspecified</pose>
        <truncated>0</truncated>
        <difficult>0</difficult>
        <bndbox>
            <xmin>1469</xmin>
            <ymin>1399</ymin>
            <xmax>1489</xmax>
            <ymax>1421</ymax>
        </bndbox>
    </object>
    <object>
        <name>ex</name>
        <pose>Unspecified</pose>
        <truncated>0</truncated>
        <difficult>0</difficult>
        <bndbox>
            <xmin>1471</xmin>
            <ymin>1337</ymin>
            <xmax>1479</xmax>
            <ymax>1343</ymax>
        </bndbox>
    </object>
    <object>
        <name>ex</name>
        <pose>Unspecified</pose>
        <truncated>0</truncated>
        <difficult>0</difficult>
        <bndbox>
            <xmin>1479</xmin>
            <ymin>1727</ymin>
            <xmax>1483</xmax>
            <ymax>1731</ymax>
        </bndbox>
    </object>
    <object>
        <name>ex</name>
        <pose>Unspecified</pose>
        <truncated>0</truncated>
        <difficult>0</difficult>
        <bndbox>
            <xmin>1487</xmin>
            <ymin>1723</ymin>
            <xmax>1503</xmax>
            <ymax>1733</ymax>
        </bndbox>
    </object>
    <object>
        <name>ex</name>
        <pose>Unspecified</pose>
        <truncated>0</truncated>
        <difficult>0</difficult>
        <bndbox>
            <xmin>1493</xmin>
            <ymin>1547</ymin>
            <xmax>1527</xmax>
            <ymax>1565</ymax>
        </bndbox>
    </object>
    <object>
        <name>ex</name>
        <pose>Unspecified</pose>
        <truncated>0</truncated>
        <difficult>0</difficult>
        <bndbox>
            <xmin>1503</xmin>
            <ymin>1397</ymin>
            <xmax>1519</xmax>
            <ymax>1409</ymax>
        </bndbox>
    </object>
    <object>
        <name>ex</name>
        <pose>Unspecified</pose>
        <truncated>0</truncated>
        <difficult>0</difficult>
        <bndbox>
            <xmin>1503</xmin>
            <ymin>1507</ymin>
            <xmax>1547</xmax>
            <ymax>1541</ymax>
        </bndbox>
    </object>
    <object>
        <name>ex</name>
        <pose>Unspecified</pose>
        <truncated>0</truncated>
        <difficult>0</difficult>
        <bndbox>
            <xmin>1513</xmin>
            <ymin>1713</ymin>
            <xmax>1521</xmax>
            <ymax>1719</ymax>
        </bndbox>
    </object>
    <object>
        <name>ex</name>
        <pose>Unspecified</pose>
        <truncated>0</truncated>
        <difficult>0</difficult>
        <bndbox>
            <xmin>1521</xmin>
            <ymin>889</ymin>
            <xmax>1529</xmax>
            <ymax>897</ymax>
        </bndbox>
    </object>
    <object>
        <name>ex</name>
        <pose>Unspecified</pose>
        <truncated>0</truncated>
        <difficult>0</difficult>
        <bndbox>
            <xmin>1527</xmin>
            <ymin>1475</ymin>
            <xmax>1553</xmax>
            <ymax>1489</ymax>
        </bndbox>
    </object>
    <object>
        <name>ex</name>
        <pose>Unspecified</pose>
        <truncated>0</truncated>
        <difficult>0</difficult>
        <bndbox>
            <xmin>1529</xmin>
            <ymin>1559</ymin>
            <xmax>1535</xmax>
            <ymax>1569</ymax>
        </bndbox>
    </object>
    <object>
        <name>ex</name>
        <pose>Unspecified</pose>
        <truncated>0</truncated>
        <difficult>0</difficult>
        <bndbox>
            <xmin>1569</xmin>
            <ymin>1511</ymin>
            <xmax>1609</xmax>
            <ymax>1547</ymax>
        </bndbox>
    </object>
    <object>
        <name>ex</name>
        <pose>Unspecified</pose>
        <truncated>0</truncated>
        <difficult>0</difficult>
        <bndbox>
            <xmin>1585</xmin>
            <ymin>979</ymin>
            <xmax>1597</xmax>
            <ymax>1003</ymax>
        </bndbox>
    </object>
    <object>
        <name>ex</name>
        <pose>Unspecified</pose>
        <truncated>0</truncated>
        <difficult>0</difficult>
        <bndbox>
            <xmin>1599</xmin>
            <ymin>1573</ymin>
            <xmax>1609</xmax>
            <ymax>1581</ymax>
        </bndbox>
    </object>
    <object>
        <name>ex</name>
        <pose>Unspecified</pose>
        <truncated>0</truncated>
        <difficult>0</difficult>
        <bndbox>
            <xmin>1619</xmin>
            <ymin>1159</ymin>
            <xmax>1635</xmax>
            <ymax>1169</ymax>
        </bndbox>
    </object>
    <object>
        <name>ex</name>
        <pose>Unspecified</pose>
        <truncated>0</truncated>
        <difficult>0</difficult>
        <bndbox>
            <xmin>1633</xmin>
            <ymin>509</ymin>
            <xmax>1645</xmax>
            <ymax>517</ymax>
        </bndbox>
    </object>
    <object>
        <name>he</name>
        <pose>Unspecified</pose>
        <truncated>0</truncated>
        <difficult>0</difficult>
        <bndbox>
            <xmin>1239</xmin>
            <ymin>277</ymin>
            <xmax>1253</xmax>
            <ymax>287</ymax>
        </bndbox>
    </object>
    <object>
        <name>he</name>
        <pose>Unspecified</pose>
        <truncated>0</truncated>
        <difficult>0</difficult>
        <bndbox>
            <xmin>1447</xmin>
            <ymin>1649</ymin>
            <xmax>1469</xmax>
            <ymax>1657</ymax>
        </bndbox>
    </object>
    <object>
        <name>he</name>
        <pose>Unspecified</pose>
        <truncated>0</truncated>
        <difficult>0</difficult>
        <bndbox>
            <xmin>1473</xmin>
            <ymin>1627</ymin>
            <xmax>1513</xmax>
            <ymax>1635</ymax>
        </bndbox>
    </object>
    <object>
        <name>he</name>
        <pose>Unspecified</pose>
        <truncated>0</truncated>
        <difficult>0</difficult>
        <bndbox>
            <xmin>1747</xmin>
            <ymin>523</ymin>
            <xmax>1767</xmax>
            <ymax>551</ymax>
        </bndbox>
    </object>
    <object>
        <name>he</name>
        <pose>Unspecified</pose>
        <truncated>0</truncated>
        <difficult>0</difficult>
        <bndbox>
            <xmin>1953</xmin>
            <ymin>235</ymin>
            <xmax>1969</xmax>
            <ymax>245</ymax>
        </bndbox>
    </object>
    <object>
        <name>ex</name>
        <pose>Unspecified</pose>
        <truncated>0</truncated>
        <difficult>0</difficult>
        <bndbox>
            <xmin>755</xmin>
            <ymin>721</ymin>
            <xmax>767</xmax>
            <ymax>727</ymax>
        </bndbox>
    </object>
    <object>
        <name>ex</name>
        <pose>Unspecified</pose>
        <truncated>0</truncated>
        <difficult>0</difficult>
        <bndbox>
            <xmin>1151</xmin>
            <ymin>875</ymin>
            <xmax>1159</xmax>
            <ymax>881</ymax>
        </bndbox>
    </object>
    <object>
        <name>ex</name>
        <pose>Unspecified</pose>
        <truncated>0</truncated>
        <difficult>0</difficult>
        <bndbox>
            <xmin>1195</xmin>
            <ymin>1581</ymin>
            <xmax>1209</xmax>
            <ymax>1589</ymax>
        </bndbox>
    </object>
    <object>
        <name>ex</name>
        <pose>Unspecified</pose>
        <truncated>0</truncated>
        <difficult>0</difficult>
        <bndbox>
            <xmin>1263</xmin>
            <ymin>1597</ymin>
            <xmax>1291</xmax>
            <ymax>1617</ymax>
        </bndbox>
    </object>
    <object>
        <name>ex</name>
        <pose>Unspecified</pose>
        <truncated>0</truncated>
        <difficult>0</difficult>
        <bndbox>
            <xmin>1277</xmin>
            <ymin>1559</ymin>
            <xmax>1291</xmax>
            <ymax>1575</ymax>
        </bndbox>
    </object>
    <object>
        <name>ex</name>
        <pose>Unspecified</pose>
        <truncated>0</truncated>
        <difficult>0</difficult>
        <bndbox>
            <xmin>1283</xmin>
            <ymin>1655</ymin>
            <xmax>1317</xmax>
            <ymax>1675</ymax>
        </bndbox>
    </object>
    <object>
        <name>ex</name>
        <pose>Unspecified</pose>
        <truncated>0</truncated>
        <difficult>0</difficult>
        <bndbox>
            <xmin>1297</xmin>
            <ymin>1285</ymin>
            <xmax>1315</xmax>
            <ymax>1305</ymax>
        </bndbox>
    </object>
    <object>
        <name>ex</name>
        <pose>Unspecified</pose>
        <truncated>0</truncated>
        <difficult>0</difficult>
        <bndbox>
            <xmin>1297</xmin>
            <ymin>1575</ymin>
            <xmax>1313</xmax>
            <ymax>1587</ymax>
        </bndbox>
    </object>
    <object>
        <name>ex</name>
        <pose>Unspecified</pose>
        <truncated>0</truncated>
        <difficult>0</difficult>
        <bndbox>
            <xmin>1297</xmin>
            <ymin>1621</ymin>
            <xmax>1309</xmax>
            <ymax>1629</ymax>
        </bndbox>
    </object>
    <object>
        <name>ex</name>
        <pose>Unspecified</pose>
        <truncated>0</truncated>
        <difficult>0</difficult>
        <bndbox>
            <xmin>1299</xmin>
            <ymin>1453</ymin>
            <xmax>1303</xmax>
            <ymax>1457</ymax>
        </bndbox>
    </object>
    <object>
        <name>ex</name>
        <pose>Unspecified</pose>
        <truncated>0</truncated>
        <difficult>0</difficult>
        <bndbox>
            <xmin>1307</xmin>
            <ymin>1701</ymin>
            <xmax>1315</xmax>
            <ymax>1707</ymax>
        </bndbox>
    </object>
    <object>
        <name>ex</name>
        <pose>Unspecified</pose>
        <truncated>0</truncated>
        <difficult>0</difficult>
        <bndbox>
            <xmin>1311</xmin>
            <ymin>1455</ymin>
            <xmax>1331</xmax>
            <ymax>1469</ymax>
        </bndbox>
    </object>
    <object>
        <name>ex</name>
        <pose>Unspecified</pose>
        <truncated>0</truncated>
        <difficult>0</difficult>
        <bndbox>
            <xmin>1317</xmin>
            <ymin>1687</ymin>
            <xmax>1335</xmax>
            <ymax>1705</ymax>
        </bndbox>
    </object>
    <object>
        <name>ex</name>
        <pose>Unspecified</pose>
        <truncated>0</truncated>
        <difficult>0</difficult>
        <bndbox>
            <xmin>1319</xmin>
            <ymin>1239</ymin>
            <xmax>1351</xmax>
            <ymax>1283</ymax>
        </bndbox>
    </object>
    <object>
        <name>ex</name>
        <pose>Unspecified</pose>
        <truncated>0</truncated>
        <difficult>0</difficult>
        <bndbox>
            <xmin>1319</xmin>
            <ymin>1385</ymin>
            <xmax>1333</xmax>
            <ymax>1395</ymax>
        </bndbox>
    </object>
    <object>
        <name>ex</name>
        <pose>Unspecified</pose>
        <truncated>0</truncated>
        <difficult>0</difficult>
        <bndbox>
            <xmin>1321</xmin>
            <ymin>1483</ymin>
            <xmax>1365</xmax>
            <ymax>1527</ymax>
        </bndbox>
    </object>
    <object>
        <name>ex</name>
        <pose>Unspecified</pose>
        <truncated>0</truncated>
        <difficult>0</difficult>
        <bndbox>
            <xmin>1321</xmin>
            <ymin>1613</ymin>
            <xmax>1337</xmax>
            <ymax>1623</ymax>
        </bndbox>
    </object>
    <object>
        <name>ex</name>
        <pose>Unspecified</pose>
        <truncated>0</truncated>
        <difficult>0</difficult>
        <bndbox>
            <xmin>1331</xmin>
            <ymin>1401</ymin>
            <xmax>1353</xmax>
            <ymax>1419</ymax>
        </bndbox>
    </object>
    <object>
        <name>ex</name>
        <pose>Unspecified</pose>
        <truncated>0</truncated>
        <difficult>0</difficult>
        <bndbox>
            <xmin>1343</xmin>
            <ymin>1449</ymin>
            <xmax>1353</xmax>
            <ymax>1463</ymax>
        </bndbox>
    </object>
    <object>
        <name>ex</name>
        <pose>Unspecified</pose>
        <truncated>0</truncated>
        <difficult>0</difficult>
        <bndbox>
            <xmin>1343</xmin>
            <ymin>1599</ymin>
            <xmax>1351</xmax>
            <ymax>1607</ymax>
        </bndbox>
    </object>
    <object>
        <name>ex</name>
        <pose>Unspecified</pose>
        <truncated>0</truncated>
        <difficult>0</difficult>
        <bndbox>
            <xmin>1353</xmin>
            <ymin>1427</ymin>
            <xmax>1371</xmax>
            <ymax>1437</ymax>
        </bndbox>
    </object>
    <object>
        <name>ex</name>
        <pose>Unspecified</pose>
        <truncated>0</truncated>
        <difficult>0</difficult>
        <bndbox>
            <xmin>1353</xmin>
            <ymin>1507</ymin>
            <xmax>1403</xmax>
            <ymax>1559</ymax>
        </bndbox>
    </object>
    <object>
        <name>ex</name>
        <pose>Unspecified</pose>
        <truncated>0</truncated>
        <difficult>0</difficult>
        <bndbox>
            <xmin>1353</xmin>
            <ymin>1699</ymin>
            <xmax>1361</xmax>
            <ymax>1703</ymax>
        </bndbox>
    </object>
    <object>
        <name>ex</name>
        <pose>Unspecified</pose>
        <truncated>0</truncated>
        <difficult>0</difficult>
        <bndbox>
            <xmin>1357</xmin>
            <ymin>1737</ymin>
            <xmax>1363</xmax>
            <ymax>1741</ymax>
        </bndbox>
    </object>
    <object>
        <name>ex</name>
        <pose>Unspecified</pose>
        <truncated>0</truncated>
        <difficult>0</difficult>
        <bndbox>
            <xmin>1371</xmin>
            <ymin>1607</ymin>
            <xmax>1385</xmax>
            <ymax>1615</ymax>
        </bndbox>
    </object>
    <object>
        <name>ex</name>
        <pose>Unspecified</pose>
        <truncated>0</truncated>
        <difficult>0</difficult>
        <bndbox>
            <xmin>1375</xmin>
            <ymin>1487</ymin>
            <xmax>1383</xmax>
            <ymax>1497</ymax>
        </bndbox>
    </object>
    <object>
        <name>ex</name>
        <pose>Unspecified</pose>
        <truncated>0</truncated>
        <difficult>0</difficult>
        <bndbox>
            <xmin>1383</xmin>
            <ymin>1365</ymin>
            <xmax>1407</xmax>
            <ymax>1381</ymax>
        </bndbox>
    </object>
    <object>
        <name>ex</name>
        <pose>Unspecified</pose>
        <truncated>0</truncated>
        <difficult>0</difficult>
        <bndbox>
            <xmin>1385</xmin>
            <ymin>1137</ymin>
            <xmax>1419</xmax>
            <ymax>1181</ymax>
        </bndbox>
    </object>
    <object>
        <name>ex</name>
        <pose>Unspecified</pose>
        <truncated>0</truncated>
        <difficult>0</difficult>
        <bndbox>
            <xmin>1385</xmin>
            <ymin>1777</ymin>
            <xmax>1389</xmax>
            <ymax>1781</ymax>
        </bndbox>
    </object>
    <object>
        <name>ex</name>
        <pose>Unspecified</pose>
        <truncated>0</truncated>
        <difficult>0</difficult>
        <bndbox>
            <xmin>1387</xmin>
            <ymin>1339</ymin>
            <xmax>1403</xmax>
            <ymax>1359</ymax>
        </bndbox>
    </object>
    <object>
        <name>ex</name>
        <pose>Unspecified</pose>
        <truncated>0</truncated>
        <difficult>0</difficult>
        <bndbox>
            <xmin>1389</xmin>
            <ymin>1125</ymin>
            <xmax>1391</xmax>
            <ymax>1129</ymax>
        </bndbox>
    </object>
    <object>
        <name>ex</name>
        <pose>Unspecified</pose>
        <truncated>0</truncated>
        <difficult>0</difficult>
        <bndbox>
            <xmin>1389</xmin>
            <ymin>1449</ymin>
            <xmax>1411</xmax>
            <ymax>1465</ymax>
        </bndbox>
    </object>
    <object>
        <name>ex</name>
        <pose>Unspecified</pose>
        <truncated>0</truncated>
        <difficult>0</difficult>
        <bndbox>
            <xmin>1395</xmin>
            <ymin>1131</ymin>
            <xmax>1399</xmax>
            <ymax>1135</ymax>
        </bndbox>
    </object>
    <object>
        <name>ex</name>
        <pose>Unspecified</pose>
        <truncated>0</truncated>
        <difficult>0</difficult>
        <bndbox>
            <xmin>1395</xmin>
            <ymin>1183</ymin>
            <xmax>1401</xmax>
            <ymax>1189</ymax>
        </bndbox>
    </object>
    <object>
        <name>ex</name>
        <pose>Unspecified</pose>
        <truncated>0</truncated>
        <difficult>0</difficult>
        <bndbox>
            <xmin>1399</xmin>
            <ymin>1109</ymin>
            <xmax>1405</xmax>
            <ymax>1115</ymax>
        </bndbox>
    </object>
    <object>
        <name>ex</name>
        <pose>Unspecified</pose>
        <truncated>0</truncated>
        <difficult>0</difficult>
        <bndbox>
            <xmin>1399</xmin>
            <ymin>1415</ymin>
            <xmax>1413</xmax>
            <ymax>1423</ymax>
        </bndbox>
    </object>
    <object>
        <name>ex</name>
        <pose>Unspecified</pose>
        <truncated>0</truncated>
        <difficult>0</difficult>
        <bndbox>
            <xmin>1403</xmin>
            <ymin>1189</ymin>
            <xmax>1409</xmax>
            <ymax>1195</ymax>
        </bndbox>
    </object>
    <object>
        <name>ex</name>
        <pose>Unspecified</pose>
        <truncated>0</truncated>
        <difficult>0</difficult>
        <bndbox>
            <xmin>1405</xmin>
            <ymin>1473</ymin>
            <xmax>1427</xmax>
            <ymax>1499</ymax>
        </bndbox>
    </object>
    <object>
        <name>ex</name>
        <pose>Unspecified</pose>
        <truncated>0</truncated>
        <difficult>0</difficult>
        <bndbox>
            <xmin>1405</xmin>
            <ymin>1741</ymin>
            <xmax>1415</xmax>
            <ymax>1749</ymax>
        </bndbox>
    </object>
    <object>
        <name>ex</name>
        <pose>Unspecified</pose>
        <truncated>0</truncated>
        <difficult>0</difficult>
        <bndbox>
            <xmin>1409</xmin>
            <ymin>1123</ymin>
            <xmax>1417</xmax>
            <ymax>1129</ymax>
        </bndbox>
    </object>
    <object>
        <name>ex</name>
        <pose>Unspecified</pose>
        <truncated>0</truncated>
        <difficult>0</difficult>
        <bndbox>
            <xmin>1409</xmin>
            <ymin>1383</ymin>
            <xmax>1425</xmax>
            <ymax>1397</ymax>
        </bndbox>
    </object>
    <object>
        <name>ex</name>
        <pose>Unspecified</pose>
        <truncated>0</truncated>
        <difficult>0</difficult>
        <bndbox>
            <xmin>1411</xmin>
            <ymin>1169</ymin>
            <xmax>1413</xmax>
            <ymax>1173</ymax>
        </bndbox>
    </object>
    <object>
        <name>ex</name>
        <pose>Unspecified</pose>
        <truncated>0</truncated>
        <difficult>0</difficult>
        <bndbox>
            <xmin>1413</xmin>
            <ymin>1577</ymin>
            <xmax>1431</xmax>
            <ymax>1591</ymax>
        </bndbox>
    </object>
    <object>
        <name>ex</name>
        <pose>Unspecified</pose>
        <truncated>0</truncated>
        <difficult>0</difficult>
        <bndbox>
            <xmin>1415</xmin>
            <ymin>1537</ymin>
            <xmax>1425</xmax>
            <ymax>1545</ymax>
        </bndbox>
    </object>
    <object>
        <name>ex</name>
        <pose>Unspecified</pose>
        <truncated>0</truncated>
        <difficult>0</difficult>
        <bndbox>
            <xmin>1417</xmin>
            <ymin>1733</ymin>
            <xmax>1423</xmax>
            <ymax>1737</ymax>
        </bndbox>
    </object>
    <object>
        <name>ex</name>
        <pose>Unspecified</pose>
        <truncated>0</truncated>
        <difficult>0</difficult>
        <bndbox>
            <xmin>1421</xmin>
            <ymin>1161</ymin>
            <xmax>1439</xmax>
            <ymax>1179</ymax>
        </bndbox>
    </object>
    <object>
        <name>ex</name>
        <pose>Unspecified</pose>
        <truncated>0</truncated>
        <difficult>0</difficult>
        <bndbox>
            <xmin>1423</xmin>
            <ymin>1411</ymin>
            <xmax>1435</xmax>
            <ymax>1423</ymax>
        </bndbox>
    </object>
    <object>
        <name>ex</name>
        <pose>Unspecified</pose>
        <truncated>0</truncated>
        <difficult>0</difficult>
        <bndbox>
            <xmin>1437</xmin>
            <ymin>1355</ymin>
            <xmax>1445</xmax>
            <ymax>1367</ymax>
        </bndbox>
    </object>
    <object>
        <name>ex</name>
        <pose>Unspecified</pose>
        <truncated>0</truncated>
        <difficult>0</difficult>
        <bndbox>
            <xmin>1441</xmin>
            <ymin>1439</ymin>
            <xmax>1449</xmax>
            <ymax>1453</ymax>
        </bndbox>
    </object>
    <object>
        <name>ex</name>
        <pose>Unspecified</pose>
        <truncated>0</truncated>
        <difficult>0</difficult>
        <bndbox>
            <xmin>1445</xmin>
            <ymin>1381</ymin>
            <xmax>1467</xmax>
            <ymax>1399</ymax>
        </bndbox>
    </object>
    <object>
        <name>ex</name>
        <pose>Unspecified</pose>
        <truncated>0</truncated>
        <difficult>0</difficult>
        <bndbox>
            <xmin>1451</xmin>
            <ymin>1465</ymin>
            <xmax>1459</xmax>
            <ymax>1471</ymax>
        </bndbox>
    </object>
    <object>
        <name>ex</name>
        <pose>Unspecified</pose>
        <truncated>0</truncated>
        <difficult>0</difficult>
        <bndbox>
            <xmin>1457</xmin>
            <ymin>1417</ymin>
            <xmax>1463</xmax>
            <ymax>1423</ymax>
        </bndbox>
    </object>
    <object>
        <name>ex</name>
        <pose>Unspecified</pose>
        <truncated>0</truncated>
        <difficult>0</difficult>
        <bndbox>
            <xmin>1461</xmin>
            <ymin>1443</ymin>
            <xmax>1541</xmax>
            <ymax>1511</ymax>
        </bndbox>
    </object>
    <object>
        <name>ex</name>
        <pose>Unspecified</pose>
        <truncated>0</truncated>
        <difficult>0</difficult>
        <bndbox>
            <xmin>1469</xmin>
            <ymin>1399</ymin>
            <xmax>1489</xmax>
            <ymax>1421</ymax>
        </bndbox>
    </object>
    <object>
        <name>ex</name>
        <pose>Unspecified</pose>
        <truncated>0</truncated>
        <difficult>0</difficult>
        <bndbox>
            <xmin>1471</xmin>
            <ymin>1337</ymin>
            <xmax>1479</xmax>
            <ymax>1343</ymax>
        </bndbox>
    </object>
    <object>
        <name>ex</name>
        <pose>Unspecified</pose>
        <truncated>0</truncated>
        <difficult>0</difficult>
        <bndbox>
            <xmin>1479</xmin>
            <ymin>1727</ymin>
            <xmax>1483</xmax>
            <ymax>1731</ymax>
        </bndbox>
    </object>
    <object>
        <name>ex</name>
        <pose>Unspecified</pose>
        <truncated>0</truncated>
        <difficult>0</difficult>
        <bndbox>
            <xmin>1487</xmin>
            <ymin>1723</ymin>
            <xmax>1503</xmax>
            <ymax>1733</ymax>
        </bndbox>
    </object>
    <object>
        <name>ex</name>
        <pose>Unspecified</pose>
        <truncated>0</truncated>
        <difficult>0</difficult>
        <bndbox>
            <xmin>1493</xmin>
            <ymin>1547</ymin>
            <xmax>1527</xmax>
            <ymax>1565</ymax>
        </bndbox>
    </object>
    <object>
        <name>ex</name>
        <pose>Unspecified</pose>
        <truncated>0</truncated>
        <difficult>0</difficult>
        <bndbox>
            <xmin>1503</xmin>
            <ymin>1397</ymin>
            <xmax>1519</xmax>
            <ymax>1409</ymax>
        </bndbox>
    </object>
    <object>
        <name>ex</name>
        <pose>Unspecified</pose>
        <truncated>0</truncated>
        <difficult>0</difficult>
        <bndbox>
            <xmin>1503</xmin>
            <ymin>1507</ymin>
            <xmax>1547</xmax>
            <ymax>1541</ymax>
        </bndbox>
    </object>
    <object>
        <name>ex</name>
        <pose>Unspecified</pose>
        <truncated>0</truncated>
        <difficult>0</difficult>
        <bndbox>
            <xmin>1513</xmin>
            <ymin>1713</ymin>
            <xmax>1521</xmax>
            <ymax>1719</ymax>
        </bndbox>
    </object>
    <object>
        <name>ex</name>
        <pose>Unspecified</pose>
        <truncated>0</truncated>
        <difficult>0</difficult>
        <bndbox>
            <xmin>1521</xmin>
            <ymin>889</ymin>
            <xmax>1529</xmax>
            <ymax>897</ymax>
        </bndbox>
    </object>
    <object>
        <name>ex</name>
        <pose>Unspecified</pose>
        <truncated>0</truncated>
        <difficult>0</difficult>
        <bndbox>
            <xmin>1527</xmin>
            <ymin>1475</ymin>
            <xmax>1553</xmax>
            <ymax>1489</ymax>
        </bndbox>
    </object>
    <object>
        <name>ex</name>
        <pose>Unspecified</pose>
        <truncated>0</truncated>
        <difficult>0</difficult>
        <bndbox>
            <xmin>1529</xmin>
            <ymin>1559</ymin>
            <xmax>1535</xmax>
            <ymax>1569</ymax>
        </bndbox>
    </object>
    <object>
        <name>ex</name>
        <pose>Unspecified</pose>
        <truncated>0</truncated>
        <difficult>0</difficult>
        <bndbox>
            <xmin>1569</xmin>
            <ymin>1511</ymin>
            <xmax>1609</xmax>
            <ymax>1547</ymax>
        </bndbox>
    </object>
    <object>
        <name>ex</name>
        <pose>Unspecified</pose>
        <truncated>0</truncated>
        <difficult>0</difficult>
        <bndbox>
            <xmin>1585</xmin>
            <ymin>979</ymin>
            <xmax>1597</xmax>
            <ymax>1003</ymax>
        </bndbox>
    </object>
    <object>
        <name>ex</name>
        <pose>Unspecified</pose>
        <truncated>0</truncated>
        <difficult>0</difficult>
        <bndbox>
            <xmin>1599</xmin>
            <ymin>1573</ymin>
            <xmax>1609</xmax>
            <ymax>1581</ymax>
        </bndbox>
    </object>
    <object>
        <name>ex</name>
        <pose>Unspecified</pose>
        <truncated>0</truncated>
        <difficult>0</difficult>
        <bndbox>
            <xmin>1619</xmin>
            <ymin>1159</ymin>
            <xmax>1635</xmax>
            <ymax>1169</ymax>
        </bndbox>
    </object>
    <object>
        <name>ex</name>
        <pose>Unspecified</pose>
        <truncated>0</truncated>
        <difficult>0</difficult>
        <bndbox>
            <xmin>1633</xmin>
            <ymin>509</ymin>
            <xmax>1645</xmax>
            <ymax>517</ymax>
        </bndbox>
    </object>
</annotation>